ID,name,generation,height,weight,baseExperience,isDefault,color,shape,habitat,isLegendary,image
1,Bulbasaur,1,70,6.9,64,True,green,quadruped,grassland,False,https://raw.githubusercontent.com/PokeAPI/sprites/master/sprites/pokemon/other/official-artwork/1.png
2,Ivysaur,1,100,13.0,142,True,green,quadruped,grassland,False,https://raw.githubusercontent.com/PokeAPI/sprites/master/sprites/pokemon/other/official-artwork/2.png
3,Venusaur,1,200,100.0,263,True,green,quadruped,grassland,False,https://raw.githubusercontent.com/PokeAPI/sprites/master/sprites/pokemon/other/official-artwork/3.png
4,Charmander,1,60,8.5,62,True,red,upright,mountain,False,https://raw.githubusercontent.com/PokeAPI/sprites/master/sprites/pokemon/other/official-artwork/4.png
5,Charmeleon,1,110,19.0,142,True,red,upright,mountain,False,https://raw.githubusercontent.com/PokeAPI/sprites/master/sprites/pokemon/other/official-artwork/5.png
6,Charizard,1,170,90.5,267,True,red,upright,mountain,False,https://raw.githubusercontent.com/PokeAPI/sprites/master/sprites/pokemon/other/official-artwork/6.png
7,Squirtle,1,50,9.0,63,True,blue,upright,waters-edge,False,https://raw.githubusercontent.com/PokeAPI/sprites/master/sprites/pokemon/other/official-artwork/7.png
8,Wartortle,1,100,22.5,142,True,blue,upright,waters-edge,False,https://raw.githubusercontent.com/PokeAPI/sprites/master/sprites/pokemon/other/official-artwork/8.png
9,Blastoise,1,160,85.5,265,True,blue,upright,waters-edge,False,https://raw.githubusercontent.com/PokeAPI/sprites/master/sprites/pokemon/other/official-artwork/9.png
10,Caterpie,1,30,2.9,39,True,green,armor,forest,False,https://raw.githubusercontent.com/PokeAPI/sprites/master/sprites/pokemon/other/official-artwork/10.png
11,Metapod,1,70,9.9,72,True,green,squiggle,forest,False,https://raw.githubusercontent.com/PokeAPI/sprites/master/sprites/pokemon/other/official-artwork/11.png
12,Butterfree,1,110,32.0,198,True,white,bug-wings,forest,False,https://raw.githubusercontent.com/PokeAPI/sprites/master/sprites/pokemon/other/official-artwork/12.png
13,Weedle,1,30,3.2,39,True,brown,armor,forest,False,https://raw.githubusercontent.com/PokeAPI/sprites/master/sprites/pokemon/other/official-artwork/13.png
14,Kakuna,1,60,10.0,72,True,yellow,squiggle,forest,False,https://raw.githubusercontent.com/PokeAPI/sprites/master/sprites/pokemon/other/official-artwork/14.png
15,Beedrill,1,100,29.5,178,True,yellow,bug-wings,forest,False,https://raw.githubusercontent.com/PokeAPI/sprites/master/sprites/pokemon/other/official-artwork/15.png
16,Pidgey,1,30,1.8,50,True,brown,wings,forest,False,https://raw.githubusercontent.com/PokeAPI/sprites/master/sprites/pokemon/other/official-artwork/16.png
17,Pidgeotto,1,110,30.0,122,True,brown,wings,forest,False,https://raw.githubusercontent.com/PokeAPI/sprites/master/sprites/pokemon/other/official-artwork/17.png
18,Pidgeot,1,150,39.5,216,True,brown,wings,forest,False,https://raw.githubusercontent.com/PokeAPI/sprites/master/sprites/pokemon/other/official-artwork/18.png
19,Rattata,1,30,3.5,51,True,purple,quadruped,grassland,False,https://raw.githubusercontent.com/PokeAPI/sprites/master/sprites/pokemon/other/official-artwork/19.png
20,Raticate,1,70,18.5,145,True,brown,quadruped,grassland,False,https://raw.githubusercontent.com/PokeAPI/sprites/master/sprites/pokemon/other/official-artwork/20.png
21,Spearow,1,30,2.0,52,True,brown,wings,rough-terrain,False,https://raw.githubusercontent.com/PokeAPI/sprites/master/sprites/pokemon/other/official-artwork/21.png
22,Fearow,1,120,38.0,155,True,brown,wings,rough-terrain,False,https://raw.githubusercontent.com/PokeAPI/sprites/master/sprites/pokemon/other/official-artwork/22.png
23,Ekans,1,200,6.9,58,True,purple,squiggle,grassland,False,https://raw.githubusercontent.com/PokeAPI/sprites/master/sprites/pokemon/other/official-artwork/23.png
24,Arbok,1,350,65.0,157,True,purple,squiggle,grassland,False,https://raw.githubusercontent.com/PokeAPI/sprites/master/sprites/pokemon/other/official-artwork/24.png
25,Pikachu,1,40,6.0,112,True,yellow,quadruped,forest,False,https://raw.githubusercontent.com/PokeAPI/sprites/master/sprites/pokemon/other/official-artwork/25.png
26,Raichu,1,80,30.0,243,True,yellow,upright,forest,False,https://raw.githubusercontent.com/PokeAPI/sprites/master/sprites/pokemon/other/official-artwork/26.png
27,Sandshrew,1,60,12.0,60,True,yellow,upright,rough-terrain,False,https://raw.githubusercontent.com/PokeAPI/sprites/master/sprites/pokemon/other/official-artwork/27.png
28,Sandslash,1,100,29.5,158,True,yellow,upright,rough-terrain,False,https://raw.githubusercontent.com/PokeAPI/sprites/master/sprites/pokemon/other/official-artwork/28.png
29,Nidoran-f,1,40,7.0,55,True,blue,quadruped,grassland,False,https://raw.githubusercontent.com/PokeAPI/sprites/master/sprites/pokemon/other/official-artwork/29.png
30,Nidorina,1,80,20.0,128,True,blue,quadruped,grassland,False,https://raw.githubusercontent.com/PokeAPI/sprites/master/sprites/pokemon/other/official-artwork/30.png
31,Nidoqueen,1,130,60.0,253,True,blue,upright,grassland,False,https://raw.githubusercontent.com/PokeAPI/sprites/master/sprites/pokemon/other/official-artwork/31.png
32,Nidoran-m,1,50,9.0,55,True,purple,quadruped,grassland,False,https://raw.githubusercontent.com/PokeAPI/sprites/master/sprites/pokemon/other/official-artwork/32.png
33,Nidorino,1,90,19.5,128,True,purple,quadruped,grassland,False,https://raw.githubusercontent.com/PokeAPI/sprites/master/sprites/pokemon/other/official-artwork/33.png
34,Nidoking,1,140,62.0,253,True,purple,upright,grassland,False,https://raw.githubusercontent.com/PokeAPI/sprites/master/sprites/pokemon/other/official-artwork/34.png
35,Clefairy,1,60,7.5,113,True,pink,upright,mountain,False,https://raw.githubusercontent.com/PokeAPI/sprites/master/sprites/pokemon/other/official-artwork/35.png
36,Clefable,1,130,40.0,242,True,pink,upright,mountain,False,https://raw.githubusercontent.com/PokeAPI/sprites/master/sprites/pokemon/other/official-artwork/36.png
37,Vulpix,1,60,9.9,60,True,brown,quadruped,grassland,False,https://raw.githubusercontent.com/PokeAPI/sprites/master/sprites/pokemon/other/official-artwork/37.png
38,Ninetales,1,110,19.9,177,True,yellow,quadruped,grassland,False,https://raw.githubusercontent.com/PokeAPI/sprites/master/sprites/pokemon/other/official-artwork/38.png
39,Jigglypuff,1,50,5.5,95,True,pink,humanoid,grassland,False,https://raw.githubusercontent.com/PokeAPI/sprites/master/sprites/pokemon/other/official-artwork/39.png
40,Wigglytuff,1,100,12.0,218,True,pink,humanoid,grassland,False,https://raw.githubusercontent.com/PokeAPI/sprites/master/sprites/pokemon/other/official-artwork/40.png
41,Zubat,1,80,7.5,49,True,purple,wings,cave,False,https://raw.githubusercontent.com/PokeAPI/sprites/master/sprites/pokemon/other/official-artwork/41.png
42,Golbat,1,160,55.0,159,True,purple,wings,cave,False,https://raw.githubusercontent.com/PokeAPI/sprites/master/sprites/pokemon/other/official-artwork/42.png
43,Oddish,1,50,5.4,64,True,blue,legs,grassland,False,https://raw.githubusercontent.com/PokeAPI/sprites/master/sprites/pokemon/other/official-artwork/43.png
44,Gloom,1,80,8.6,138,True,blue,humanoid,grassland,False,https://raw.githubusercontent.com/PokeAPI/sprites/master/sprites/pokemon/other/official-artwork/44.png
45,Vileplume,1,120,18.6,245,True,red,humanoid,grassland,False,https://raw.githubusercontent.com/PokeAPI/sprites/master/sprites/pokemon/other/official-artwork/45.png
46,Paras,1,30,5.4,57,True,red,armor,forest,False,https://raw.githubusercontent.com/PokeAPI/sprites/master/sprites/pokemon/other/official-artwork/46.png
47,Parasect,1,100,29.5,142,True,red,armor,forest,False,https://raw.githubusercontent.com/PokeAPI/sprites/master/sprites/pokemon/other/official-artwork/47.png
48,Venonat,1,100,30.0,61,True,purple,humanoid,forest,False,https://raw.githubusercontent.com/PokeAPI/sprites/master/sprites/pokemon/other/official-artwork/48.png
49,Venomoth,1,150,12.5,158,True,purple,bug-wings,forest,False,https://raw.githubusercontent.com/PokeAPI/sprites/master/sprites/pokemon/other/official-artwork/49.png
50,Diglett,1,20,0.8,53,True,brown,blob,cave,False,https://raw.githubusercontent.com/PokeAPI/sprites/master/sprites/pokemon/other/official-artwork/50.png
51,Dugtrio,1,70,33.3,149,True,brown,heads,cave,False,https://raw.githubusercontent.com/PokeAPI/sprites/master/sprites/pokemon/other/official-artwork/51.png
52,Meowth,1,40,4.2,58,True,yellow,quadruped,urban,False,https://raw.githubusercontent.com/PokeAPI/sprites/master/sprites/pokemon/other/official-artwork/52.png
53,Persian,1,100,32.0,154,True,yellow,quadruped,urban,False,https://raw.githubusercontent.com/PokeAPI/sprites/master/sprites/pokemon/other/official-artwork/53.png
54,Psyduck,1,80,19.6,64,True,yellow,upright,waters-edge,False,https://raw.githubusercontent.com/PokeAPI/sprites/master/sprites/pokemon/other/official-artwork/54.png
55,Golduck,1,170,76.6,175,True,blue,upright,waters-edge,False,https://raw.githubusercontent.com/PokeAPI/sprites/master/sprites/pokemon/other/official-artwork/55.png
56,Mankey,1,50,28.0,61,True,brown,upright,mountain,False,https://raw.githubusercontent.com/PokeAPI/sprites/master/sprites/pokemon/other/official-artwork/56.png
57,Primeape,1,100,32.0,159,True,brown,upright,mountain,False,https://raw.githubusercontent.com/PokeAPI/sprites/master/sprites/pokemon/other/official-artwork/57.png
58,Growlithe,1,70,19.0,70,True,brown,quadruped,grassland,False,https://raw.githubusercontent.com/PokeAPI/sprites/master/sprites/pokemon/other/official-artwork/58.png
59,Arcanine,1,190,155.0,194,True,brown,quadruped,grassland,False,https://raw.githubusercontent.com/PokeAPI/sprites/master/sprites/pokemon/other/official-artwork/59.png
60,Poliwag,1,60,12.4,60,True,blue,legs,waters-edge,False,https://raw.githubusercontent.com/PokeAPI/sprites/master/sprites/pokemon/other/official-artwork/60.png
61,Poliwhirl,1,100,20.0,135,True,blue,humanoid,waters-edge,False,https://raw.githubusercontent.com/PokeAPI/sprites/master/sprites/pokemon/other/official-artwork/61.png
62,Poliwrath,1,130,54.0,255,True,blue,humanoid,waters-edge,False,https://raw.githubusercontent.com/PokeAPI/sprites/master/sprites/pokemon/other/official-artwork/62.png
63,Abra,1,90,19.5,62,True,brown,upright,urban,False,https://raw.githubusercontent.com/PokeAPI/sprites/master/sprites/pokemon/other/official-artwork/63.png
64,Kadabra,1,130,56.5,140,True,brown,upright,urban,False,https://raw.githubusercontent.com/PokeAPI/sprites/master/sprites/pokemon/other/official-artwork/64.png
65,Alakazam,1,150,48.0,250,True,brown,humanoid,urban,False,https://raw.githubusercontent.com/PokeAPI/sprites/master/sprites/pokemon/other/official-artwork/65.png
66,Machop,1,80,19.5,61,True,gray,upright,mountain,False,https://raw.githubusercontent.com/PokeAPI/sprites/master/sprites/pokemon/other/official-artwork/66.png
67,Machoke,1,150,70.5,142,True,gray,humanoid,mountain,False,https://raw.githubusercontent.com/PokeAPI/sprites/master/sprites/pokemon/other/official-artwork/67.png
68,Machamp,1,160,130.0,253,True,gray,humanoid,mountain,False,https://raw.githubusercontent.com/PokeAPI/sprites/master/sprites/pokemon/other/official-artwork/68.png
69,Bellsprout,1,70,4.0,60,True,green,humanoid,forest,False,https://raw.githubusercontent.com/PokeAPI/sprites/master/sprites/pokemon/other/official-artwork/69.png
70,Weepinbell,1,100,6.4,137,True,green,blob,forest,False,https://raw.githubusercontent.com/PokeAPI/sprites/master/sprites/pokemon/other/official-artwork/70.png
71,Victreebel,1,170,15.5,221,True,green,blob,forest,False,https://raw.githubusercontent.com/PokeAPI/sprites/master/sprites/pokemon/other/official-artwork/71.png
72,Tentacool,1,90,45.5,67,True,blue,tentacles,sea,False,https://raw.githubusercontent.com/PokeAPI/sprites/master/sprites/pokemon/other/official-artwork/72.png
73,Tentacruel,1,160,55.0,180,True,blue,tentacles,sea,False,https://raw.githubusercontent.com/PokeAPI/sprites/master/sprites/pokemon/other/official-artwork/73.png
74,Geodude,1,40,20.0,60,True,brown,arms,mountain,False,https://raw.githubusercontent.com/PokeAPI/sprites/master/sprites/pokemon/other/official-artwork/74.png
75,Graveler,1,100,105.0,137,True,brown,humanoid,mountain,False,https://raw.githubusercontent.com/PokeAPI/sprites/master/sprites/pokemon/other/official-artwork/75.png
76,Golem,1,140,300.0,223,True,brown,humanoid,mountain,False,https://raw.githubusercontent.com/PokeAPI/sprites/master/sprites/pokemon/other/official-artwork/76.png
77,Ponyta,1,100,30.0,82,True,yellow,quadruped,grassland,False,https://raw.githubusercontent.com/PokeAPI/sprites/master/sprites/pokemon/other/official-artwork/77.png
78,Rapidash,1,170,95.0,175,True,yellow,quadruped,grassland,False,https://raw.githubusercontent.com/PokeAPI/sprites/master/sprites/pokemon/other/official-artwork/78.png
79,Slowpoke,1,120,36.0,63,True,pink,quadruped,waters-edge,False,https://raw.githubusercontent.com/PokeAPI/sprites/master/sprites/pokemon/other/official-artwork/79.png
80,Slowbro,1,160,78.5,172,True,pink,upright,waters-edge,False,https://raw.githubusercontent.com/PokeAPI/sprites/master/sprites/pokemon/other/official-artwork/80.png
81,Magnemite,1,30,6.0,65,True,gray,arms,rough-terrain,False,https://raw.githubusercontent.com/PokeAPI/sprites/master/sprites/pokemon/other/official-artwork/81.png
82,Magneton,1,100,60.0,163,True,gray,heads,rough-terrain,False,https://raw.githubusercontent.com/PokeAPI/sprites/master/sprites/pokemon/other/official-artwork/82.png
83,Farfetchd,1,80,15.0,132,True,brown,wings,grassland,False,https://raw.githubusercontent.com/PokeAPI/sprites/master/sprites/pokemon/other/official-artwork/83.png
84,Doduo,1,140,39.2,62,True,brown,legs,grassland,False,https://raw.githubusercontent.com/PokeAPI/sprites/master/sprites/pokemon/other/official-artwork/84.png
85,Dodrio,1,180,85.2,165,True,brown,legs,grassland,False,https://raw.githubusercontent.com/PokeAPI/sprites/master/sprites/pokemon/other/official-artwork/85.png
86,Seel,1,110,90.0,65,True,white,fish,sea,False,https://raw.githubusercontent.com/PokeAPI/sprites/master/sprites/pokemon/other/official-artwork/86.png
87,Dewgong,1,170,120.0,166,True,white,fish,sea,False,https://raw.githubusercontent.com/PokeAPI/sprites/master/sprites/pokemon/other/official-artwork/87.png
88,Grimer,1,90,30.0,65,True,purple,arms,urban,False,https://raw.githubusercontent.com/PokeAPI/sprites/master/sprites/pokemon/other/official-artwork/88.png
89,Muk,1,120,30.0,175,True,purple,arms,urban,False,https://raw.githubusercontent.com/PokeAPI/sprites/master/sprites/pokemon/other/official-artwork/89.png
90,Shellder,1,30,4.0,61,True,purple,ball,sea,False,https://raw.githubusercontent.com/PokeAPI/sprites/master/sprites/pokemon/other/official-artwork/90.png
91,Cloyster,1,150,132.5,184,True,purple,ball,sea,False,https://raw.githubusercontent.com/PokeAPI/sprites/master/sprites/pokemon/other/official-artwork/91.png
92,Gastly,1,130,0.1,62,True,purple,ball,cave,False,https://raw.githubusercontent.com/PokeAPI/sprites/master/sprites/pokemon/other/official-artwork/92.png
93,Haunter,1,160,0.1,142,True,purple,arms,cave,False,https://raw.githubusercontent.com/PokeAPI/sprites/master/sprites/pokemon/other/official-artwork/93.png
94,Gengar,1,150,40.5,250,True,purple,upright,cave,False,https://raw.githubusercontent.com/PokeAPI/sprites/master/sprites/pokemon/other/official-artwork/94.png
95,Onix,1,880,210.0,77,True,gray,squiggle,cave,False,https://raw.githubusercontent.com/PokeAPI/sprites/master/sprites/pokemon/other/official-artwork/95.png
96,Drowzee,1,100,32.4,66,True,yellow,humanoid,grassland,False,https://raw.githubusercontent.com/PokeAPI/sprites/master/sprites/pokemon/other/official-artwork/96.png
97,Hypno,1,160,75.6,169,True,yellow,humanoid,grassland,False,https://raw.githubusercontent.com/PokeAPI/sprites/master/sprites/pokemon/other/official-artwork/97.png
98,Krabby,1,40,6.5,65,True,red,armor,waters-edge,False,https://raw.githubusercontent.com/PokeAPI/sprites/master/sprites/pokemon/other/official-artwork/98.png
99,Kingler,1,130,60.0,166,True,red,armor,waters-edge,False,https://raw.githubusercontent.com/PokeAPI/sprites/master/sprites/pokemon/other/official-artwork/99.png
100,Voltorb,1,50,10.4,66,True,red,ball,urban,False,https://raw.githubusercontent.com/PokeAPI/sprites/master/sprites/pokemon/other/official-artwork/100.png
101,Electrode,1,120,66.6,172,True,red,ball,urban,False,https://raw.githubusercontent.com/PokeAPI/sprites/master/sprites/pokemon/other/official-artwork/101.png
102,Exeggcute,1,40,2.5,65,True,pink,heads,forest,False,https://raw.githubusercontent.com/PokeAPI/sprites/master/sprites/pokemon/other/official-artwork/102.png
103,Exeggutor,1,200,120.0,186,True,yellow,legs,forest,False,https://raw.githubusercontent.com/PokeAPI/sprites/master/sprites/pokemon/other/official-artwork/103.png
104,Cubone,1,40,6.5,64,True,brown,upright,mountain,False,https://raw.githubusercontent.com/PokeAPI/sprites/master/sprites/pokemon/other/official-artwork/104.png
105,Marowak,1,100,45.0,149,True,brown,upright,mountain,False,https://raw.githubusercontent.com/PokeAPI/sprites/master/sprites/pokemon/other/official-artwork/105.png
106,Hitmonlee,1,150,49.8,159,True,brown,humanoid,urban,False,https://raw.githubusercontent.com/PokeAPI/sprites/master/sprites/pokemon/other/official-artwork/106.png
107,Hitmonchan,1,140,50.2,159,True,brown,humanoid,urban,False,https://raw.githubusercontent.com/PokeAPI/sprites/master/sprites/pokemon/other/official-artwork/107.png
108,Lickitung,1,120,65.5,77,True,pink,upright,grassland,False,https://raw.githubusercontent.com/PokeAPI/sprites/master/sprites/pokemon/other/official-artwork/108.png
109,Koffing,1,60,1.0,68,True,purple,ball,urban,False,https://raw.githubusercontent.com/PokeAPI/sprites/master/sprites/pokemon/other/official-artwork/109.png
110,Weezing,1,120,9.5,172,True,purple,heads,urban,False,https://raw.githubusercontent.com/PokeAPI/sprites/master/sprites/pokemon/other/official-artwork/110.png
111,Rhyhorn,1,100,115.0,69,True,gray,quadruped,rough-terrain,False,https://raw.githubusercontent.com/PokeAPI/sprites/master/sprites/pokemon/other/official-artwork/111.png
112,Rhydon,1,190,120.0,170,True,gray,upright,rough-terrain,False,https://raw.githubusercontent.com/PokeAPI/sprites/master/sprites/pokemon/other/official-artwork/112.png
113,Chansey,1,110,34.6,395,True,pink,upright,urban,False,https://raw.githubusercontent.com/PokeAPI/sprites/master/sprites/pokemon/other/official-artwork/113.png
114,Tangela,1,100,35.0,87,True,blue,legs,grassland,False,https://raw.githubusercontent.com/PokeAPI/sprites/master/sprites/pokemon/other/official-artwork/114.png
115,Kangaskhan,1,220,80.0,172,True,brown,upright,grassland,False,https://raw.githubusercontent.com/PokeAPI/sprites/master/sprites/pokemon/other/official-artwork/115.png
116,Horsea,1,40,8.0,59,True,blue,blob,sea,False,https://raw.githubusercontent.com/PokeAPI/sprites/master/sprites/pokemon/other/official-artwork/116.png
117,Seadra,1,120,25.0,154,True,blue,blob,sea,False,https://raw.githubusercontent.com/PokeAPI/sprites/master/sprites/pokemon/other/official-artwork/117.png
118,Goldeen,1,60,15.0,64,True,red,fish,waters-edge,False,https://raw.githubusercontent.com/PokeAPI/sprites/master/sprites/pokemon/other/official-artwork/118.png
119,Seaking,1,130,39.0,158,True,red,fish,waters-edge,False,https://raw.githubusercontent.com/PokeAPI/sprites/master/sprites/pokemon/other/official-artwork/119.png
120,Staryu,1,80,34.5,68,True,brown,blob,sea,False,https://raw.githubusercontent.com/PokeAPI/sprites/master/sprites/pokemon/other/official-artwork/120.png
121,Starmie,1,110,80.0,182,True,purple,blob,sea,False,https://raw.githubusercontent.com/PokeAPI/sprites/master/sprites/pokemon/other/official-artwork/121.png
122,Mr-mime,1,130,54.5,161,True,pink,humanoid,urban,False,https://raw.githubusercontent.com/PokeAPI/sprites/master/sprites/pokemon/other/official-artwork/122.png
123,Scyther,1,150,56.0,100,True,green,bug-wings,grassland,False,https://raw.githubusercontent.com/PokeAPI/sprites/master/sprites/pokemon/other/official-artwork/123.png
124,Jynx,1,140,40.6,159,True,red,humanoid,urban,False,https://raw.githubusercontent.com/PokeAPI/sprites/master/sprites/pokemon/other/official-artwork/124.png
125,Electabuzz,1,110,30.0,172,True,yellow,upright,grassland,False,https://raw.githubusercontent.com/PokeAPI/sprites/master/sprites/pokemon/other/official-artwork/125.png
126,Magmar,1,130,44.5,173,True,red,upright,mountain,False,https://raw.githubusercontent.com/PokeAPI/sprites/master/sprites/pokemon/other/official-artwork/126.png
127,Pinsir,1,150,55.0,175,True,brown,humanoid,forest,False,https://raw.githubusercontent.com/PokeAPI/sprites/master/sprites/pokemon/other/official-artwork/127.png
128,Tauros,1,140,88.4,172,True,brown,quadruped,grassland,False,https://raw.githubusercontent.com/PokeAPI/sprites/master/sprites/pokemon/other/official-artwork/128.png
129,Magikarp,1,90,10.0,40,True,red,fish,waters-edge,False,https://raw.githubusercontent.com/PokeAPI/sprites/master/sprites/pokemon/other/official-artwork/129.png
130,Gyarados,1,650,235.0,189,True,blue,squiggle,waters-edge,False,https://raw.githubusercontent.com/PokeAPI/sprites/master/sprites/pokemon/other/official-artwork/130.png
131,Lapras,1,250,220.0,187,True,blue,fish,sea,False,https://raw.githubusercontent.com/PokeAPI/sprites/master/sprites/pokemon/other/official-artwork/131.png
132,Ditto,1,30,4.0,101,True,purple,ball,urban,False,https://raw.githubusercontent.com/PokeAPI/sprites/master/sprites/pokemon/other/official-artwork/132.png
133,Eevee,1,30,6.5,65,True,brown,quadruped,urban,False,https://raw.githubusercontent.com/PokeAPI/sprites/master/sprites/pokemon/other/official-artwork/133.png
134,Vaporeon,1,100,29.0,184,True,blue,quadruped,urban,False,https://raw.githubusercontent.com/PokeAPI/sprites/master/sprites/pokemon/other/official-artwork/134.png
135,Jolteon,1,80,24.5,184,True,yellow,quadruped,urban,False,https://raw.githubusercontent.com/PokeAPI/sprites/master/sprites/pokemon/other/official-artwork/135.png
136,Flareon,1,90,25.0,184,True,red,quadruped,urban,False,https://raw.githubusercontent.com/PokeAPI/sprites/master/sprites/pokemon/other/official-artwork/136.png
137,Porygon,1,80,36.5,79,True,pink,legs,urban,False,https://raw.githubusercontent.com/PokeAPI/sprites/master/sprites/pokemon/other/official-artwork/137.png
138,Omanyte,1,40,7.5,71,True,blue,tentacles,sea,False,https://raw.githubusercontent.com/PokeAPI/sprites/master/sprites/pokemon/other/official-artwork/138.png
139,Omastar,1,100,35.0,173,True,blue,tentacles,sea,False,https://raw.githubusercontent.com/PokeAPI/sprites/master/sprites/pokemon/other/official-artwork/139.png
140,Kabuto,1,50,11.5,71,True,brown,armor,sea,False,https://raw.githubusercontent.com/PokeAPI/sprites/master/sprites/pokemon/other/official-artwork/140.png
141,Kabutops,1,130,40.5,173,True,brown,upright,sea,False,https://raw.githubusercontent.com/PokeAPI/sprites/master/sprites/pokemon/other/official-artwork/141.png
142,Aerodactyl,1,180,59.0,180,True,purple,wings,mountain,False,https://raw.githubusercontent.com/PokeAPI/sprites/master/sprites/pokemon/other/official-artwork/142.png
143,Snorlax,1,210,460.0,189,True,black,humanoid,mountain,False,https://raw.githubusercontent.com/PokeAPI/sprites/master/sprites/pokemon/other/official-artwork/143.png
144,Articuno,1,170,55.4,290,True,blue,wings,rare,True,https://raw.githubusercontent.com/PokeAPI/sprites/master/sprites/pokemon/other/official-artwork/144.png
145,Zapdos,1,160,52.6,290,True,yellow,wings,rare,True,https://raw.githubusercontent.com/PokeAPI/sprites/master/sprites/pokemon/other/official-artwork/145.png
146,Moltres,1,200,60.0,290,True,yellow,wings,rare,True,https://raw.githubusercontent.com/PokeAPI/sprites/master/sprites/pokemon/other/official-artwork/146.png
147,Dratini,1,180,3.3,60,True,blue,squiggle,waters-edge,False,https://raw.githubusercontent.com/PokeAPI/sprites/master/sprites/pokemon/other/official-artwork/147.png
148,Dragonair,1,400,16.5,147,True,blue,squiggle,waters-edge,False,https://raw.githubusercontent.com/PokeAPI/sprites/master/sprites/pokemon/other/official-artwork/148.png
149,Dragonite,1,220,210.0,300,True,brown,upright,waters-edge,False,https://raw.githubusercontent.com/PokeAPI/sprites/master/sprites/pokemon/other/official-artwork/149.png
150,Mewtwo,1,200,122.0,340,True,purple,upright,rare,True,https://raw.githubusercontent.com/PokeAPI/sprites/master/sprites/pokemon/other/official-artwork/150.png
151,Mew,1,40,4.0,300,True,pink,upright,rare,False,https://raw.githubusercontent.com/PokeAPI/sprites/master/sprites/pokemon/other/official-artwork/151.png
152,Chikorita,2,90,6.4,64,True,green,quadruped,grassland,False,https://raw.githubusercontent.com/PokeAPI/sprites/master/sprites/pokemon/other/official-artwork/152.png
153,Bayleef,2,120,15.8,142,True,green,quadruped,grassland,False,https://raw.githubusercontent.com/PokeAPI/sprites/master/sprites/pokemon/other/official-artwork/153.png
154,Meganium,2,180,100.5,236,True,green,quadruped,grassland,False,https://raw.githubusercontent.com/PokeAPI/sprites/master/sprites/pokemon/other/official-artwork/154.png
155,Cyndaquil,2,50,7.9,62,True,yellow,humanoid,grassland,False,https://raw.githubusercontent.com/PokeAPI/sprites/master/sprites/pokemon/other/official-artwork/155.png
156,Quilava,2,90,19.0,142,True,yellow,quadruped,grassland,False,https://raw.githubusercontent.com/PokeAPI/sprites/master/sprites/pokemon/other/official-artwork/156.png
157,Typhlosion,2,170,79.5,240,True,yellow,quadruped,grassland,False,https://raw.githubusercontent.com/PokeAPI/sprites/master/sprites/pokemon/other/official-artwork/157.png
158,Totodile,2,60,9.5,63,True,blue,upright,waters-edge,False,https://raw.githubusercontent.com/PokeAPI/sprites/master/sprites/pokemon/other/official-artwork/158.png
159,Croconaw,2,110,25.0,142,True,blue,upright,waters-edge,False,https://raw.githubusercontent.com/PokeAPI/sprites/master/sprites/pokemon/other/official-artwork/159.png
160,Feraligatr,2,230,88.8,239,True,blue,upright,waters-edge,False,https://raw.githubusercontent.com/PokeAPI/sprites/master/sprites/pokemon/other/official-artwork/160.png
161,Sentret,2,80,6.0,43,True,brown,quadruped,grassland,False,https://raw.githubusercontent.com/PokeAPI/sprites/master/sprites/pokemon/other/official-artwork/161.png
162,Furret,2,180,32.5,145,True,brown,quadruped,grassland,False,https://raw.githubusercontent.com/PokeAPI/sprites/master/sprites/pokemon/other/official-artwork/162.png
163,Hoothoot,2,70,21.2,52,True,brown,wings,forest,False,https://raw.githubusercontent.com/PokeAPI/sprites/master/sprites/pokemon/other/official-artwork/163.png
164,Noctowl,2,160,40.8,158,True,brown,wings,forest,False,https://raw.githubusercontent.com/PokeAPI/sprites/master/sprites/pokemon/other/official-artwork/164.png
165,Ledyba,2,100,10.8,53,True,red,wings,forest,False,https://raw.githubusercontent.com/PokeAPI/sprites/master/sprites/pokemon/other/official-artwork/165.png
166,Ledian,2,140,35.6,137,True,red,wings,forest,False,https://raw.githubusercontent.com/PokeAPI/sprites/master/sprites/pokemon/other/official-artwork/166.png
167,Spinarak,2,50,8.5,50,True,green,armor,forest,False,https://raw.githubusercontent.com/PokeAPI/sprites/master/sprites/pokemon/other/official-artwork/167.png
168,Ariados,2,110,33.5,140,True,red,armor,forest,False,https://raw.githubusercontent.com/PokeAPI/sprites/master/sprites/pokemon/other/official-artwork/168.png
169,Crobat,2,180,75.0,268,True,purple,bug-wings,cave,False,https://raw.githubusercontent.com/PokeAPI/sprites/master/sprites/pokemon/other/official-artwork/169.png
170,Chinchou,2,50,12.0,66,True,blue,fish,sea,False,https://raw.githubusercontent.com/PokeAPI/sprites/master/sprites/pokemon/other/official-artwork/170.png
171,Lanturn,2,120,22.5,161,True,blue,fish,sea,False,https://raw.githubusercontent.com/PokeAPI/sprites/master/sprites/pokemon/other/official-artwork/171.png
172,Pichu,2,30,2.0,41,True,yellow,quadruped,forest,False,https://raw.githubusercontent.com/PokeAPI/sprites/master/sprites/pokemon/other/official-artwork/172.png
173,Cleffa,2,30,3.0,44,True,pink,upright,mountain,False,https://raw.githubusercontent.com/PokeAPI/sprites/master/sprites/pokemon/other/official-artwork/173.png
174,Igglybuff,2,30,1.0,42,True,pink,humanoid,grassland,False,https://raw.githubusercontent.com/PokeAPI/sprites/master/sprites/pokemon/other/official-artwork/174.png
175,Togepi,2,30,1.5,49,True,white,humanoid,forest,False,https://raw.githubusercontent.com/PokeAPI/sprites/master/sprites/pokemon/other/official-artwork/175.png
176,Togetic,2,60,3.2,142,True,white,humanoid,forest,False,https://raw.githubusercontent.com/PokeAPI/sprites/master/sprites/pokemon/other/official-artwork/176.png
177,Natu,2,20,2.0,64,True,green,wings,forest,False,https://raw.githubusercontent.com/PokeAPI/sprites/master/sprites/pokemon/other/official-artwork/177.png
178,Xatu,2,150,15.0,165,True,green,wings,forest,False,https://raw.githubusercontent.com/PokeAPI/sprites/master/sprites/pokemon/other/official-artwork/178.png
179,Mareep,2,60,7.8,56,True,white,quadruped,grassland,False,https://raw.githubusercontent.com/PokeAPI/sprites/master/sprites/pokemon/other/official-artwork/179.png
180,Flaaffy,2,80,13.3,128,True,pink,upright,grassland,False,https://raw.githubusercontent.com/PokeAPI/sprites/master/sprites/pokemon/other/official-artwork/180.png
181,Ampharos,2,140,61.5,230,True,yellow,upright,grassland,False,https://raw.githubusercontent.com/PokeAPI/sprites/master/sprites/pokemon/other/official-artwork/181.png
182,Bellossom,2,40,5.8,245,True,green,humanoid,grassland,False,https://raw.githubusercontent.com/PokeAPI/sprites/master/sprites/pokemon/other/official-artwork/182.png
183,Marill,2,40,8.5,88,True,blue,upright,waters-edge,False,https://raw.githubusercontent.com/PokeAPI/sprites/master/sprites/pokemon/other/official-artwork/183.png
184,Azumarill,2,80,28.5,210,True,blue,upright,waters-edge,False,https://raw.githubusercontent.com/PokeAPI/sprites/master/sprites/pokemon/other/official-artwork/184.png
185,Sudowoodo,2,120,38.0,144,True,brown,humanoid,forest,False,https://raw.githubusercontent.com/PokeAPI/sprites/master/sprites/pokemon/other/official-artwork/185.png
186,Politoed,2,110,33.9,250,True,green,humanoid,waters-edge,False,https://raw.githubusercontent.com/PokeAPI/sprites/master/sprites/pokemon/other/official-artwork/186.png
187,Hoppip,2,40,0.5,50,True,pink,upright,grassland,False,https://raw.githubusercontent.com/PokeAPI/sprites/master/sprites/pokemon/other/official-artwork/187.png
188,Skiploom,2,60,1.0,119,True,green,upright,grassland,False,https://raw.githubusercontent.com/PokeAPI/sprites/master/sprites/pokemon/other/official-artwork/188.png
189,Jumpluff,2,80,3.0,207,True,blue,upright,grassland,False,https://raw.githubusercontent.com/PokeAPI/sprites/master/sprites/pokemon/other/official-artwork/189.png
190,Aipom,2,80,11.5,72,True,purple,upright,forest,False,https://raw.githubusercontent.com/PokeAPI/sprites/master/sprites/pokemon/other/official-artwork/190.png
191,Sunkern,2,30,1.8,36,True,yellow,ball,grassland,False,https://raw.githubusercontent.com/PokeAPI/sprites/master/sprites/pokemon/other/official-artwork/191.png
192,Sunflora,2,80,8.5,149,True,yellow,humanoid,grassland,False,https://raw.githubusercontent.com/PokeAPI/sprites/master/sprites/pokemon/other/official-artwork/192.png
193,Yanma,2,120,38.0,78,True,red,bug-wings,forest,False,https://raw.githubusercontent.com/PokeAPI/sprites/master/sprites/pokemon/other/official-artwork/193.png
194,Wooper,2,40,8.5,42,True,blue,legs,waters-edge,False,https://raw.githubusercontent.com/PokeAPI/sprites/master/sprites/pokemon/other/official-artwork/194.png
195,Quagsire,2,140,75.0,151,True,blue,upright,waters-edge,False,https://raw.githubusercontent.com/PokeAPI/sprites/master/sprites/pokemon/other/official-artwork/195.png
196,Espeon,2,90,26.5,184,True,purple,quadruped,urban,False,https://raw.githubusercontent.com/PokeAPI/sprites/master/sprites/pokemon/other/official-artwork/196.png
197,Umbreon,2,100,27.0,184,True,black,quadruped,urban,False,https://raw.githubusercontent.com/PokeAPI/sprites/master/sprites/pokemon/other/official-artwork/197.png
198,Murkrow,2,50,2.1,81,True,black,wings,forest,False,https://raw.githubusercontent.com/PokeAPI/sprites/master/sprites/pokemon/other/official-artwork/198.png
199,Slowking,2,200,79.5,172,True,pink,upright,waters-edge,False,https://raw.githubusercontent.com/PokeAPI/sprites/master/sprites/pokemon/other/official-artwork/199.png
200,Misdreavus,2,70,1.0,87,True,gray,ball,cave,False,https://raw.githubusercontent.com/PokeAPI/sprites/master/sprites/pokemon/other/official-artwork/200.png
201,Unown,2,50,5.0,118,True,black,ball,rare,False,https://raw.githubusercontent.com/PokeAPI/sprites/master/sprites/pokemon/other/official-artwork/201.png
202,Wobbuffet,2,130,28.5,142,True,blue,blob,cave,False,https://raw.githubusercontent.com/PokeAPI/sprites/master/sprites/pokemon/other/official-artwork/202.png
203,Girafarig,2,150,41.5,159,True,yellow,quadruped,grassland,False,https://raw.githubusercontent.com/PokeAPI/sprites/master/sprites/pokemon/other/official-artwork/203.png
204,Pineco,2,60,7.2,58,True,gray,ball,forest,False,https://raw.githubusercontent.com/PokeAPI/sprites/master/sprites/pokemon/other/official-artwork/204.png
205,Forretress,2,120,125.8,163,True,purple,ball,forest,False,https://raw.githubusercontent.com/PokeAPI/sprites/master/sprites/pokemon/other/official-artwork/205.png
206,Dunsparce,2,150,14.0,145,True,yellow,squiggle,cave,False,https://raw.githubusercontent.com/PokeAPI/sprites/master/sprites/pokemon/other/official-artwork/206.png
207,Gligar,2,110,64.8,86,True,purple,wings,mountain,False,https://raw.githubusercontent.com/PokeAPI/sprites/master/sprites/pokemon/other/official-artwork/207.png
208,Steelix,2,920,400.0,179,True,gray,squiggle,cave,False,https://raw.githubusercontent.com/PokeAPI/sprites/master/sprites/pokemon/other/official-artwork/208.png
209,Snubbull,2,60,7.8,60,True,pink,humanoid,urban,False,https://raw.githubusercontent.com/PokeAPI/sprites/master/sprites/pokemon/other/official-artwork/209.png
210,Granbull,2,140,48.7,158,True,purple,upright,urban,False,https://raw.githubusercontent.com/PokeAPI/sprites/master/sprites/pokemon/other/official-artwork/210.png
211,Qwilfish,2,50,3.9,88,True,gray,fish,sea,False,https://raw.githubusercontent.com/PokeAPI/sprites/master/sprites/pokemon/other/official-artwork/211.png
212,Scizor,2,180,118.0,175,True,red,bug-wings,grassland,False,https://raw.githubusercontent.com/PokeAPI/sprites/master/sprites/pokemon/other/official-artwork/212.png
213,Shuckle,2,60,20.5,177,True,yellow,armor,mountain,False,https://raw.githubusercontent.com/PokeAPI/sprites/master/sprites/pokemon/other/official-artwork/213.png
214,Heracross,2,150,54.0,175,True,blue,humanoid,forest,False,https://raw.githubusercontent.com/PokeAPI/sprites/master/sprites/pokemon/other/official-artwork/214.png
215,Sneasel,2,90,28.0,86,True,black,upright,forest,False,https://raw.githubusercontent.com/PokeAPI/sprites/master/sprites/pokemon/other/official-artwork/215.png
216,Teddiursa,2,60,8.8,66,True,brown,upright,mountain,False,https://raw.githubusercontent.com/PokeAPI/sprites/master/sprites/pokemon/other/official-artwork/216.png
217,Ursaring,2,180,125.8,175,True,brown,upright,mountain,False,https://raw.githubusercontent.com/PokeAPI/sprites/master/sprites/pokemon/other/official-artwork/217.png
218,Slugma,2,70,35.0,50,True,red,squiggle,mountain,False,https://raw.githubusercontent.com/PokeAPI/sprites/master/sprites/pokemon/other/official-artwork/218.png
219,Magcargo,2,80,55.0,151,True,red,squiggle,mountain,False,https://raw.githubusercontent.com/PokeAPI/sprites/master/sprites/pokemon/other/official-artwork/219.png
220,Swinub,2,40,6.5,50,True,brown,quadruped,cave,False,https://raw.githubusercontent.com/PokeAPI/sprites/master/sprites/pokemon/other/official-artwork/220.png
221,Piloswine,2,110,55.8,158,True,brown,quadruped,cave,False,https://raw.githubusercontent.com/PokeAPI/sprites/master/sprites/pokemon/other/official-artwork/221.png
222,Corsola,2,60,5.0,144,True,pink,armor,sea,False,https://raw.githubusercontent.com/PokeAPI/sprites/master/sprites/pokemon/other/official-artwork/222.png
223,Remoraid,2,60,12.0,60,True,gray,fish,sea,False,https://raw.githubusercontent.com/PokeAPI/sprites/master/sprites/pokemon/other/official-artwork/223.png
224,Octillery,2,90,28.5,168,True,red,tentacles,sea,False,https://raw.githubusercontent.com/PokeAPI/sprites/master/sprites/pokemon/other/official-artwork/224.png
225,Delibird,2,90,16.0,116,True,red,wings,mountain,False,https://raw.githubusercontent.com/PokeAPI/sprites/master/sprites/pokemon/other/official-artwork/225.png
226,Mantine,2,210,220.0,170,True,purple,wings,sea,False,https://raw.githubusercontent.com/PokeAPI/sprites/master/sprites/pokemon/other/official-artwork/226.png
227,Skarmory,2,170,50.5,163,True,gray,wings,rough-terrain,False,https://raw.githubusercontent.com/PokeAPI/sprites/master/sprites/pokemon/other/official-artwork/227.png
228,Houndour,2,60,10.8,66,True,black,quadruped,rough-terrain,False,https://raw.githubusercontent.com/PokeAPI/sprites/master/sprites/pokemon/other/official-artwork/228.png
229,Houndoom,2,140,35.0,175,True,black,quadruped,rough-terrain,False,https://raw.githubusercontent.com/PokeAPI/sprites/master/sprites/pokemon/other/official-artwork/229.png
230,Kingdra,2,180,152.0,270,True,blue,blob,sea,False,https://raw.githubusercontent.com/PokeAPI/sprites/master/sprites/pokemon/other/official-artwork/230.png
231,Phanpy,2,50,33.5,66,True,blue,quadruped,rough-terrain,False,https://raw.githubusercontent.com/PokeAPI/sprites/master/sprites/pokemon/other/official-artwork/231.png
232,Donphan,2,110,120.0,175,True,gray,quadruped,rough-terrain,False,https://raw.githubusercontent.com/PokeAPI/sprites/master/sprites/pokemon/other/official-artwork/232.png
233,Porygon2,2,60,32.5,180,True,red,legs,urban,False,https://raw.githubusercontent.com/PokeAPI/sprites/master/sprites/pokemon/other/official-artwork/233.png
234,Stantler,2,140,71.2,163,True,brown,quadruped,forest,False,https://raw.githubusercontent.com/PokeAPI/sprites/master/sprites/pokemon/other/official-artwork/234.png
235,Smeargle,2,120,58.0,88,True,white,upright,urban,False,https://raw.githubusercontent.com/PokeAPI/sprites/master/sprites/pokemon/other/official-artwork/235.png
236,Tyrogue,2,70,21.0,42,True,purple,humanoid,urban,False,https://raw.githubusercontent.com/PokeAPI/sprites/master/sprites/pokemon/other/official-artwork/236.png
237,Hitmontop,2,140,48.0,159,True,brown,upright,urban,False,https://raw.githubusercontent.com/PokeAPI/sprites/master/sprites/pokemon/other/official-artwork/237.png
238,Smoochum,2,40,6.0,61,True,pink,humanoid,urban,False,https://raw.githubusercontent.com/PokeAPI/sprites/master/sprites/pokemon/other/official-artwork/238.png
239,Elekid,2,60,23.5,72,True,yellow,humanoid,grassland,False,https://raw.githubusercontent.com/PokeAPI/sprites/master/sprites/pokemon/other/official-artwork/239.png
240,Magby,2,70,21.4,73,True,red,upright,mountain,False,https://raw.githubusercontent.com/PokeAPI/sprites/master/sprites/pokemon/other/official-artwork/240.png
241,Miltank,2,120,75.5,172,True,pink,upright,grassland,False,https://raw.githubusercontent.com/PokeAPI/sprites/master/sprites/pokemon/other/official-artwork/241.png
242,Blissey,2,150,46.8,635,True,pink,humanoid,urban,False,https://raw.githubusercontent.com/PokeAPI/sprites/master/sprites/pokemon/other/official-artwork/242.png
243,Raikou,2,190,178.0,290,True,yellow,quadruped,grassland,True,https://raw.githubusercontent.com/PokeAPI/sprites/master/sprites/pokemon/other/official-artwork/243.png
244,Entei,2,210,198.0,290,True,brown,quadruped,grassland,True,https://raw.githubusercontent.com/PokeAPI/sprites/master/sprites/pokemon/other/official-artwork/244.png
245,Suicune,2,200,187.0,290,True,blue,quadruped,grassland,True,https://raw.githubusercontent.com/PokeAPI/sprites/master/sprites/pokemon/other/official-artwork/245.png
246,Larvitar,2,60,72.0,60,True,green,upright,mountain,False,https://raw.githubusercontent.com/PokeAPI/sprites/master/sprites/pokemon/other/official-artwork/246.png
247,Pupitar,2,120,152.0,144,True,gray,squiggle,mountain,False,https://raw.githubusercontent.com/PokeAPI/sprites/master/sprites/pokemon/other/official-artwork/247.png
248,Tyranitar,2,200,202.0,300,True,green,upright,mountain,False,https://raw.githubusercontent.com/PokeAPI/sprites/master/sprites/pokemon/other/official-artwork/248.png
249,Lugia,2,520,216.0,340,True,white,wings,rare,True,https://raw.githubusercontent.com/PokeAPI/sprites/master/sprites/pokemon/other/official-artwork/249.png
250,Ho-oh,2,380,199.0,340,True,red,wings,rare,True,https://raw.githubusercontent.com/PokeAPI/sprites/master/sprites/pokemon/other/official-artwork/250.png
251,Celebi,2,60,5.0,300,True,green,humanoid,forest,False,https://raw.githubusercontent.com/PokeAPI/sprites/master/sprites/pokemon/other/official-artwork/251.png
252,Treecko,3,50,5.0,62,True,green,upright,forest,False,https://raw.githubusercontent.com/PokeAPI/sprites/master/sprites/pokemon/other/official-artwork/252.png
253,Grovyle,3,90,21.6,142,True,green,upright,forest,False,https://raw.githubusercontent.com/PokeAPI/sprites/master/sprites/pokemon/other/official-artwork/253.png
254,Sceptile,3,170,52.2,265,True,green,upright,forest,False,https://raw.githubusercontent.com/PokeAPI/sprites/master/sprites/pokemon/other/official-artwork/254.png
255,Torchic,3,40,2.5,62,True,red,legs,grassland,False,https://raw.githubusercontent.com/PokeAPI/sprites/master/sprites/pokemon/other/official-artwork/255.png
256,Combusken,3,90,19.5,142,True,red,upright,grassland,False,https://raw.githubusercontent.com/PokeAPI/sprites/master/sprites/pokemon/other/official-artwork/256.png
257,Blaziken,3,190,52.0,265,True,red,upright,grassland,False,https://raw.githubusercontent.com/PokeAPI/sprites/master/sprites/pokemon/other/official-artwork/257.png
258,Mudkip,3,40,7.6,62,True,blue,quadruped,waters-edge,False,https://raw.githubusercontent.com/PokeAPI/sprites/master/sprites/pokemon/other/official-artwork/258.png
259,Marshtomp,3,70,28.0,142,True,blue,upright,waters-edge,False,https://raw.githubusercontent.com/PokeAPI/sprites/master/sprites/pokemon/other/official-artwork/259.png
260,Swampert,3,150,81.9,268,True,blue,upright,waters-edge,False,https://raw.githubusercontent.com/PokeAPI/sprites/master/sprites/pokemon/other/official-artwork/260.png
261,Poochyena,3,50,13.6,56,True,gray,quadruped,grassland,False,https://raw.githubusercontent.com/PokeAPI/sprites/master/sprites/pokemon/other/official-artwork/261.png
262,Mightyena,3,100,37.0,147,True,gray,quadruped,grassland,False,https://raw.githubusercontent.com/PokeAPI/sprites/master/sprites/pokemon/other/official-artwork/262.png
263,Zigzagoon,3,40,17.5,56,True,brown,quadruped,grassland,False,https://raw.githubusercontent.com/PokeAPI/sprites/master/sprites/pokemon/other/official-artwork/263.png
264,Linoone,3,50,32.5,147,True,white,quadruped,grassland,False,https://raw.githubusercontent.com/PokeAPI/sprites/master/sprites/pokemon/other/official-artwork/264.png
265,Wurmple,3,30,3.6,56,True,red,armor,forest,False,https://raw.githubusercontent.com/PokeAPI/sprites/master/sprites/pokemon/other/official-artwork/265.png
266,Silcoon,3,60,10.0,72,True,white,ball,forest,False,https://raw.githubusercontent.com/PokeAPI/sprites/master/sprites/pokemon/other/official-artwork/266.png
267,Beautifly,3,100,28.4,178,True,yellow,bug-wings,forest,False,https://raw.githubusercontent.com/PokeAPI/sprites/master/sprites/pokemon/other/official-artwork/267.png
268,Cascoon,3,70,11.5,72,True,purple,ball,forest,False,https://raw.githubusercontent.com/PokeAPI/sprites/master/sprites/pokemon/other/official-artwork/268.png
269,Dustox,3,120,31.6,173,True,green,bug-wings,forest,False,https://raw.githubusercontent.com/PokeAPI/sprites/master/sprites/pokemon/other/official-artwork/269.png
270,Lotad,3,50,2.6,44,True,green,armor,waters-edge,False,https://raw.githubusercontent.com/PokeAPI/sprites/master/sprites/pokemon/other/official-artwork/270.png
271,Lombre,3,120,32.5,119,True,green,humanoid,waters-edge,False,https://raw.githubusercontent.com/PokeAPI/sprites/master/sprites/pokemon/other/official-artwork/271.png
272,Ludicolo,3,150,55.0,240,True,green,humanoid,waters-edge,False,https://raw.githubusercontent.com/PokeAPI/sprites/master/sprites/pokemon/other/official-artwork/272.png
273,Seedot,3,50,4.0,44,True,brown,legs,forest,False,https://raw.githubusercontent.com/PokeAPI/sprites/master/sprites/pokemon/other/official-artwork/273.png
274,Nuzleaf,3,100,28.0,119,True,brown,humanoid,forest,False,https://raw.githubusercontent.com/PokeAPI/sprites/master/sprites/pokemon/other/official-artwork/274.png
275,Shiftry,3,130,59.6,240,True,brown,humanoid,forest,False,https://raw.githubusercontent.com/PokeAPI/sprites/master/sprites/pokemon/other/official-artwork/275.png
276,Taillow,3,30,2.3,54,True,blue,wings,grassland,False,https://raw.githubusercontent.com/PokeAPI/sprites/master/sprites/pokemon/other/official-artwork/276.png
277,Swellow,3,70,19.8,159,True,blue,wings,grassland,False,https://raw.githubusercontent.com/PokeAPI/sprites/master/sprites/pokemon/other/official-artwork/277.png
278,Wingull,3,60,9.5,54,True,white,wings,sea,False,https://raw.githubusercontent.com/PokeAPI/sprites/master/sprites/pokemon/other/official-artwork/278.png
279,Pelipper,3,120,28.0,154,True,yellow,wings,sea,False,https://raw.githubusercontent.com/PokeAPI/sprites/master/sprites/pokemon/other/official-artwork/279.png
280,Ralts,3,40,6.6,40,True,white,humanoid,urban,False,https://raw.githubusercontent.com/PokeAPI/sprites/master/sprites/pokemon/other/official-artwork/280.png
281,Kirlia,3,80,20.2,97,True,white,humanoid,urban,False,https://raw.githubusercontent.com/PokeAPI/sprites/master/sprites/pokemon/other/official-artwork/281.png
282,Gardevoir,3,160,48.4,259,True,white,humanoid,urban,False,https://raw.githubusercontent.com/PokeAPI/sprites/master/sprites/pokemon/other/official-artwork/282.png
283,Surskit,3,50,1.7,54,True,blue,armor,waters-edge,False,https://raw.githubusercontent.com/PokeAPI/sprites/master/sprites/pokemon/other/official-artwork/283.png
284,Masquerain,3,80,3.6,159,True,blue,bug-wings,waters-edge,False,https://raw.githubusercontent.com/PokeAPI/sprites/master/sprites/pokemon/other/official-artwork/284.png
285,Shroomish,3,40,4.5,59,True,brown,legs,forest,False,https://raw.githubusercontent.com/PokeAPI/sprites/master/sprites/pokemon/other/official-artwork/285.png
286,Breloom,3,120,39.2,161,True,green,upright,forest,False,https://raw.githubusercontent.com/PokeAPI/sprites/master/sprites/pokemon/other/official-artwork/286.png
287,Slakoth,3,80,24.0,56,True,brown,quadruped,forest,False,https://raw.githubusercontent.com/PokeAPI/sprites/master/sprites/pokemon/other/official-artwork/287.png
288,Vigoroth,3,140,46.5,154,True,white,upright,forest,False,https://raw.githubusercontent.com/PokeAPI/sprites/master/sprites/pokemon/other/official-artwork/288.png
289,Slaking,3,200,130.5,252,True,brown,humanoid,forest,False,https://raw.githubusercontent.com/PokeAPI/sprites/master/sprites/pokemon/other/official-artwork/289.png
290,Nincada,3,50,5.5,53,True,gray,armor,forest,False,https://raw.githubusercontent.com/PokeAPI/sprites/master/sprites/pokemon/other/official-artwork/290.png
291,Ninjask,3,80,12.0,160,True,yellow,bug-wings,forest,False,https://raw.githubusercontent.com/PokeAPI/sprites/master/sprites/pokemon/other/official-artwork/291.png
292,Shedinja,3,80,1.2,83,True,brown,blob,forest,False,https://raw.githubusercontent.com/PokeAPI/sprites/master/sprites/pokemon/other/official-artwork/292.png
293,Whismur,3,60,16.3,48,True,pink,upright,cave,False,https://raw.githubusercontent.com/PokeAPI/sprites/master/sprites/pokemon/other/official-artwork/293.png
294,Loudred,3,100,40.5,126,True,blue,upright,cave,False,https://raw.githubusercontent.com/PokeAPI/sprites/master/sprites/pokemon/other/official-artwork/294.png
295,Exploud,3,150,84.0,245,True,blue,upright,cave,False,https://raw.githubusercontent.com/PokeAPI/sprites/master/sprites/pokemon/other/official-artwork/295.png
296,Makuhita,3,100,86.4,47,True,yellow,humanoid,mountain,False,https://raw.githubusercontent.com/PokeAPI/sprites/master/sprites/pokemon/other/official-artwork/296.png
297,Hariyama,3,230,253.8,166,True,brown,humanoid,mountain,False,https://raw.githubusercontent.com/PokeAPI/sprites/master/sprites/pokemon/other/official-artwork/297.png
298,Azurill,3,20,2.0,38,True,blue,legs,waters-edge,False,https://raw.githubusercontent.com/PokeAPI/sprites/master/sprites/pokemon/other/official-artwork/298.png
299,Nosepass,3,100,97.0,75,True,gray,humanoid,cave,False,https://raw.githubusercontent.com/PokeAPI/sprites/master/sprites/pokemon/other/official-artwork/299.png
300,Skitty,3,60,11.0,52,True,pink,quadruped,forest,False,https://raw.githubusercontent.com/PokeAPI/sprites/master/sprites/pokemon/other/official-artwork/300.png
301,Delcatty,3,110,32.6,140,True,purple,quadruped,forest,False,https://raw.githubusercontent.com/PokeAPI/sprites/master/sprites/pokemon/other/official-artwork/301.png
302,Sableye,3,50,11.0,133,True,purple,humanoid,cave,False,https://raw.githubusercontent.com/PokeAPI/sprites/master/sprites/pokemon/other/official-artwork/302.png
303,Mawile,3,60,11.5,133,True,black,humanoid,cave,False,https://raw.githubusercontent.com/PokeAPI/sprites/master/sprites/pokemon/other/official-artwork/303.png
304,Aron,3,40,60.0,66,True,gray,quadruped,mountain,False,https://raw.githubusercontent.com/PokeAPI/sprites/master/sprites/pokemon/other/official-artwork/304.png
305,Lairon,3,90,120.0,151,True,gray,quadruped,mountain,False,https://raw.githubusercontent.com/PokeAPI/sprites/master/sprites/pokemon/other/official-artwork/305.png
306,Aggron,3,210,360.0,265,True,gray,upright,mountain,False,https://raw.githubusercontent.com/PokeAPI/sprites/master/sprites/pokemon/other/official-artwork/306.png
307,Meditite,3,60,11.2,56,True,blue,humanoid,mountain,False,https://raw.githubusercontent.com/PokeAPI/sprites/master/sprites/pokemon/other/official-artwork/307.png
308,Medicham,3,130,31.5,144,True,red,humanoid,mountain,False,https://raw.githubusercontent.com/PokeAPI/sprites/master/sprites/pokemon/other/official-artwork/308.png
309,Electrike,3,60,15.2,59,True,green,quadruped,grassland,False,https://raw.githubusercontent.com/PokeAPI/sprites/master/sprites/pokemon/other/official-artwork/309.png
310,Manectric,3,150,40.2,166,True,yellow,quadruped,grassland,False,https://raw.githubusercontent.com/PokeAPI/sprites/master/sprites/pokemon/other/official-artwork/310.png
311,Plusle,3,40,4.2,142,True,yellow,upright,grassland,False,https://raw.githubusercontent.com/PokeAPI/sprites/master/sprites/pokemon/other/official-artwork/311.png
312,Minun,3,40,4.2,142,True,yellow,upright,grassland,False,https://raw.githubusercontent.com/PokeAPI/sprites/master/sprites/pokemon/other/official-artwork/312.png
313,Volbeat,3,70,17.7,151,True,gray,upright,forest,False,https://raw.githubusercontent.com/PokeAPI/sprites/master/sprites/pokemon/other/official-artwork/313.png
314,Illumise,3,60,17.7,151,True,purple,humanoid,forest,False,https://raw.githubusercontent.com/PokeAPI/sprites/master/sprites/pokemon/other/official-artwork/314.png
315,Roselia,3,30,2.0,140,True,green,humanoid,grassland,False,https://raw.githubusercontent.com/PokeAPI/sprites/master/sprites/pokemon/other/official-artwork/315.png
316,Gulpin,3,40,10.3,60,True,green,arms,grassland,False,https://raw.githubusercontent.com/PokeAPI/sprites/master/sprites/pokemon/other/official-artwork/316.png
317,Swalot,3,170,80.0,163,True,purple,arms,grassland,False,https://raw.githubusercontent.com/PokeAPI/sprites/master/sprites/pokemon/other/official-artwork/317.png
318,Carvanha,3,80,20.8,61,True,red,fish,sea,False,https://raw.githubusercontent.com/PokeAPI/sprites/master/sprites/pokemon/other/official-artwork/318.png
319,Sharpedo,3,180,88.8,161,True,blue,fish,sea,False,https://raw.githubusercontent.com/PokeAPI/sprites/master/sprites/pokemon/other/official-artwork/319.png
320,Wailmer,3,200,130.0,80,True,blue,fish,sea,False,https://raw.githubusercontent.com/PokeAPI/sprites/master/sprites/pokemon/other/official-artwork/320.png
321,Wailord,3,1450,398.0,175,True,blue,fish,sea,False,https://raw.githubusercontent.com/PokeAPI/sprites/master/sprites/pokemon/other/official-artwork/321.png
322,Numel,3,70,24.0,61,True,yellow,quadruped,mountain,False,https://raw.githubusercontent.com/PokeAPI/sprites/master/sprites/pokemon/other/official-artwork/322.png
323,Camerupt,3,190,220.0,161,True,red,quadruped,mountain,False,https://raw.githubusercontent.com/PokeAPI/sprites/master/sprites/pokemon/other/official-artwork/323.png
324,Torkoal,3,50,80.4,165,True,brown,quadruped,mountain,False,https://raw.githubusercontent.com/PokeAPI/sprites/master/sprites/pokemon/other/official-artwork/324.png
325,Spoink,3,70,30.6,66,True,black,arms,mountain,False,https://raw.githubusercontent.com/PokeAPI/sprites/master/sprites/pokemon/other/official-artwork/325.png
326,Grumpig,3,90,71.5,165,True,purple,upright,mountain,False,https://raw.githubusercontent.com/PokeAPI/sprites/master/sprites/pokemon/other/official-artwork/326.png
327,Spinda,3,110,5.0,126,True,brown,upright,mountain,False,https://raw.githubusercontent.com/PokeAPI/sprites/master/sprites/pokemon/other/official-artwork/327.png
328,Trapinch,3,70,15.0,58,True,brown,armor,rough-terrain,False,https://raw.githubusercontent.com/PokeAPI/sprites/master/sprites/pokemon/other/official-artwork/328.png
329,Vibrava,3,110,15.3,119,True,green,bug-wings,rough-terrain,False,https://raw.githubusercontent.com/PokeAPI/sprites/master/sprites/pokemon/other/official-artwork/329.png
330,Flygon,3,200,82.0,260,True,green,wings,rough-terrain,False,https://raw.githubusercontent.com/PokeAPI/sprites/master/sprites/pokemon/other/official-artwork/330.png
331,Cacnea,3,40,51.3,67,True,green,humanoid,rough-terrain,False,https://raw.githubusercontent.com/PokeAPI/sprites/master/sprites/pokemon/other/official-artwork/331.png
332,Cacturne,3,130,77.4,166,True,green,humanoid,rough-terrain,False,https://raw.githubusercontent.com/PokeAPI/sprites/master/sprites/pokemon/other/official-artwork/332.png
333,Swablu,3,40,1.2,62,True,blue,wings,forest,False,https://raw.githubusercontent.com/PokeAPI/sprites/master/sprites/pokemon/other/official-artwork/333.png
334,Altaria,3,110,20.6,172,True,blue,wings,forest,False,https://raw.githubusercontent.com/PokeAPI/sprites/master/sprites/pokemon/other/official-artwork/334.png
335,Zangoose,3,130,40.3,160,True,white,upright,grassland,False,https://raw.githubusercontent.com/PokeAPI/sprites/master/sprites/pokemon/other/official-artwork/335.png
336,Seviper,3,270,52.5,160,True,black,squiggle,grassland,False,https://raw.githubusercontent.com/PokeAPI/sprites/master/sprites/pokemon/other/official-artwork/336.png
337,Lunatone,3,100,168.0,161,True,yellow,ball,cave,False,https://raw.githubusercontent.com/PokeAPI/sprites/master/sprites/pokemon/other/official-artwork/337.png
338,Solrock,3,120,154.0,161,True,red,ball,cave,False,https://raw.githubusercontent.com/PokeAPI/sprites/master/sprites/pokemon/other/official-artwork/338.png
339,Barboach,3,40,1.9,58,True,gray,fish,waters-edge,False,https://raw.githubusercontent.com/PokeAPI/sprites/master/sprites/pokemon/other/official-artwork/339.png
340,Whiscash,3,90,23.6,164,True,blue,fish,waters-edge,False,https://raw.githubusercontent.com/PokeAPI/sprites/master/sprites/pokemon/other/official-artwork/340.png
341,Corphish,3,60,11.5,62,True,red,armor,waters-edge,False,https://raw.githubusercontent.com/PokeAPI/sprites/master/sprites/pokemon/other/official-artwork/341.png
342,Crawdaunt,3,110,32.8,164,True,red,armor,waters-edge,False,https://raw.githubusercontent.com/PokeAPI/sprites/master/sprites/pokemon/other/official-artwork/342.png
343,Baltoy,3,50,21.5,60,True,brown,arms,rough-terrain,False,https://raw.githubusercontent.com/PokeAPI/sprites/master/sprites/pokemon/other/official-artwork/343.png
344,Claydol,3,150,108.0,175,True,black,arms,rough-terrain,False,https://raw.githubusercontent.com/PokeAPI/sprites/master/sprites/pokemon/other/official-artwork/344.png
345,Lileep,3,100,23.8,71,True,purple,blob,sea,False,https://raw.githubusercontent.com/PokeAPI/sprites/master/sprites/pokemon/other/official-artwork/345.png
346,Cradily,3,150,60.4,173,True,green,blob,sea,False,https://raw.githubusercontent.com/PokeAPI/sprites/master/sprites/pokemon/other/official-artwork/346.png
347,Anorith,3,70,12.5,71,True,gray,armor,waters-edge,False,https://raw.githubusercontent.com/PokeAPI/sprites/master/sprites/pokemon/other/official-artwork/347.png
348,Armaldo,3,150,68.2,173,True,gray,upright,waters-edge,False,https://raw.githubusercontent.com/PokeAPI/sprites/master/sprites/pokemon/other/official-artwork/348.png
349,Feebas,3,60,7.4,40,True,brown,fish,waters-edge,False,https://raw.githubusercontent.com/PokeAPI/sprites/master/sprites/pokemon/other/official-artwork/349.png
350,Milotic,3,620,162.0,189,True,pink,squiggle,waters-edge,False,https://raw.githubusercontent.com/PokeAPI/sprites/master/sprites/pokemon/other/official-artwork/350.png
351,Castform,3,30,0.8,147,True,gray,ball,grassland,False,https://raw.githubusercontent.com/PokeAPI/sprites/master/sprites/pokemon/other/official-artwork/351.png
352,Kecleon,3,100,22.0,154,True,green,upright,forest,False,https://raw.githubusercontent.com/PokeAPI/sprites/master/sprites/pokemon/other/official-artwork/352.png
353,Shuppet,3,60,2.3,59,True,black,ball,urban,False,https://raw.githubusercontent.com/PokeAPI/sprites/master/sprites/pokemon/other/official-artwork/353.png
354,Banette,3,110,12.5,159,True,black,upright,urban,False,https://raw.githubusercontent.com/PokeAPI/sprites/master/sprites/pokemon/other/official-artwork/354.png
355,Duskull,3,80,15.0,59,True,black,arms,forest,False,https://raw.githubusercontent.com/PokeAPI/sprites/master/sprites/pokemon/other/official-artwork/355.png
356,Dusclops,3,160,30.6,159,True,black,humanoid,forest,False,https://raw.githubusercontent.com/PokeAPI/sprites/master/sprites/pokemon/other/official-artwork/356.png
357,Tropius,3,200,100.0,161,True,green,quadruped,forest,False,https://raw.githubusercontent.com/PokeAPI/sprites/master/sprites/pokemon/other/official-artwork/357.png
358,Chimecho,3,60,1.0,159,True,blue,arms,grassland,False,https://raw.githubusercontent.com/PokeAPI/sprites/master/sprites/pokemon/other/official-artwork/358.png
359,Absol,3,120,47.0,163,True,white,quadruped,mountain,False,https://raw.githubusercontent.com/PokeAPI/sprites/master/sprites/pokemon/other/official-artwork/359.png
360,Wynaut,3,60,14.0,52,True,blue,upright,cave,False,https://raw.githubusercontent.com/PokeAPI/sprites/master/sprites/pokemon/other/official-artwork/360.png
361,Snorunt,3,70,16.8,60,True,gray,humanoid,cave,False,https://raw.githubusercontent.com/PokeAPI/sprites/master/sprites/pokemon/other/official-artwork/361.png
362,Glalie,3,150,256.5,168,True,gray,ball,cave,False,https://raw.githubusercontent.com/PokeAPI/sprites/master/sprites/pokemon/other/official-artwork/362.png
363,Spheal,3,80,39.5,58,True,blue,fish,sea,False,https://raw.githubusercontent.com/PokeAPI/sprites/master/sprites/pokemon/other/official-artwork/363.png
364,Sealeo,3,110,87.6,144,True,blue,fish,sea,False,https://raw.githubusercontent.com/PokeAPI/sprites/master/sprites/pokemon/other/official-artwork/364.png
365,Walrein,3,140,150.6,265,True,blue,quadruped,sea,False,https://raw.githubusercontent.com/PokeAPI/sprites/master/sprites/pokemon/other/official-artwork/365.png
366,Clamperl,3,40,52.5,69,True,blue,ball,sea,False,https://raw.githubusercontent.com/PokeAPI/sprites/master/sprites/pokemon/other/official-artwork/366.png
367,Huntail,3,170,27.0,170,True,blue,squiggle,sea,False,https://raw.githubusercontent.com/PokeAPI/sprites/master/sprites/pokemon/other/official-artwork/367.png
368,Gorebyss,3,180,22.6,170,True,pink,squiggle,sea,False,https://raw.githubusercontent.com/PokeAPI/sprites/master/sprites/pokemon/other/official-artwork/368.png
369,Relicanth,3,100,23.4,170,True,gray,fish,sea,False,https://raw.githubusercontent.com/PokeAPI/sprites/master/sprites/pokemon/other/official-artwork/369.png
370,Luvdisc,3,60,8.7,116,True,pink,fish,sea,False,https://raw.githubusercontent.com/PokeAPI/sprites/master/sprites/pokemon/other/official-artwork/370.png
371,Bagon,3,60,42.1,60,True,blue,humanoid,rough-terrain,False,https://raw.githubusercontent.com/PokeAPI/sprites/master/sprites/pokemon/other/official-artwork/371.png
372,Shelgon,3,110,110.5,147,True,white,quadruped,rough-terrain,False,https://raw.githubusercontent.com/PokeAPI/sprites/master/sprites/pokemon/other/official-artwork/372.png
373,Salamence,3,150,102.6,300,True,blue,quadruped,rough-terrain,False,https://raw.githubusercontent.com/PokeAPI/sprites/master/sprites/pokemon/other/official-artwork/373.png
374,Beldum,3,60,95.2,60,True,blue,blob,rough-terrain,False,https://raw.githubusercontent.com/PokeAPI/sprites/master/sprites/pokemon/other/official-artwork/374.png
375,Metang,3,120,202.5,147,True,blue,arms,rough-terrain,False,https://raw.githubusercontent.com/PokeAPI/sprites/master/sprites/pokemon/other/official-artwork/375.png
376,Metagross,3,160,550.0,300,True,blue,heads,rough-terrain,False,https://raw.githubusercontent.com/PokeAPI/sprites/master/sprites/pokemon/other/official-artwork/376.png
377,Regirock,3,170,230.0,290,True,brown,humanoid,cave,True,https://raw.githubusercontent.com/PokeAPI/sprites/master/sprites/pokemon/other/official-artwork/377.png
378,Regice,3,180,175.0,290,True,blue,humanoid,cave,True,https://raw.githubusercontent.com/PokeAPI/sprites/master/sprites/pokemon/other/official-artwork/378.png
379,Registeel,3,190,205.0,290,True,gray,humanoid,cave,True,https://raw.githubusercontent.com/PokeAPI/sprites/master/sprites/pokemon/other/official-artwork/379.png
380,Latias,3,140,40.0,300,True,red,wings,waters-edge,True,https://raw.githubusercontent.com/PokeAPI/sprites/master/sprites/pokemon/other/official-artwork/380.png
381,Latios,3,200,60.0,300,True,blue,wings,waters-edge,True,https://raw.githubusercontent.com/PokeAPI/sprites/master/sprites/pokemon/other/official-artwork/381.png
382,Kyogre,3,450,352.0,335,True,blue,fish,sea,True,https://raw.githubusercontent.com/PokeAPI/sprites/master/sprites/pokemon/other/official-artwork/382.png
383,Groudon,3,350,950.0,335,True,red,upright,rough-terrain,True,https://raw.githubusercontent.com/PokeAPI/sprites/master/sprites/pokemon/other/official-artwork/383.png
384,Rayquaza,3,700,206.5,340,True,green,squiggle,rare,True,https://raw.githubusercontent.com/PokeAPI/sprites/master/sprites/pokemon/other/official-artwork/384.png
385,Jirachi,3,30,1.1,300,True,yellow,humanoid,mountain,False,https://raw.githubusercontent.com/PokeAPI/sprites/master/sprites/pokemon/other/official-artwork/385.png
386,Deoxys-normal,3,170,60.8,270,True,red,humanoid,rare,False,https://raw.githubusercontent.com/PokeAPI/sprites/master/sprites/pokemon/other/official-artwork/386.png
387,Turtwig,4,40,10.2,64,True,green,quadruped,none,False,https://raw.githubusercontent.com/PokeAPI/sprites/master/sprites/pokemon/other/official-artwork/387.png
388,Grotle,4,110,97.0,142,True,green,quadruped,none,False,https://raw.githubusercontent.com/PokeAPI/sprites/master/sprites/pokemon/other/official-artwork/388.png
389,Torterra,4,220,310.0,236,True,green,quadruped,none,False,https://raw.githubusercontent.com/PokeAPI/sprites/master/sprites/pokemon/other/official-artwork/389.png
390,Chimchar,4,50,6.2,62,True,brown,upright,none,False,https://raw.githubusercontent.com/PokeAPI/sprites/master/sprites/pokemon/other/official-artwork/390.png
391,Monferno,4,90,22.0,142,True,brown,upright,none,False,https://raw.githubusercontent.com/PokeAPI/sprites/master/sprites/pokemon/other/official-artwork/391.png
392,Infernape,4,120,55.0,240,True,brown,upright,none,False,https://raw.githubusercontent.com/PokeAPI/sprites/master/sprites/pokemon/other/official-artwork/392.png
393,Piplup,4,40,5.2,63,True,blue,humanoid,none,False,https://raw.githubusercontent.com/PokeAPI/sprites/master/sprites/pokemon/other/official-artwork/393.png
394,Prinplup,4,80,23.0,142,True,blue,upright,none,False,https://raw.githubusercontent.com/PokeAPI/sprites/master/sprites/pokemon/other/official-artwork/394.png
395,Empoleon,4,170,84.5,239,True,blue,upright,none,False,https://raw.githubusercontent.com/PokeAPI/sprites/master/sprites/pokemon/other/official-artwork/395.png
396,Starly,4,30,2.0,49,True,brown,wings,none,False,https://raw.githubusercontent.com/PokeAPI/sprites/master/sprites/pokemon/other/official-artwork/396.png
397,Staravia,4,60,15.5,119,True,brown,wings,none,False,https://raw.githubusercontent.com/PokeAPI/sprites/master/sprites/pokemon/other/official-artwork/397.png
398,Staraptor,4,120,24.9,218,True,brown,wings,none,False,https://raw.githubusercontent.com/PokeAPI/sprites/master/sprites/pokemon/other/official-artwork/398.png
399,Bidoof,4,50,20.0,50,True,brown,quadruped,none,False,https://raw.githubusercontent.com/PokeAPI/sprites/master/sprites/pokemon/other/official-artwork/399.png
400,Bibarel,4,100,31.5,144,True,brown,upright,none,False,https://raw.githubusercontent.com/PokeAPI/sprites/master/sprites/pokemon/other/official-artwork/400.png
401,Kricketot,4,30,2.2,39,True,red,humanoid,none,False,https://raw.githubusercontent.com/PokeAPI/sprites/master/sprites/pokemon/other/official-artwork/401.png
402,Kricketune,4,100,25.5,134,True,red,bug-wings,none,False,https://raw.githubusercontent.com/PokeAPI/sprites/master/sprites/pokemon/other/official-artwork/402.png
403,Shinx,4,50,9.5,53,True,blue,quadruped,none,False,https://raw.githubusercontent.com/PokeAPI/sprites/master/sprites/pokemon/other/official-artwork/403.png
404,Luxio,4,90,30.5,127,True,blue,quadruped,none,False,https://raw.githubusercontent.com/PokeAPI/sprites/master/sprites/pokemon/other/official-artwork/404.png
405,Luxray,4,140,42.0,262,True,blue,quadruped,none,False,https://raw.githubusercontent.com/PokeAPI/sprites/master/sprites/pokemon/other/official-artwork/405.png
406,Budew,4,20,1.2,56,True,green,humanoid,none,False,https://raw.githubusercontent.com/PokeAPI/sprites/master/sprites/pokemon/other/official-artwork/406.png
407,Roserade,4,90,14.5,258,True,green,humanoid,none,False,https://raw.githubusercontent.com/PokeAPI/sprites/master/sprites/pokemon/other/official-artwork/407.png
408,Cranidos,4,90,31.5,70,True,blue,upright,none,False,https://raw.githubusercontent.com/PokeAPI/sprites/master/sprites/pokemon/other/official-artwork/408.png
409,Rampardos,4,160,102.5,173,True,blue,upright,none,False,https://raw.githubusercontent.com/PokeAPI/sprites/master/sprites/pokemon/other/official-artwork/409.png
410,Shieldon,4,50,57.0,70,True,gray,quadruped,none,False,https://raw.githubusercontent.com/PokeAPI/sprites/master/sprites/pokemon/other/official-artwork/410.png
411,Bastiodon,4,130,149.5,173,True,gray,quadruped,none,False,https://raw.githubusercontent.com/PokeAPI/sprites/master/sprites/pokemon/other/official-artwork/411.png
412,Burmy,4,20,3.4,45,True,green,blob,none,False,https://raw.githubusercontent.com/PokeAPI/sprites/master/sprites/pokemon/other/official-artwork/412.png
413,Wormadam-plant,4,50,6.5,148,True,green,blob,none,False,https://raw.githubusercontent.com/PokeAPI/sprites/master/sprites/pokemon/other/official-artwork/413.png
414,Mothim,4,90,23.3,148,True,yellow,bug-wings,none,False,https://raw.githubusercontent.com/PokeAPI/sprites/master/sprites/pokemon/other/official-artwork/414.png
415,Combee,4,30,5.5,49,True,yellow,heads,none,False,https://raw.githubusercontent.com/PokeAPI/sprites/master/sprites/pokemon/other/official-artwork/415.png
416,Vespiquen,4,120,38.5,166,True,yellow,bug-wings,none,False,https://raw.githubusercontent.com/PokeAPI/sprites/master/sprites/pokemon/other/official-artwork/416.png
417,Pachirisu,4,40,3.9,142,True,white,quadruped,none,False,https://raw.githubusercontent.com/PokeAPI/sprites/master/sprites/pokemon/other/official-artwork/417.png
418,Buizel,4,70,29.5,66,True,brown,quadruped,none,False,https://raw.githubusercontent.com/PokeAPI/sprites/master/sprites/pokemon/other/official-artwork/418.png
419,Floatzel,4,110,33.5,173,True,brown,quadruped,none,False,https://raw.githubusercontent.com/PokeAPI/sprites/master/sprites/pokemon/other/official-artwork/419.png
420,Cherubi,4,40,3.3,55,True,pink,heads,none,False,https://raw.githubusercontent.com/PokeAPI/sprites/master/sprites/pokemon/other/official-artwork/420.png
421,Cherrim,4,50,9.3,158,True,purple,legs,none,False,https://raw.githubusercontent.com/PokeAPI/sprites/master/sprites/pokemon/other/official-artwork/421.png
422,Shellos,4,30,6.3,65,True,purple,squiggle,none,False,https://raw.githubusercontent.com/PokeAPI/sprites/master/sprites/pokemon/other/official-artwork/422.png
423,Gastrodon,4,90,29.9,166,True,purple,squiggle,none,False,https://raw.githubusercontent.com/PokeAPI/sprites/master/sprites/pokemon/other/official-artwork/423.png
424,Ambipom,4,120,20.3,169,True,purple,upright,none,False,https://raw.githubusercontent.com/PokeAPI/sprites/master/sprites/pokemon/other/official-artwork/424.png
425,Drifloon,4,40,1.2,70,True,purple,arms,none,False,https://raw.githubusercontent.com/PokeAPI/sprites/master/sprites/pokemon/other/official-artwork/425.png
426,Drifblim,4,120,15.0,174,True,purple,arms,none,False,https://raw.githubusercontent.com/PokeAPI/sprites/master/sprites/pokemon/other/official-artwork/426.png
427,Buneary,4,40,5.5,70,True,brown,upright,none,False,https://raw.githubusercontent.com/PokeAPI/sprites/master/sprites/pokemon/other/official-artwork/427.png
428,Lopunny,4,120,33.3,168,True,brown,upright,none,False,https://raw.githubusercontent.com/PokeAPI/sprites/master/sprites/pokemon/other/official-artwork/428.png
429,Mismagius,4,90,4.4,173,True,purple,ball,none,False,https://raw.githubusercontent.com/PokeAPI/sprites/master/sprites/pokemon/other/official-artwork/429.png
430,Honchkrow,4,90,27.3,177,True,black,wings,none,False,https://raw.githubusercontent.com/PokeAPI/sprites/master/sprites/pokemon/other/official-artwork/430.png
431,Glameow,4,50,3.9,62,True,gray,quadruped,none,False,https://raw.githubusercontent.com/PokeAPI/sprites/master/sprites/pokemon/other/official-artwork/431.png
432,Purugly,4,100,43.8,158,True,gray,quadruped,none,False,https://raw.githubusercontent.com/PokeAPI/sprites/master/sprites/pokemon/other/official-artwork/432.png
433,Chingling,4,20,0.6,57,True,yellow,humanoid,none,False,https://raw.githubusercontent.com/PokeAPI/sprites/master/sprites/pokemon/other/official-artwork/433.png
434,Stunky,4,40,19.2,66,True,purple,quadruped,none,False,https://raw.githubusercontent.com/PokeAPI/sprites/master/sprites/pokemon/other/official-artwork/434.png
435,Skuntank,4,100,38.0,168,True,purple,quadruped,none,False,https://raw.githubusercontent.com/PokeAPI/sprites/master/sprites/pokemon/other/official-artwork/435.png
436,Bronzor,4,50,60.5,60,True,green,ball,none,False,https://raw.githubusercontent.com/PokeAPI/sprites/master/sprites/pokemon/other/official-artwork/436.png
437,Bronzong,4,130,187.0,175,True,green,arms,none,False,https://raw.githubusercontent.com/PokeAPI/sprites/master/sprites/pokemon/other/official-artwork/437.png
438,Bonsly,4,50,15.0,58,True,brown,legs,none,False,https://raw.githubusercontent.com/PokeAPI/sprites/master/sprites/pokemon/other/official-artwork/438.png
439,Mime-jr,4,60,13.0,62,True,pink,humanoid,none,False,https://raw.githubusercontent.com/PokeAPI/sprites/master/sprites/pokemon/other/official-artwork/439.png
440,Happiny,4,60,24.4,110,True,pink,humanoid,none,False,https://raw.githubusercontent.com/PokeAPI/sprites/master/sprites/pokemon/other/official-artwork/440.png
441,Chatot,4,50,1.9,144,True,black,wings,none,False,https://raw.githubusercontent.com/PokeAPI/sprites/master/sprites/pokemon/other/official-artwork/441.png
442,Spiritomb,4,100,108.0,170,True,purple,blob,none,False,https://raw.githubusercontent.com/PokeAPI/sprites/master/sprites/pokemon/other/official-artwork/442.png
443,Gible,4,70,20.5,60,True,blue,upright,none,False,https://raw.githubusercontent.com/PokeAPI/sprites/master/sprites/pokemon/other/official-artwork/443.png
444,Gabite,4,140,56.0,144,True,blue,upright,none,False,https://raw.githubusercontent.com/PokeAPI/sprites/master/sprites/pokemon/other/official-artwork/444.png
445,Garchomp,4,190,95.0,300,True,blue,upright,none,False,https://raw.githubusercontent.com/PokeAPI/sprites/master/sprites/pokemon/other/official-artwork/445.png
446,Munchlax,4,60,105.0,78,True,black,humanoid,none,False,https://raw.githubusercontent.com/PokeAPI/sprites/master/sprites/pokemon/other/official-artwork/446.png
447,Riolu,4,70,20.2,57,True,blue,upright,none,False,https://raw.githubusercontent.com/PokeAPI/sprites/master/sprites/pokemon/other/official-artwork/447.png
448,Lucario,4,120,54.0,184,True,blue,upright,none,False,https://raw.githubusercontent.com/PokeAPI/sprites/master/sprites/pokemon/other/official-artwork/448.png
449,Hippopotas,4,80,49.5,66,True,brown,quadruped,none,False,https://raw.githubusercontent.com/PokeAPI/sprites/master/sprites/pokemon/other/official-artwork/449.png
450,Hippowdon,4,200,300.0,184,True,brown,quadruped,none,False,https://raw.githubusercontent.com/PokeAPI/sprites/master/sprites/pokemon/other/official-artwork/450.png
451,Skorupi,4,80,12.0,66,True,purple,armor,none,False,https://raw.githubusercontent.com/PokeAPI/sprites/master/sprites/pokemon/other/official-artwork/451.png
452,Drapion,4,130,61.5,175,True,purple,armor,none,False,https://raw.githubusercontent.com/PokeAPI/sprites/master/sprites/pokemon/other/official-artwork/452.png
453,Croagunk,4,70,23.0,60,True,blue,humanoid,none,False,https://raw.githubusercontent.com/PokeAPI/sprites/master/sprites/pokemon/other/official-artwork/453.png
454,Toxicroak,4,130,44.4,172,True,blue,humanoid,none,False,https://raw.githubusercontent.com/PokeAPI/sprites/master/sprites/pokemon/other/official-artwork/454.png
455,Carnivine,4,140,27.0,159,True,green,tentacles,none,False,https://raw.githubusercontent.com/PokeAPI/sprites/master/sprites/pokemon/other/official-artwork/455.png
456,Finneon,4,40,7.0,66,True,blue,fish,none,False,https://raw.githubusercontent.com/PokeAPI/sprites/master/sprites/pokemon/other/official-artwork/456.png
457,Lumineon,4,120,24.0,161,True,blue,fish,none,False,https://raw.githubusercontent.com/PokeAPI/sprites/master/sprites/pokemon/other/official-artwork/457.png
458,Mantyke,4,100,65.0,69,True,blue,wings,none,False,https://raw.githubusercontent.com/PokeAPI/sprites/master/sprites/pokemon/other/official-artwork/458.png
459,Snover,4,100,50.5,67,True,white,upright,none,False,https://raw.githubusercontent.com/PokeAPI/sprites/master/sprites/pokemon/other/official-artwork/459.png
460,Abomasnow,4,220,135.5,173,True,white,upright,none,False,https://raw.githubusercontent.com/PokeAPI/sprites/master/sprites/pokemon/other/official-artwork/460.png
461,Weavile,4,110,34.0,179,True,black,upright,none,False,https://raw.githubusercontent.com/PokeAPI/sprites/master/sprites/pokemon/other/official-artwork/461.png
462,Magnezone,4,120,180.0,268,True,gray,arms,none,False,https://raw.githubusercontent.com/PokeAPI/sprites/master/sprites/pokemon/other/official-artwork/462.png
463,Lickilicky,4,170,140.0,180,True,pink,humanoid,none,False,https://raw.githubusercontent.com/PokeAPI/sprites/master/sprites/pokemon/other/official-artwork/463.png
464,Rhyperior,4,240,282.8,268,True,gray,upright,none,False,https://raw.githubusercontent.com/PokeAPI/sprites/master/sprites/pokemon/other/official-artwork/464.png
465,Tangrowth,4,200,128.6,187,True,blue,humanoid,none,False,https://raw.githubusercontent.com/PokeAPI/sprites/master/sprites/pokemon/other/official-artwork/465.png
466,Electivire,4,180,138.6,270,True,yellow,upright,none,False,https://raw.githubusercontent.com/PokeAPI/sprites/master/sprites/pokemon/other/official-artwork/466.png
467,Magmortar,4,160,68.0,270,True,red,upright,none,False,https://raw.githubusercontent.com/PokeAPI/sprites/master/sprites/pokemon/other/official-artwork/467.png
468,Togekiss,4,150,38.0,273,True,white,wings,none,False,https://raw.githubusercontent.com/PokeAPI/sprites/master/sprites/pokemon/other/official-artwork/468.png
469,Yanmega,4,190,51.5,180,True,green,bug-wings,none,False,https://raw.githubusercontent.com/PokeAPI/sprites/master/sprites/pokemon/other/official-artwork/469.png
470,Leafeon,4,100,25.5,184,True,green,quadruped,none,False,https://raw.githubusercontent.com/PokeAPI/sprites/master/sprites/pokemon/other/official-artwork/470.png
471,Glaceon,4,80,25.9,184,True,blue,quadruped,none,False,https://raw.githubusercontent.com/PokeAPI/sprites/master/sprites/pokemon/other/official-artwork/471.png
472,Gliscor,4,200,42.5,179,True,purple,wings,none,False,https://raw.githubusercontent.com/PokeAPI/sprites/master/sprites/pokemon/other/official-artwork/472.png
473,Mamoswine,4,250,291.0,265,True,brown,quadruped,none,False,https://raw.githubusercontent.com/PokeAPI/sprites/master/sprites/pokemon/other/official-artwork/473.png
474,Porygon-z,4,90,34.0,268,True,red,arms,none,False,https://raw.githubusercontent.com/PokeAPI/sprites/master/sprites/pokemon/other/official-artwork/474.png
475,Gallade,4,160,52.0,259,True,white,humanoid,none,False,https://raw.githubusercontent.com/PokeAPI/sprites/master/sprites/pokemon/other/official-artwork/475.png
476,Probopass,4,140,340.0,184,True,gray,heads,none,False,https://raw.githubusercontent.com/PokeAPI/sprites/master/sprites/pokemon/other/official-artwork/476.png
477,Dusknoir,4,220,106.6,263,True,black,arms,none,False,https://raw.githubusercontent.com/PokeAPI/sprites/master/sprites/pokemon/other/official-artwork/477.png
478,Froslass,4,130,26.6,168,True,white,arms,none,False,https://raw.githubusercontent.com/PokeAPI/sprites/master/sprites/pokemon/other/official-artwork/478.png
479,Rotom,4,30,0.3,154,True,red,ball,none,False,https://raw.githubusercontent.com/PokeAPI/sprites/master/sprites/pokemon/other/official-artwork/479.png
480,Uxie,4,30,0.3,290,True,yellow,upright,none,True,https://raw.githubusercontent.com/PokeAPI/sprites/master/sprites/pokemon/other/official-artwork/480.png
481,Mesprit,4,30,0.3,290,True,pink,upright,none,True,https://raw.githubusercontent.com/PokeAPI/sprites/master/sprites/pokemon/other/official-artwork/481.png
482,Azelf,4,30,0.3,290,True,blue,upright,none,True,https://raw.githubusercontent.com/PokeAPI/sprites/master/sprites/pokemon/other/official-artwork/482.png
483,Dialga,4,540,683.0,340,True,white,quadruped,none,True,https://raw.githubusercontent.com/PokeAPI/sprites/master/sprites/pokemon/other/official-artwork/483.png
484,Palkia,4,420,336.0,340,True,purple,upright,none,True,https://raw.githubusercontent.com/PokeAPI/sprites/master/sprites/pokemon/other/official-artwork/484.png
485,Heatran,4,170,430.0,300,True,brown,quadruped,none,True,https://raw.githubusercontent.com/PokeAPI/sprites/master/sprites/pokemon/other/official-artwork/485.png
486,Regigigas,4,370,420.0,335,True,white,humanoid,none,True,https://raw.githubusercontent.com/PokeAPI/sprites/master/sprites/pokemon/other/official-artwork/486.png
487,Giratina-altered,4,450,750.0,340,True,black,tentacles,none,True,https://raw.githubusercontent.com/PokeAPI/sprites/master/sprites/pokemon/other/official-artwork/487.png
488,Cresselia,4,150,85.6,300,True,yellow,squiggle,none,True,https://raw.githubusercontent.com/PokeAPI/sprites/master/sprites/pokemon/other/official-artwork/488.png
489,Phione,4,40,3.1,216,True,blue,arms,none,False,https://raw.githubusercontent.com/PokeAPI/sprites/master/sprites/pokemon/other/official-artwork/489.png
490,Manaphy,4,30,1.4,270,True,blue,humanoid,none,False,https://raw.githubusercontent.com/PokeAPI/sprites/master/sprites/pokemon/other/official-artwork/490.png
491,Darkrai,4,150,50.5,270,True,black,humanoid,none,False,https://raw.githubusercontent.com/PokeAPI/sprites/master/sprites/pokemon/other/official-artwork/491.png
492,Shaymin-land,4,20,2.1,270,True,green,quadruped,none,False,https://raw.githubusercontent.com/PokeAPI/sprites/master/sprites/pokemon/other/official-artwork/492.png
493,Arceus,4,320,320.0,324,True,white,quadruped,none,False,https://raw.githubusercontent.com/PokeAPI/sprites/master/sprites/pokemon/other/official-artwork/493.png
494,Victini,5,40,4.0,300,True,yellow,humanoid,none,False,https://raw.githubusercontent.com/PokeAPI/sprites/master/sprites/pokemon/other/official-artwork/494.png
495,Snivy,5,60,8.1,62,True,green,upright,none,False,https://raw.githubusercontent.com/PokeAPI/sprites/master/sprites/pokemon/other/official-artwork/495.png
496,Servine,5,80,16.0,145,True,green,upright,none,False,https://raw.githubusercontent.com/PokeAPI/sprites/master/sprites/pokemon/other/official-artwork/496.png
497,Serperior,5,330,63.0,238,True,green,squiggle,none,False,https://raw.githubusercontent.com/PokeAPI/sprites/master/sprites/pokemon/other/official-artwork/497.png
498,Tepig,5,50,9.9,62,True,red,quadruped,none,False,https://raw.githubusercontent.com/PokeAPI/sprites/master/sprites/pokemon/other/official-artwork/498.png
499,Pignite,5,100,55.5,146,True,red,upright,none,False,https://raw.githubusercontent.com/PokeAPI/sprites/master/sprites/pokemon/other/official-artwork/499.png
500,Emboar,5,160,150.0,238,True,red,upright,none,False,https://raw.githubusercontent.com/PokeAPI/sprites/master/sprites/pokemon/other/official-artwork/500.png
501,Oshawott,5,50,5.9,62,True,blue,upright,none,False,https://raw.githubusercontent.com/PokeAPI/sprites/master/sprites/pokemon/other/official-artwork/501.png
502,Dewott,5,80,24.5,145,True,blue,upright,none,False,https://raw.githubusercontent.com/PokeAPI/sprites/master/sprites/pokemon/other/official-artwork/502.png
503,Samurott,5,150,94.6,238,True,blue,quadruped,none,False,https://raw.githubusercontent.com/PokeAPI/sprites/master/sprites/pokemon/other/official-artwork/503.png
504,Patrat,5,50,11.6,51,True,brown,quadruped,none,False,https://raw.githubusercontent.com/PokeAPI/sprites/master/sprites/pokemon/other/official-artwork/504.png
505,Watchog,5,110,27.0,147,True,brown,upright,none,False,https://raw.githubusercontent.com/PokeAPI/sprites/master/sprites/pokemon/other/official-artwork/505.png
506,Lillipup,5,40,4.1,55,True,brown,quadruped,none,False,https://raw.githubusercontent.com/PokeAPI/sprites/master/sprites/pokemon/other/official-artwork/506.png
507,Herdier,5,90,14.7,130,True,gray,quadruped,none,False,https://raw.githubusercontent.com/PokeAPI/sprites/master/sprites/pokemon/other/official-artwork/507.png
508,Stoutland,5,120,61.0,250,True,gray,quadruped,none,False,https://raw.githubusercontent.com/PokeAPI/sprites/master/sprites/pokemon/other/official-artwork/508.png
509,Purrloin,5,40,10.1,56,True,purple,quadruped,none,False,https://raw.githubusercontent.com/PokeAPI/sprites/master/sprites/pokemon/other/official-artwork/509.png
510,Liepard,5,110,37.5,156,True,purple,quadruped,none,False,https://raw.githubusercontent.com/PokeAPI/sprites/master/sprites/pokemon/other/official-artwork/510.png
511,Pansage,5,60,10.5,63,True,green,upright,none,False,https://raw.githubusercontent.com/PokeAPI/sprites/master/sprites/pokemon/other/official-artwork/511.png
512,Simisage,5,110,30.5,174,True,green,upright,none,False,https://raw.githubusercontent.com/PokeAPI/sprites/master/sprites/pokemon/other/official-artwork/512.png
513,Pansear,5,60,11.0,63,True,red,upright,none,False,https://raw.githubusercontent.com/PokeAPI/sprites/master/sprites/pokemon/other/official-artwork/513.png
514,Simisear,5,100,28.0,174,True,red,upright,none,False,https://raw.githubusercontent.com/PokeAPI/sprites/master/sprites/pokemon/other/official-artwork/514.png
515,Panpour,5,60,13.5,63,True,blue,upright,none,False,https://raw.githubusercontent.com/PokeAPI/sprites/master/sprites/pokemon/other/official-artwork/515.png
516,Simipour,5,100,29.0,174,True,blue,upright,none,False,https://raw.githubusercontent.com/PokeAPI/sprites/master/sprites/pokemon/other/official-artwork/516.png
517,Munna,5,60,23.3,58,True,pink,quadruped,none,False,https://raw.githubusercontent.com/PokeAPI/sprites/master/sprites/pokemon/other/official-artwork/517.png
518,Musharna,5,110,60.5,170,True,pink,humanoid,none,False,https://raw.githubusercontent.com/PokeAPI/sprites/master/sprites/pokemon/other/official-artwork/518.png
519,Pidove,5,30,2.1,53,True,gray,wings,none,False,https://raw.githubusercontent.com/PokeAPI/sprites/master/sprites/pokemon/other/official-artwork/519.png
520,Tranquill,5,60,15.0,125,True,gray,wings,none,False,https://raw.githubusercontent.com/PokeAPI/sprites/master/sprites/pokemon/other/official-artwork/520.png
521,Unfezant,5,120,29.0,244,True,gray,wings,none,False,https://raw.githubusercontent.com/PokeAPI/sprites/master/sprites/pokemon/other/official-artwork/521.png
522,Blitzle,5,80,29.8,59,True,black,quadruped,none,False,https://raw.githubusercontent.com/PokeAPI/sprites/master/sprites/pokemon/other/official-artwork/522.png
523,Zebstrika,5,160,79.5,174,True,black,quadruped,none,False,https://raw.githubusercontent.com/PokeAPI/sprites/master/sprites/pokemon/other/official-artwork/523.png
524,Roggenrola,5,40,18.0,56,True,blue,legs,none,False,https://raw.githubusercontent.com/PokeAPI/sprites/master/sprites/pokemon/other/official-artwork/524.png
525,Boldore,5,90,102.0,137,True,blue,tentacles,none,False,https://raw.githubusercontent.com/PokeAPI/sprites/master/sprites/pokemon/other/official-artwork/525.png
526,Gigalith,5,170,260.0,258,True,blue,tentacles,none,False,https://raw.githubusercontent.com/PokeAPI/sprites/master/sprites/pokemon/other/official-artwork/526.png
527,Woobat,5,40,2.1,65,True,blue,wings,none,False,https://raw.githubusercontent.com/PokeAPI/sprites/master/sprites/pokemon/other/official-artwork/527.png
528,Swoobat,5,90,10.5,149,True,blue,wings,none,False,https://raw.githubusercontent.com/PokeAPI/sprites/master/sprites/pokemon/other/official-artwork/528.png
529,Drilbur,5,30,8.5,66,True,gray,upright,none,False,https://raw.githubusercontent.com/PokeAPI/sprites/master/sprites/pokemon/other/official-artwork/529.png
530,Excadrill,5,70,40.4,178,True,gray,humanoid,none,False,https://raw.githubusercontent.com/PokeAPI/sprites/master/sprites/pokemon/other/official-artwork/530.png
531,Audino,5,110,31.0,390,True,pink,upright,none,False,https://raw.githubusercontent.com/PokeAPI/sprites/master/sprites/pokemon/other/official-artwork/531.png
532,Timburr,5,60,12.5,61,True,gray,humanoid,none,False,https://raw.githubusercontent.com/PokeAPI/sprites/master/sprites/pokemon/other/official-artwork/532.png
533,Gurdurr,5,120,40.0,142,True,gray,humanoid,none,False,https://raw.githubusercontent.com/PokeAPI/sprites/master/sprites/pokemon/other/official-artwork/533.png
534,Conkeldurr,5,140,87.0,253,True,brown,humanoid,none,False,https://raw.githubusercontent.com/PokeAPI/sprites/master/sprites/pokemon/other/official-artwork/534.png
535,Tympole,5,50,4.5,59,True,blue,fish,none,False,https://raw.githubusercontent.com/PokeAPI/sprites/master/sprites/pokemon/other/official-artwork/535.png
536,Palpitoad,5,80,17.0,134,True,blue,upright,none,False,https://raw.githubusercontent.com/PokeAPI/sprites/master/sprites/pokemon/other/official-artwork/536.png
537,Seismitoad,5,150,62.0,255,True,blue,humanoid,none,False,https://raw.githubusercontent.com/PokeAPI/sprites/master/sprites/pokemon/other/official-artwork/537.png
538,Throh,5,130,55.5,163,True,red,humanoid,none,False,https://raw.githubusercontent.com/PokeAPI/sprites/master/sprites/pokemon/other/official-artwork/538.png
539,Sawk,5,140,51.0,163,True,blue,humanoid,none,False,https://raw.githubusercontent.com/PokeAPI/sprites/master/sprites/pokemon/other/official-artwork/539.png
540,Sewaddle,5,30,2.5,62,True,yellow,armor,none,False,https://raw.githubusercontent.com/PokeAPI/sprites/master/sprites/pokemon/other/official-artwork/540.png
541,Swadloon,5,50,7.3,133,True,green,arms,none,False,https://raw.githubusercontent.com/PokeAPI/sprites/master/sprites/pokemon/other/official-artwork/541.png
542,Leavanny,5,120,20.5,225,True,yellow,humanoid,none,False,https://raw.githubusercontent.com/PokeAPI/sprites/master/sprites/pokemon/other/official-artwork/542.png
543,Venipede,5,40,5.3,52,True,red,armor,none,False,https://raw.githubusercontent.com/PokeAPI/sprites/master/sprites/pokemon/other/official-artwork/543.png
544,Whirlipede,5,120,58.5,126,True,gray,ball,none,False,https://raw.githubusercontent.com/PokeAPI/sprites/master/sprites/pokemon/other/official-artwork/544.png
545,Scolipede,5,250,200.5,243,True,red,armor,none,False,https://raw.githubusercontent.com/PokeAPI/sprites/master/sprites/pokemon/other/official-artwork/545.png
546,Cottonee,5,30,0.6,56,True,green,ball,none,False,https://raw.githubusercontent.com/PokeAPI/sprites/master/sprites/pokemon/other/official-artwork/546.png
547,Whimsicott,5,70,6.6,168,True,green,humanoid,none,False,https://raw.githubusercontent.com/PokeAPI/sprites/master/sprites/pokemon/other/official-artwork/547.png
548,Petilil,5,50,6.6,56,True,green,blob,none,False,https://raw.githubusercontent.com/PokeAPI/sprites/master/sprites/pokemon/other/official-artwork/548.png
549,Lilligant,5,110,16.3,168,True,green,blob,none,False,https://raw.githubusercontent.com/PokeAPI/sprites/master/sprites/pokemon/other/official-artwork/549.png
550,Basculin-red-striped,5,100,18.0,161,True,green,fish,none,False,https://raw.githubusercontent.com/PokeAPI/sprites/master/sprites/pokemon/other/official-artwork/550.png
551,Sandile,5,70,15.2,58,True,brown,quadruped,none,False,https://raw.githubusercontent.com/PokeAPI/sprites/master/sprites/pokemon/other/official-artwork/551.png
552,Krokorok,5,100,33.4,123,True,brown,quadruped,none,False,https://raw.githubusercontent.com/PokeAPI/sprites/master/sprites/pokemon/other/official-artwork/552.png
553,Krookodile,5,150,96.3,260,True,red,upright,none,False,https://raw.githubusercontent.com/PokeAPI/sprites/master/sprites/pokemon/other/official-artwork/553.png
554,Darumaka,5,60,37.5,63,True,red,humanoid,none,False,https://raw.githubusercontent.com/PokeAPI/sprites/master/sprites/pokemon/other/official-artwork/554.png
555,Darmanitan-standard,5,130,92.9,168,True,red,quadruped,none,False,https://raw.githubusercontent.com/PokeAPI/sprites/master/sprites/pokemon/other/official-artwork/555.png
556,Maractus,5,100,28.0,161,True,green,blob,none,False,https://raw.githubusercontent.com/PokeAPI/sprites/master/sprites/pokemon/other/official-artwork/556.png
557,Dwebble,5,30,14.5,65,True,red,armor,none,False,https://raw.githubusercontent.com/PokeAPI/sprites/master/sprites/pokemon/other/official-artwork/557.png
558,Crustle,5,140,200.0,170,True,red,armor,none,False,https://raw.githubusercontent.com/PokeAPI/sprites/master/sprites/pokemon/other/official-artwork/558.png
559,Scraggy,5,60,11.8,70,True,yellow,upright,none,False,https://raw.githubusercontent.com/PokeAPI/sprites/master/sprites/pokemon/other/official-artwork/559.png
560,Scrafty,5,110,30.0,171,True,red,upright,none,False,https://raw.githubusercontent.com/PokeAPI/sprites/master/sprites/pokemon/other/official-artwork/560.png
561,Sigilyph,5,140,14.0,172,True,black,wings,none,False,https://raw.githubusercontent.com/PokeAPI/sprites/master/sprites/pokemon/other/official-artwork/561.png
562,Yamask,5,50,1.5,61,True,black,arms,none,False,https://raw.githubusercontent.com/PokeAPI/sprites/master/sprites/pokemon/other/official-artwork/562.png
563,Cofagrigus,5,170,76.5,169,True,yellow,blob,none,False,https://raw.githubusercontent.com/PokeAPI/sprites/master/sprites/pokemon/other/official-artwork/563.png
564,Tirtouga,5,70,16.5,71,True,blue,quadruped,none,False,https://raw.githubusercontent.com/PokeAPI/sprites/master/sprites/pokemon/other/official-artwork/564.png
565,Carracosta,5,120,81.0,173,True,blue,upright,none,False,https://raw.githubusercontent.com/PokeAPI/sprites/master/sprites/pokemon/other/official-artwork/565.png
566,Archen,5,50,9.5,71,True,yellow,wings,none,False,https://raw.githubusercontent.com/PokeAPI/sprites/master/sprites/pokemon/other/official-artwork/566.png
567,Archeops,5,140,32.0,177,True,yellow,wings,none,False,https://raw.githubusercontent.com/PokeAPI/sprites/master/sprites/pokemon/other/official-artwork/567.png
568,Trubbish,5,60,31.0,66,True,green,humanoid,none,False,https://raw.githubusercontent.com/PokeAPI/sprites/master/sprites/pokemon/other/official-artwork/568.png
569,Garbodor,5,190,107.3,166,True,green,humanoid,none,False,https://raw.githubusercontent.com/PokeAPI/sprites/master/sprites/pokemon/other/official-artwork/569.png
570,Zorua,5,70,12.5,66,True,gray,quadruped,none,False,https://raw.githubusercontent.com/PokeAPI/sprites/master/sprites/pokemon/other/official-artwork/570.png
571,Zoroark,5,160,81.1,179,True,gray,upright,none,False,https://raw.githubusercontent.com/PokeAPI/sprites/master/sprites/pokemon/other/official-artwork/571.png
572,Minccino,5,40,5.8,60,True,gray,quadruped,none,False,https://raw.githubusercontent.com/PokeAPI/sprites/master/sprites/pokemon/other/official-artwork/572.png
573,Cinccino,5,50,7.5,165,True,gray,quadruped,none,False,https://raw.githubusercontent.com/PokeAPI/sprites/master/sprites/pokemon/other/official-artwork/573.png
574,Gothita,5,40,5.8,58,True,purple,humanoid,none,False,https://raw.githubusercontent.com/PokeAPI/sprites/master/sprites/pokemon/other/official-artwork/574.png
575,Gothorita,5,70,18.0,137,True,purple,humanoid,none,False,https://raw.githubusercontent.com/PokeAPI/sprites/master/sprites/pokemon/other/official-artwork/575.png
576,Gothitelle,5,150,44.0,245,True,purple,humanoid,none,False,https://raw.githubusercontent.com/PokeAPI/sprites/master/sprites/pokemon/other/official-artwork/576.png
577,Solosis,5,30,1.0,58,True,green,ball,none,False,https://raw.githubusercontent.com/PokeAPI/sprites/master/sprites/pokemon/other/official-artwork/577.png
578,Duosion,5,60,8.0,130,True,green,ball,none,False,https://raw.githubusercontent.com/PokeAPI/sprites/master/sprites/pokemon/other/official-artwork/578.png
579,Reuniclus,5,100,20.1,245,True,green,arms,none,False,https://raw.githubusercontent.com/PokeAPI/sprites/master/sprites/pokemon/other/official-artwork/579.png
580,Ducklett,5,50,5.5,61,True,blue,wings,none,False,https://raw.githubusercontent.com/PokeAPI/sprites/master/sprites/pokemon/other/official-artwork/580.png
581,Swanna,5,130,24.2,166,True,white,wings,none,False,https://raw.githubusercontent.com/PokeAPI/sprites/master/sprites/pokemon/other/official-artwork/581.png
582,Vanillite,5,40,5.7,61,True,white,blob,none,False,https://raw.githubusercontent.com/PokeAPI/sprites/master/sprites/pokemon/other/official-artwork/582.png
583,Vanillish,5,110,41.0,138,True,white,blob,none,False,https://raw.githubusercontent.com/PokeAPI/sprites/master/sprites/pokemon/other/official-artwork/583.png
584,Vanilluxe,5,130,57.5,268,True,white,heads,none,False,https://raw.githubusercontent.com/PokeAPI/sprites/master/sprites/pokemon/other/official-artwork/584.png
585,Deerling,5,60,19.5,67,True,pink,quadruped,none,False,https://raw.githubusercontent.com/PokeAPI/sprites/master/sprites/pokemon/other/official-artwork/585.png
586,Sawsbuck,5,190,92.5,166,True,brown,quadruped,none,False,https://raw.githubusercontent.com/PokeAPI/sprites/master/sprites/pokemon/other/official-artwork/586.png
587,Emolga,5,40,5.0,150,True,white,quadruped,none,False,https://raw.githubusercontent.com/PokeAPI/sprites/master/sprites/pokemon/other/official-artwork/587.png
588,Karrablast,5,50,5.9,63,True,blue,humanoid,none,False,https://raw.githubusercontent.com/PokeAPI/sprites/master/sprites/pokemon/other/official-artwork/588.png
589,Escavalier,5,100,33.0,173,True,gray,arms,none,False,https://raw.githubusercontent.com/PokeAPI/sprites/master/sprites/pokemon/other/official-artwork/589.png
590,Foongus,5,20,1.0,59,True,white,arms,none,False,https://raw.githubusercontent.com/PokeAPI/sprites/master/sprites/pokemon/other/official-artwork/590.png
591,Amoonguss,5,60,10.5,162,True,white,arms,none,False,https://raw.githubusercontent.com/PokeAPI/sprites/master/sprites/pokemon/other/official-artwork/591.png
592,Frillish,5,120,33.0,67,True,white,tentacles,none,False,https://raw.githubusercontent.com/PokeAPI/sprites/master/sprites/pokemon/other/official-artwork/592.png
593,Jellicent,5,220,135.0,168,True,white,tentacles,none,False,https://raw.githubusercontent.com/PokeAPI/sprites/master/sprites/pokemon/other/official-artwork/593.png
594,Alomomola,5,120,31.6,165,True,pink,fish,none,False,https://raw.githubusercontent.com/PokeAPI/sprites/master/sprites/pokemon/other/official-artwork/594.png
595,Joltik,5,10,0.6,64,True,yellow,armor,none,False,https://raw.githubusercontent.com/PokeAPI/sprites/master/sprites/pokemon/other/official-artwork/595.png
596,Galvantula,5,80,14.3,165,True,yellow,armor,none,False,https://raw.githubusercontent.com/PokeAPI/sprites/master/sprites/pokemon/other/official-artwork/596.png
597,Ferroseed,5,60,18.8,61,True,gray,ball,none,False,https://raw.githubusercontent.com/PokeAPI/sprites/master/sprites/pokemon/other/official-artwork/597.png
598,Ferrothorn,5,100,110.0,171,True,gray,tentacles,none,False,https://raw.githubusercontent.com/PokeAPI/sprites/master/sprites/pokemon/other/official-artwork/598.png
599,Klink,5,30,21.0,60,True,gray,heads,none,False,https://raw.githubusercontent.com/PokeAPI/sprites/master/sprites/pokemon/other/official-artwork/599.png
600,Klang,5,60,51.0,154,True,gray,heads,none,False,https://raw.githubusercontent.com/PokeAPI/sprites/master/sprites/pokemon/other/official-artwork/600.png
601,Klinklang,5,60,81.0,260,True,gray,heads,none,False,https://raw.githubusercontent.com/PokeAPI/sprites/master/sprites/pokemon/other/official-artwork/601.png
602,Tynamo,5,20,0.3,55,True,white,fish,none,False,https://raw.githubusercontent.com/PokeAPI/sprites/master/sprites/pokemon/other/official-artwork/602.png
603,Eelektrik,5,120,22.0,142,True,blue,fish,none,False,https://raw.githubusercontent.com/PokeAPI/sprites/master/sprites/pokemon/other/official-artwork/603.png
604,Eelektross,5,210,80.5,232,True,blue,fish,none,False,https://raw.githubusercontent.com/PokeAPI/sprites/master/sprites/pokemon/other/official-artwork/604.png
605,Elgyem,5,50,9.0,67,True,blue,upright,none,False,https://raw.githubusercontent.com/PokeAPI/sprites/master/sprites/pokemon/other/official-artwork/605.png
606,Beheeyem,5,100,34.5,170,True,brown,humanoid,none,False,https://raw.githubusercontent.com/PokeAPI/sprites/master/sprites/pokemon/other/official-artwork/606.png
607,Litwick,5,30,3.1,55,True,white,blob,none,False,https://raw.githubusercontent.com/PokeAPI/sprites/master/sprites/pokemon/other/official-artwork/607.png
608,Lampent,5,60,13.0,130,True,black,arms,none,False,https://raw.githubusercontent.com/PokeAPI/sprites/master/sprites/pokemon/other/official-artwork/608.png
609,Chandelure,5,100,34.3,260,True,black,arms,none,False,https://raw.githubusercontent.com/PokeAPI/sprites/master/sprites/pokemon/other/official-artwork/609.png
610,Axew,5,60,18.0,64,True,green,upright,none,False,https://raw.githubusercontent.com/PokeAPI/sprites/master/sprites/pokemon/other/official-artwork/610.png
611,Fraxure,5,100,36.0,144,True,green,upright,none,False,https://raw.githubusercontent.com/PokeAPI/sprites/master/sprites/pokemon/other/official-artwork/611.png
612,Haxorus,5,180,105.5,270,True,yellow,upright,none,False,https://raw.githubusercontent.com/PokeAPI/sprites/master/sprites/pokemon/other/official-artwork/612.png
613,Cubchoo,5,50,8.5,61,True,white,upright,none,False,https://raw.githubusercontent.com/PokeAPI/sprites/master/sprites/pokemon/other/official-artwork/613.png
614,Beartic,5,260,260.0,177,True,white,quadruped,none,False,https://raw.githubusercontent.com/PokeAPI/sprites/master/sprites/pokemon/other/official-artwork/614.png
615,Cryogonal,5,110,148.0,180,True,blue,ball,none,False,https://raw.githubusercontent.com/PokeAPI/sprites/master/sprites/pokemon/other/official-artwork/615.png
616,Shelmet,5,40,7.7,61,True,red,ball,none,False,https://raw.githubusercontent.com/PokeAPI/sprites/master/sprites/pokemon/other/official-artwork/616.png
617,Accelgor,5,80,25.3,173,True,red,arms,none,False,https://raw.githubusercontent.com/PokeAPI/sprites/master/sprites/pokemon/other/official-artwork/617.png
618,Stunfisk,5,70,11.0,165,True,brown,fish,none,False,https://raw.githubusercontent.com/PokeAPI/sprites/master/sprites/pokemon/other/official-artwork/618.png
619,Mienfoo,5,90,20.0,70,True,yellow,upright,none,False,https://raw.githubusercontent.com/PokeAPI/sprites/master/sprites/pokemon/other/official-artwork/619.png
620,Mienshao,5,140,35.5,179,True,purple,upright,none,False,https://raw.githubusercontent.com/PokeAPI/sprites/master/sprites/pokemon/other/official-artwork/620.png
621,Druddigon,5,160,139.0,170,True,red,upright,none,False,https://raw.githubusercontent.com/PokeAPI/sprites/master/sprites/pokemon/other/official-artwork/621.png
622,Golett,5,100,92.0,61,True,green,humanoid,none,False,https://raw.githubusercontent.com/PokeAPI/sprites/master/sprites/pokemon/other/official-artwork/622.png
623,Golurk,5,280,330.0,169,True,green,humanoid,none,False,https://raw.githubusercontent.com/PokeAPI/sprites/master/sprites/pokemon/other/official-artwork/623.png
624,Pawniard,5,50,10.2,68,True,red,humanoid,none,False,https://raw.githubusercontent.com/PokeAPI/sprites/master/sprites/pokemon/other/official-artwork/624.png
625,Bisharp,5,160,70.0,172,True,red,humanoid,none,False,https://raw.githubusercontent.com/PokeAPI/sprites/master/sprites/pokemon/other/official-artwork/625.png
626,Bouffalant,5,160,94.6,172,True,brown,quadruped,none,False,https://raw.githubusercontent.com/PokeAPI/sprites/master/sprites/pokemon/other/official-artwork/626.png
627,Rufflet,5,50,10.5,70,True,white,wings,none,False,https://raw.githubusercontent.com/PokeAPI/sprites/master/sprites/pokemon/other/official-artwork/627.png
628,Braviary,5,150,41.0,179,True,red,wings,none,False,https://raw.githubusercontent.com/PokeAPI/sprites/master/sprites/pokemon/other/official-artwork/628.png
629,Vullaby,5,50,9.0,74,True,brown,wings,none,False,https://raw.githubusercontent.com/PokeAPI/sprites/master/sprites/pokemon/other/official-artwork/629.png
630,Mandibuzz,5,120,39.5,179,True,brown,wings,none,False,https://raw.githubusercontent.com/PokeAPI/sprites/master/sprites/pokemon/other/official-artwork/630.png
631,Heatmor,5,140,58.0,169,True,red,upright,none,False,https://raw.githubusercontent.com/PokeAPI/sprites/master/sprites/pokemon/other/official-artwork/631.png
632,Durant,5,30,33.0,169,True,gray,armor,none,False,https://raw.githubusercontent.com/PokeAPI/sprites/master/sprites/pokemon/other/official-artwork/632.png
633,Deino,5,80,17.3,60,True,blue,quadruped,none,False,https://raw.githubusercontent.com/PokeAPI/sprites/master/sprites/pokemon/other/official-artwork/633.png
634,Zweilous,5,140,50.0,147,True,blue,quadruped,none,False,https://raw.githubusercontent.com/PokeAPI/sprites/master/sprites/pokemon/other/official-artwork/634.png
635,Hydreigon,5,180,160.0,300,True,blue,upright,none,False,https://raw.githubusercontent.com/PokeAPI/sprites/master/sprites/pokemon/other/official-artwork/635.png
636,Larvesta,5,110,28.8,72,True,white,armor,none,False,https://raw.githubusercontent.com/PokeAPI/sprites/master/sprites/pokemon/other/official-artwork/636.png
637,Volcarona,5,160,46.0,275,True,white,bug-wings,none,False,https://raw.githubusercontent.com/PokeAPI/sprites/master/sprites/pokemon/other/official-artwork/637.png
638,Cobalion,5,210,250.0,290,True,blue,quadruped,none,True,https://raw.githubusercontent.com/PokeAPI/sprites/master/sprites/pokemon/other/official-artwork/638.png
639,Terrakion,5,190,260.0,290,True,gray,quadruped,none,True,https://raw.githubusercontent.com/PokeAPI/sprites/master/sprites/pokemon/other/official-artwork/639.png
640,Virizion,5,200,200.0,290,True,green,quadruped,none,True,https://raw.githubusercontent.com/PokeAPI/sprites/master/sprites/pokemon/other/official-artwork/640.png
641,Tornadus-incarnate,5,150,63.0,290,True,green,arms,none,True,https://raw.githubusercontent.com/PokeAPI/sprites/master/sprites/pokemon/other/official-artwork/641.png
642,Thundurus-incarnate,5,150,61.0,290,True,blue,arms,none,True,https://raw.githubusercontent.com/PokeAPI/sprites/master/sprites/pokemon/other/official-artwork/642.png
643,Reshiram,5,320,330.0,340,True,white,wings,none,True,https://raw.githubusercontent.com/PokeAPI/sprites/master/sprites/pokemon/other/official-artwork/643.png
644,Zekrom,5,290,345.0,340,True,black,upright,none,True,https://raw.githubusercontent.com/PokeAPI/sprites/master/sprites/pokemon/other/official-artwork/644.png
645,Landorus-incarnate,5,150,68.0,300,True,brown,arms,none,True,https://raw.githubusercontent.com/PokeAPI/sprites/master/sprites/pokemon/other/official-artwork/645.png
646,Kyurem,5,300,325.0,330,True,gray,upright,none,True,https://raw.githubusercontent.com/PokeAPI/sprites/master/sprites/pokemon/other/official-artwork/646.png
647,Keldeo-ordinary,5,140,48.5,290,True,yellow,quadruped,none,False,https://raw.githubusercontent.com/PokeAPI/sprites/master/sprites/pokemon/other/official-artwork/647.png
648,Meloetta-aria,5,60,6.5,270,True,white,humanoid,none,False,https://raw.githubusercontent.com/PokeAPI/sprites/master/sprites/pokemon/other/official-artwork/648.png
649,Genesect,5,150,82.5,300,True,purple,humanoid,none,False,https://raw.githubusercontent.com/PokeAPI/sprites/master/sprites/pokemon/other/official-artwork/649.png
650,Chespin,6,40,9.0,63,True,green,upright,none,False,https://raw.githubusercontent.com/PokeAPI/sprites/master/sprites/pokemon/other/official-artwork/650.png
651,Quilladin,6,70,29.0,142,True,green,upright,none,False,https://raw.githubusercontent.com/PokeAPI/sprites/master/sprites/pokemon/other/official-artwork/651.png
652,Chesnaught,6,160,90.0,239,True,green,upright,none,False,https://raw.githubusercontent.com/PokeAPI/sprites/master/sprites/pokemon/other/official-artwork/652.png
653,Fennekin,6,40,9.4,61,True,red,quadruped,none,False,https://raw.githubusercontent.com/PokeAPI/sprites/master/sprites/pokemon/other/official-artwork/653.png
654,Braixen,6,100,14.5,143,True,red,upright,none,False,https://raw.githubusercontent.com/PokeAPI/sprites/master/sprites/pokemon/other/official-artwork/654.png
655,Delphox,6,150,39.0,240,True,red,upright,none,False,https://raw.githubusercontent.com/PokeAPI/sprites/master/sprites/pokemon/other/official-artwork/655.png
656,Froakie,6,30,7.0,63,True,blue,quadruped,none,False,https://raw.githubusercontent.com/PokeAPI/sprites/master/sprites/pokemon/other/official-artwork/656.png
657,Frogadier,6,60,10.9,142,True,blue,humanoid,none,False,https://raw.githubusercontent.com/PokeAPI/sprites/master/sprites/pokemon/other/official-artwork/657.png
658,Greninja,6,150,40.0,239,True,blue,humanoid,none,False,https://raw.githubusercontent.com/PokeAPI/sprites/master/sprites/pokemon/other/official-artwork/658.png
659,Bunnelby,6,40,5.0,47,True,brown,upright,none,False,https://raw.githubusercontent.com/PokeAPI/sprites/master/sprites/pokemon/other/official-artwork/659.png
660,Diggersby,6,100,42.4,148,True,brown,upright,none,False,https://raw.githubusercontent.com/PokeAPI/sprites/master/sprites/pokemon/other/official-artwork/660.png
661,Fletchling,6,30,1.7,56,True,red,wings,none,False,https://raw.githubusercontent.com/PokeAPI/sprites/master/sprites/pokemon/other/official-artwork/661.png
662,Fletchinder,6,70,16.0,134,True,red,wings,none,False,https://raw.githubusercontent.com/PokeAPI/sprites/master/sprites/pokemon/other/official-artwork/662.png
663,Talonflame,6,120,24.5,175,True,red,wings,none,False,https://raw.githubusercontent.com/PokeAPI/sprites/master/sprites/pokemon/other/official-artwork/663.png
664,Scatterbug,6,30,2.5,40,True,black,armor,none,False,https://raw.githubusercontent.com/PokeAPI/sprites/master/sprites/pokemon/other/official-artwork/664.png
665,Spewpa,6,30,8.4,75,True,black,blob,none,False,https://raw.githubusercontent.com/PokeAPI/sprites/master/sprites/pokemon/other/official-artwork/665.png
666,Vivillon,6,120,17.0,185,True,white,bug-wings,none,False,https://raw.githubusercontent.com/PokeAPI/sprites/master/sprites/pokemon/other/official-artwork/666.png
667,Litleo,6,60,13.5,74,True,brown,quadruped,none,False,https://raw.githubusercontent.com/PokeAPI/sprites/master/sprites/pokemon/other/official-artwork/667.png
668,Pyroar,6,150,81.5,177,True,brown,quadruped,none,False,https://raw.githubusercontent.com/PokeAPI/sprites/master/sprites/pokemon/other/official-artwork/668.png
669,Flabebe,6,10,0.1,61,True,white,arms,none,False,https://raw.githubusercontent.com/PokeAPI/sprites/master/sprites/pokemon/other/official-artwork/669.png
670,Floette,6,20,0.9,130,True,white,arms,none,False,https://raw.githubusercontent.com/PokeAPI/sprites/master/sprites/pokemon/other/official-artwork/670.png
671,Florges,6,110,10.0,248,True,white,arms,none,False,https://raw.githubusercontent.com/PokeAPI/sprites/master/sprites/pokemon/other/official-artwork/671.png
672,Skiddo,6,90,31.0,70,True,brown,quadruped,none,False,https://raw.githubusercontent.com/PokeAPI/sprites/master/sprites/pokemon/other/official-artwork/672.png
673,Gogoat,6,170,91.0,186,True,brown,quadruped,none,False,https://raw.githubusercontent.com/PokeAPI/sprites/master/sprites/pokemon/other/official-artwork/673.png
674,Pancham,6,60,8.0,70,True,white,upright,none,False,https://raw.githubusercontent.com/PokeAPI/sprites/master/sprites/pokemon/other/official-artwork/674.png
675,Pangoro,6,210,136.0,173,True,white,humanoid,none,False,https://raw.githubusercontent.com/PokeAPI/sprites/master/sprites/pokemon/other/official-artwork/675.png
676,Furfrou,6,120,28.0,165,True,white,quadruped,none,False,https://raw.githubusercontent.com/PokeAPI/sprites/master/sprites/pokemon/other/official-artwork/676.png
677,Espurr,6,30,3.5,71,True,gray,upright,none,False,https://raw.githubusercontent.com/PokeAPI/sprites/master/sprites/pokemon/other/official-artwork/677.png
678,Meowstic-male,6,60,8.5,163,True,blue,upright,none,False,https://raw.githubusercontent.com/PokeAPI/sprites/master/sprites/pokemon/other/official-artwork/678.png
679,Honedge,6,80,2.0,65,True,brown,blob,none,False,https://raw.githubusercontent.com/PokeAPI/sprites/master/sprites/pokemon/other/official-artwork/679.png
680,Doublade,6,80,4.5,157,True,brown,heads,none,False,https://raw.githubusercontent.com/PokeAPI/sprites/master/sprites/pokemon/other/official-artwork/680.png
681,Aegislash-shield,6,170,53.0,250,True,brown,blob,none,False,https://raw.githubusercontent.com/PokeAPI/sprites/master/sprites/pokemon/other/official-artwork/681.png
682,Spritzee,6,20,0.5,68,True,pink,arms,none,False,https://raw.githubusercontent.com/PokeAPI/sprites/master/sprites/pokemon/other/official-artwork/682.png
683,Aromatisse,6,80,15.5,162,True,pink,humanoid,none,False,https://raw.githubusercontent.com/PokeAPI/sprites/master/sprites/pokemon/other/official-artwork/683.png
684,Swirlix,6,40,3.5,68,True,white,legs,none,False,https://raw.githubusercontent.com/PokeAPI/sprites/master/sprites/pokemon/other/official-artwork/684.png
685,Slurpuff,6,80,5.0,168,True,white,humanoid,none,False,https://raw.githubusercontent.com/PokeAPI/sprites/master/sprites/pokemon/other/official-artwork/685.png
686,Inkay,6,40,3.5,58,True,blue,tentacles,none,False,https://raw.githubusercontent.com/PokeAPI/sprites/master/sprites/pokemon/other/official-artwork/686.png
687,Malamar,6,150,47.0,169,True,blue,blob,none,False,https://raw.githubusercontent.com/PokeAPI/sprites/master/sprites/pokemon/other/official-artwork/687.png
688,Binacle,6,50,31.0,61,True,brown,heads,none,False,https://raw.githubusercontent.com/PokeAPI/sprites/master/sprites/pokemon/other/official-artwork/688.png
689,Barbaracle,6,130,96.0,175,True,brown,heads,none,False,https://raw.githubusercontent.com/PokeAPI/sprites/master/sprites/pokemon/other/official-artwork/689.png
690,Skrelp,6,50,7.3,64,True,brown,blob,none,False,https://raw.githubusercontent.com/PokeAPI/sprites/master/sprites/pokemon/other/official-artwork/690.png
691,Dragalge,6,180,81.5,173,True,brown,blob,none,False,https://raw.githubusercontent.com/PokeAPI/sprites/master/sprites/pokemon/other/official-artwork/691.png
692,Clauncher,6,50,8.3,66,True,blue,armor,none,False,https://raw.githubusercontent.com/PokeAPI/sprites/master/sprites/pokemon/other/official-artwork/692.png
693,Clawitzer,6,130,35.3,100,True,blue,squiggle,none,False,https://raw.githubusercontent.com/PokeAPI/sprites/master/sprites/pokemon/other/official-artwork/693.png
694,Helioptile,6,50,6.0,58,True,yellow,upright,none,False,https://raw.githubusercontent.com/PokeAPI/sprites/master/sprites/pokemon/other/official-artwork/694.png
695,Heliolisk,6,100,21.0,168,True,yellow,upright,none,False,https://raw.githubusercontent.com/PokeAPI/sprites/master/sprites/pokemon/other/official-artwork/695.png
696,Tyrunt,6,80,26.0,72,True,brown,upright,none,False,https://raw.githubusercontent.com/PokeAPI/sprites/master/sprites/pokemon/other/official-artwork/696.png
697,Tyrantrum,6,250,270.0,182,True,red,upright,none,False,https://raw.githubusercontent.com/PokeAPI/sprites/master/sprites/pokemon/other/official-artwork/697.png
698,Amaura,6,130,25.2,72,True,blue,quadruped,none,False,https://raw.githubusercontent.com/PokeAPI/sprites/master/sprites/pokemon/other/official-artwork/698.png
699,Aurorus,6,270,225.0,104,True,blue,quadruped,none,False,https://raw.githubusercontent.com/PokeAPI/sprites/master/sprites/pokemon/other/official-artwork/699.png
700,Sylveon,6,100,23.5,184,True,pink,quadruped,none,False,https://raw.githubusercontent.com/PokeAPI/sprites/master/sprites/pokemon/other/official-artwork/700.png
701,Hawlucha,6,80,21.5,175,True,green,humanoid,none,False,https://raw.githubusercontent.com/PokeAPI/sprites/master/sprites/pokemon/other/official-artwork/701.png
702,Dedenne,6,20,2.2,151,True,yellow,upright,none,False,https://raw.githubusercontent.com/PokeAPI/sprites/master/sprites/pokemon/other/official-artwork/702.png
703,Carbink,6,30,5.7,100,True,gray,ball,none,False,https://raw.githubusercontent.com/PokeAPI/sprites/master/sprites/pokemon/other/official-artwork/703.png
704,Goomy,6,30,2.8,60,True,purple,squiggle,none,False,https://raw.githubusercontent.com/PokeAPI/sprites/master/sprites/pokemon/other/official-artwork/704.png
705,Sliggoo,6,80,17.5,158,True,purple,squiggle,none,False,https://raw.githubusercontent.com/PokeAPI/sprites/master/sprites/pokemon/other/official-artwork/705.png
706,Goodra,6,200,150.5,300,True,purple,upright,none,False,https://raw.githubusercontent.com/PokeAPI/sprites/master/sprites/pokemon/other/official-artwork/706.png
707,Klefki,6,20,3.0,165,True,gray,ball,none,False,https://raw.githubusercontent.com/PokeAPI/sprites/master/sprites/pokemon/other/official-artwork/707.png
708,Phantump,6,40,7.0,62,True,brown,arms,none,False,https://raw.githubusercontent.com/PokeAPI/sprites/master/sprites/pokemon/other/official-artwork/708.png
709,Trevenant,6,150,71.0,166,True,brown,tentacles,none,False,https://raw.githubusercontent.com/PokeAPI/sprites/master/sprites/pokemon/other/official-artwork/709.png
710,Pumpkaboo-average,6,40,5.0,67,True,brown,ball,none,False,https://raw.githubusercontent.com/PokeAPI/sprites/master/sprites/pokemon/other/official-artwork/710.png
711,Gourgeist-average,6,90,12.5,173,True,brown,blob,none,False,https://raw.githubusercontent.com/PokeAPI/sprites/master/sprites/pokemon/other/official-artwork/711.png
712,Bergmite,6,100,99.5,61,True,blue,quadruped,none,False,https://raw.githubusercontent.com/PokeAPI/sprites/master/sprites/pokemon/other/official-artwork/712.png
713,Avalugg,6,200,505.0,180,True,blue,quadruped,none,False,https://raw.githubusercontent.com/PokeAPI/sprites/master/sprites/pokemon/other/official-artwork/713.png
714,Noibat,6,50,8.0,49,True,purple,wings,none,False,https://raw.githubusercontent.com/PokeAPI/sprites/master/sprites/pokemon/other/official-artwork/714.png
715,Noivern,6,150,85.0,187,True,purple,wings,none,False,https://raw.githubusercontent.com/PokeAPI/sprites/master/sprites/pokemon/other/official-artwork/715.png
716,Xerneas,6,300,215.0,340,True,blue,quadruped,none,True,https://raw.githubusercontent.com/PokeAPI/sprites/master/sprites/pokemon/other/official-artwork/716.png
717,Yveltal,6,580,203.0,340,True,red,wings,none,True,https://raw.githubusercontent.com/PokeAPI/sprites/master/sprites/pokemon/other/official-artwork/717.png
718,Zygarde-50,6,500,305.0,300,True,green,squiggle,none,True,https://raw.githubusercontent.com/PokeAPI/sprites/master/sprites/pokemon/other/official-artwork/718.png
719,Diancie,6,70,8.8,300,True,pink,arms,none,False,https://raw.githubusercontent.com/PokeAPI/sprites/master/sprites/pokemon/other/official-artwork/719.png
720,Hoopa,6,50,9.0,270,True,purple,arms,none,False,https://raw.githubusercontent.com/PokeAPI/sprites/master/sprites/pokemon/other/official-artwork/720.png
721,Volcanion,6,170,195.0,300,True,brown,quadruped,none,False,https://raw.githubusercontent.com/PokeAPI/sprites/master/sprites/pokemon/other/official-artwork/721.png
722,Rowlet,7,30,1.5,64,True,brown,wings,none,False,https://raw.githubusercontent.com/PokeAPI/sprites/master/sprites/pokemon/other/official-artwork/722.png
723,Dartrix,7,70,16.0,147,True,brown,wings,none,False,https://raw.githubusercontent.com/PokeAPI/sprites/master/sprites/pokemon/other/official-artwork/723.png
724,Decidueye,7,160,36.6,265,True,brown,wings,none,False,https://raw.githubusercontent.com/PokeAPI/sprites/master/sprites/pokemon/other/official-artwork/724.png
725,Litten,7,40,4.3,64,True,red,quadruped,none,False,https://raw.githubusercontent.com/PokeAPI/sprites/master/sprites/pokemon/other/official-artwork/725.png
726,Torracat,7,70,25.0,147,True,red,quadruped,none,False,https://raw.githubusercontent.com/PokeAPI/sprites/master/sprites/pokemon/other/official-artwork/726.png
727,Incineroar,7,180,83.0,265,True,red,upright,none,False,https://raw.githubusercontent.com/PokeAPI/sprites/master/sprites/pokemon/other/official-artwork/727.png
728,Popplio,7,40,7.5,64,True,blue,fish,none,False,https://raw.githubusercontent.com/PokeAPI/sprites/master/sprites/pokemon/other/official-artwork/728.png
729,Brionne,7,60,17.5,147,True,blue,fish,none,False,https://raw.githubusercontent.com/PokeAPI/sprites/master/sprites/pokemon/other/official-artwork/729.png
730,Primarina,7,180,44.0,265,True,blue,fish,none,False,https://raw.githubusercontent.com/PokeAPI/sprites/master/sprites/pokemon/other/official-artwork/730.png
731,Pikipek,7,30,1.2,53,True,black,wings,none,False,https://raw.githubusercontent.com/PokeAPI/sprites/master/sprites/pokemon/other/official-artwork/731.png
732,Trumbeak,7,60,14.8,124,True,black,wings,none,False,https://raw.githubusercontent.com/PokeAPI/sprites/master/sprites/pokemon/other/official-artwork/732.png
733,Toucannon,7,110,26.0,218,True,black,wings,none,False,https://raw.githubusercontent.com/PokeAPI/sprites/master/sprites/pokemon/other/official-artwork/733.png
734,Yungoos,7,40,6.0,51,True,brown,quadruped,none,False,https://raw.githubusercontent.com/PokeAPI/sprites/master/sprites/pokemon/other/official-artwork/734.png
735,Gumshoos,7,70,14.2,146,True,brown,quadruped,none,False,https://raw.githubusercontent.com/PokeAPI/sprites/master/sprites/pokemon/other/official-artwork/735.png
736,Grubbin,7,40,4.4,60,True,gray,armor,none,False,https://raw.githubusercontent.com/PokeAPI/sprites/master/sprites/pokemon/other/official-artwork/736.png
737,Charjabug,7,50,10.5,140,True,green,squiggle,none,False,https://raw.githubusercontent.com/PokeAPI/sprites/master/sprites/pokemon/other/official-artwork/737.png
738,Vikavolt,7,150,45.0,250,True,blue,armor,none,False,https://raw.githubusercontent.com/PokeAPI/sprites/master/sprites/pokemon/other/official-artwork/738.png
739,Crabrawler,7,60,7.0,68,True,purple,armor,none,False,https://raw.githubusercontent.com/PokeAPI/sprites/master/sprites/pokemon/other/official-artwork/739.png
740,Crabominable,7,170,180.0,167,True,white,armor,none,False,https://raw.githubusercontent.com/PokeAPI/sprites/master/sprites/pokemon/other/official-artwork/740.png
741,Oricorio-baile,7,60,3.4,167,True,red,wings,none,False,https://raw.githubusercontent.com/PokeAPI/sprites/master/sprites/pokemon/other/official-artwork/741.png
742,Cutiefly,7,10,0.2,61,True,yellow,armor,none,False,https://raw.githubusercontent.com/PokeAPI/sprites/master/sprites/pokemon/other/official-artwork/742.png
743,Ribombee,7,20,0.5,162,True,yellow,bug-wings,none,False,https://raw.githubusercontent.com/PokeAPI/sprites/master/sprites/pokemon/other/official-artwork/743.png
744,Rockruff,7,50,9.2,56,True,brown,quadruped,none,False,https://raw.githubusercontent.com/PokeAPI/sprites/master/sprites/pokemon/other/official-artwork/744.png
745,Lycanroc-midday,7,80,25.0,170,True,brown,quadruped,none,False,https://raw.githubusercontent.com/PokeAPI/sprites/master/sprites/pokemon/other/official-artwork/745.png
746,Wishiwashi-solo,7,20,0.3,61,True,blue,fish,none,False,https://raw.githubusercontent.com/PokeAPI/sprites/master/sprites/pokemon/other/official-artwork/746.png
747,Mareanie,7,40,8.0,61,True,blue,blob,none,False,https://raw.githubusercontent.com/PokeAPI/sprites/master/sprites/pokemon/other/official-artwork/747.png
748,Toxapex,7,70,14.5,173,True,blue,tentacles,none,False,https://raw.githubusercontent.com/PokeAPI/sprites/master/sprites/pokemon/other/official-artwork/748.png
749,Mudbray,7,100,110.0,77,True,brown,quadruped,none,False,https://raw.githubusercontent.com/PokeAPI/sprites/master/sprites/pokemon/other/official-artwork/749.png
750,Mudsdale,7,250,920.0,175,True,brown,quadruped,none,False,https://raw.githubusercontent.com/PokeAPI/sprites/master/sprites/pokemon/other/official-artwork/750.png
751,Dewpider,7,30,4.0,54,True,green,legs,none,False,https://raw.githubusercontent.com/PokeAPI/sprites/master/sprites/pokemon/other/official-artwork/751.png
752,Araquanid,7,180,82.0,159,True,green,armor,none,False,https://raw.githubusercontent.com/PokeAPI/sprites/master/sprites/pokemon/other/official-artwork/752.png
753,Fomantis,7,30,1.5,50,True,pink,upright,none,False,https://raw.githubusercontent.com/PokeAPI/sprites/master/sprites/pokemon/other/official-artwork/753.png
754,Lurantis,7,90,18.5,168,True,pink,humanoid,none,False,https://raw.githubusercontent.com/PokeAPI/sprites/master/sprites/pokemon/other/official-artwork/754.png
755,Morelull,7,20,1.5,57,True,purple,blob,none,False,https://raw.githubusercontent.com/PokeAPI/sprites/master/sprites/pokemon/other/official-artwork/755.png
756,Shiinotic,7,100,11.5,142,True,purple,humanoid,none,False,https://raw.githubusercontent.com/PokeAPI/sprites/master/sprites/pokemon/other/official-artwork/756.png
757,Salandit,7,60,4.8,64,True,black,quadruped,none,False,https://raw.githubusercontent.com/PokeAPI/sprites/master/sprites/pokemon/other/official-artwork/757.png
758,Salazzle,7,120,22.2,168,True,black,quadruped,none,False,https://raw.githubusercontent.com/PokeAPI/sprites/master/sprites/pokemon/other/official-artwork/758.png
759,Stufful,7,50,6.8,68,True,pink,quadruped,none,False,https://raw.githubusercontent.com/PokeAPI/sprites/master/sprites/pokemon/other/official-artwork/759.png
760,Bewear,7,210,135.0,175,True,pink,upright,none,False,https://raw.githubusercontent.com/PokeAPI/sprites/master/sprites/pokemon/other/official-artwork/760.png
761,Bounsweet,7,30,3.2,42,True,purple,legs,none,False,https://raw.githubusercontent.com/PokeAPI/sprites/master/sprites/pokemon/other/official-artwork/761.png
762,Steenee,7,70,8.2,102,True,purple,humanoid,none,False,https://raw.githubusercontent.com/PokeAPI/sprites/master/sprites/pokemon/other/official-artwork/762.png
763,Tsareena,7,120,21.4,255,True,purple,humanoid,none,False,https://raw.githubusercontent.com/PokeAPI/sprites/master/sprites/pokemon/other/official-artwork/763.png
764,Comfey,7,10,0.3,170,True,green,ball,none,False,https://raw.githubusercontent.com/PokeAPI/sprites/master/sprites/pokemon/other/official-artwork/764.png
765,Oranguru,7,150,76.0,172,True,white,humanoid,none,False,https://raw.githubusercontent.com/PokeAPI/sprites/master/sprites/pokemon/other/official-artwork/765.png
766,Passimian,7,200,82.8,172,True,white,upright,none,False,https://raw.githubusercontent.com/PokeAPI/sprites/master/sprites/pokemon/other/official-artwork/766.png
767,Wimpod,7,50,12.0,46,True,gray,tentacles,none,False,https://raw.githubusercontent.com/PokeAPI/sprites/master/sprites/pokemon/other/official-artwork/767.png
768,Golisopod,7,200,108.0,186,True,gray,humanoid,none,False,https://raw.githubusercontent.com/PokeAPI/sprites/master/sprites/pokemon/other/official-artwork/768.png
769,Sandygast,7,50,70.0,64,True,brown,squiggle,none,False,https://raw.githubusercontent.com/PokeAPI/sprites/master/sprites/pokemon/other/official-artwork/769.png
770,Palossand,7,130,250.0,168,True,brown,squiggle,none,False,https://raw.githubusercontent.com/PokeAPI/sprites/master/sprites/pokemon/other/official-artwork/770.png
771,Pyukumuku,7,30,1.2,144,True,black,squiggle,none,False,https://raw.githubusercontent.com/PokeAPI/sprites/master/sprites/pokemon/other/official-artwork/771.png
772,Type-null,7,190,120.5,107,True,gray,quadruped,none,False,https://raw.githubusercontent.com/PokeAPI/sprites/master/sprites/pokemon/other/official-artwork/772.png
773,Silvally,7,230,100.5,285,True,gray,quadruped,none,True,https://raw.githubusercontent.com/PokeAPI/sprites/master/sprites/pokemon/other/official-artwork/773.png
774,Minior-red-meteor,7,30,40.0,154,True,brown,ball,none,False,https://raw.githubusercontent.com/PokeAPI/sprites/master/sprites/pokemon/other/official-artwork/774.png
775,Komala,7,40,19.9,168,True,blue,humanoid,none,False,https://raw.githubusercontent.com/PokeAPI/sprites/master/sprites/pokemon/other/official-artwork/775.png
776,Turtonator,7,200,212.0,170,True,red,upright,none,False,https://raw.githubusercontent.com/PokeAPI/sprites/master/sprites/pokemon/other/official-artwork/776.png
777,Togedemaru,7,30,3.3,152,True,gray,upright,none,False,https://raw.githubusercontent.com/PokeAPI/sprites/master/sprites/pokemon/other/official-artwork/777.png
778,Mimikyu-disguised,7,20,0.7,167,True,yellow,squiggle,none,False,https://raw.githubusercontent.com/PokeAPI/sprites/master/sprites/pokemon/other/official-artwork/778.png
779,Bruxish,7,90,19.0,166,True,pink,fish,none,False,https://raw.githubusercontent.com/PokeAPI/sprites/master/sprites/pokemon/other/official-artwork/779.png
780,Drampa,7,300,185.0,170,True,white,squiggle,none,False,https://raw.githubusercontent.com/PokeAPI/sprites/master/sprites/pokemon/other/official-artwork/780.png
781,Dhelmise,7,390,210.0,181,True,green,blob,none,False,https://raw.githubusercontent.com/PokeAPI/sprites/master/sprites/pokemon/other/official-artwork/781.png
782,Jangmo-o,7,60,29.7,60,True,gray,quadruped,none,False,https://raw.githubusercontent.com/PokeAPI/sprites/master/sprites/pokemon/other/official-artwork/782.png
783,Hakamo-o,7,120,47.0,147,True,gray,upright,none,False,https://raw.githubusercontent.com/PokeAPI/sprites/master/sprites/pokemon/other/official-artwork/783.png
784,Kommo-o,7,160,78.2,300,True,gray,upright,none,False,https://raw.githubusercontent.com/PokeAPI/sprites/master/sprites/pokemon/other/official-artwork/784.png
785,Tapu-koko,7,180,20.5,285,True,yellow,arms,none,True,https://raw.githubusercontent.com/PokeAPI/sprites/master/sprites/pokemon/other/official-artwork/785.png
786,Tapu-lele,7,120,18.6,285,True,pink,arms,none,True,https://raw.githubusercontent.com/PokeAPI/sprites/master/sprites/pokemon/other/official-artwork/786.png
787,Tapu-bulu,7,190,45.5,285,True,red,arms,none,True,https://raw.githubusercontent.com/PokeAPI/sprites/master/sprites/pokemon/other/official-artwork/787.png
788,Tapu-fini,7,130,21.2,285,True,purple,arms,none,True,https://raw.githubusercontent.com/PokeAPI/sprites/master/sprites/pokemon/other/official-artwork/788.png
789,Cosmog,7,20,0.1,40,True,blue,ball,none,True,https://raw.githubusercontent.com/PokeAPI/sprites/master/sprites/pokemon/other/official-artwork/789.png
790,Cosmoem,7,10,999.9,140,True,blue,ball,none,True,https://raw.githubusercontent.com/PokeAPI/sprites/master/sprites/pokemon/other/official-artwork/790.png
791,Solgaleo,7,340,230.0,340,True,white,quadruped,none,True,https://raw.githubusercontent.com/PokeAPI/sprites/master/sprites/pokemon/other/official-artwork/791.png
792,Lunala,7,400,120.0,340,True,purple,wings,none,True,https://raw.githubusercontent.com/PokeAPI/sprites/master/sprites/pokemon/other/official-artwork/792.png
793,Nihilego,7,120,55.5,285,True,white,tentacles,none,False,https://raw.githubusercontent.com/PokeAPI/sprites/master/sprites/pokemon/other/official-artwork/793.png
794,Buzzwole,7,240,333.6,285,True,red,tentacles,none,False,https://raw.githubusercontent.com/PokeAPI/sprites/master/sprites/pokemon/other/official-artwork/794.png
795,Pheromosa,7,180,25.0,285,True,white,humanoid,none,False,https://raw.githubusercontent.com/PokeAPI/sprites/master/sprites/pokemon/other/official-artwork/795.png
796,Xurkitree,7,380,100.0,285,True,black,upright,none,False,https://raw.githubusercontent.com/PokeAPI/sprites/master/sprites/pokemon/other/official-artwork/796.png
797,Celesteela,7,920,999.9,285,True,green,humanoid,none,False,https://raw.githubusercontent.com/PokeAPI/sprites/master/sprites/pokemon/other/official-artwork/797.png
798,Kartana,7,30,0.1,285,True,white,humanoid,none,False,https://raw.githubusercontent.com/PokeAPI/sprites/master/sprites/pokemon/other/official-artwork/798.png
799,Guzzlord,7,550,888.0,285,True,black,upright,none,False,https://raw.githubusercontent.com/PokeAPI/sprites/master/sprites/pokemon/other/official-artwork/799.png
800,Necrozma,7,240,230.0,300,True,black,arms,none,True,https://raw.githubusercontent.com/PokeAPI/sprites/master/sprites/pokemon/other/official-artwork/800.png
801,Magearna,7,100,80.5,300,True,gray,humanoid,none,False,https://raw.githubusercontent.com/PokeAPI/sprites/master/sprites/pokemon/other/official-artwork/801.png
802,Marshadow,7,70,22.2,300,True,gray,humanoid,none,False,https://raw.githubusercontent.com/PokeAPI/sprites/master/sprites/pokemon/other/official-artwork/802.png
803,Poipole,7,60,1.8,210,True,purple,upright,none,False,https://raw.githubusercontent.com/PokeAPI/sprites/master/sprites/pokemon/other/official-artwork/803.png
804,Naganadel,7,360,150.0,270,True,purple,wings,none,False,https://raw.githubusercontent.com/PokeAPI/sprites/master/sprites/pokemon/other/official-artwork/804.png
805,Stakataka,7,550,820.0,285,True,gray,quadruped,none,False,https://raw.githubusercontent.com/PokeAPI/sprites/master/sprites/pokemon/other/official-artwork/805.png
806,Blacephalon,7,180,13.0,285,True,white,humanoid,none,False,https://raw.githubusercontent.com/PokeAPI/sprites/master/sprites/pokemon/other/official-artwork/806.png
807,Zeraora,7,150,44.5,300,True,yellow,humanoid,none,False,https://raw.githubusercontent.com/PokeAPI/sprites/master/sprites/pokemon/other/official-artwork/807.png
808,Meltan,7,20,8.0,150,True,gray,ball,none,False,https://raw.githubusercontent.com/PokeAPI/sprites/master/sprites/pokemon/other/official-artwork/808.png
809,Melmetal,7,250,800.0,300,True,gray,humanoid,none,False,https://raw.githubusercontent.com/PokeAPI/sprites/master/sprites/pokemon/other/official-artwork/809.png
810,Grookey,8,30,5.0,62,True,green,upright,none,False,https://raw.githubusercontent.com/PokeAPI/sprites/master/sprites/pokemon/other/official-artwork/810.png
811,Thwackey,8,70,14.0,147,True,green,upright,none,False,https://raw.githubusercontent.com/PokeAPI/sprites/master/sprites/pokemon/other/official-artwork/811.png
812,Rillaboom,8,210,90.0,265,True,green,humanoid,none,False,https://raw.githubusercontent.com/PokeAPI/sprites/master/sprites/pokemon/other/official-artwork/812.png
813,Scorbunny,8,30,4.5,62,True,white,upright,none,False,https://raw.githubusercontent.com/PokeAPI/sprites/master/sprites/pokemon/other/official-artwork/813.png
814,Raboot,8,60,9.0,147,True,gray,upright,none,False,https://raw.githubusercontent.com/PokeAPI/sprites/master/sprites/pokemon/other/official-artwork/814.png
815,Cinderace,8,140,33.0,265,True,white,upright,none,False,https://raw.githubusercontent.com/PokeAPI/sprites/master/sprites/pokemon/other/official-artwork/815.png
816,Sobble,8,30,4.0,62,True,blue,quadruped,none,False,https://raw.githubusercontent.com/PokeAPI/sprites/master/sprites/pokemon/other/official-artwork/816.png
817,Drizzile,8,70,11.5,147,True,blue,upright,none,False,https://raw.githubusercontent.com/PokeAPI/sprites/master/sprites/pokemon/other/official-artwork/817.png
818,Inteleon,8,190,45.2,265,True,blue,upright,none,False,https://raw.githubusercontent.com/PokeAPI/sprites/master/sprites/pokemon/other/official-artwork/818.png
819,Skwovet,8,30,2.5,55,True,brown,upright,none,False,https://raw.githubusercontent.com/PokeAPI/sprites/master/sprites/pokemon/other/official-artwork/819.png
820,Greedent,8,60,6.0,161,True,brown,upright,none,False,https://raw.githubusercontent.com/PokeAPI/sprites/master/sprites/pokemon/other/official-artwork/820.png
821,Rookidee,8,20,1.8,49,True,blue,wings,none,False,https://raw.githubusercontent.com/PokeAPI/sprites/master/sprites/pokemon/other/official-artwork/821.png
822,Corvisquire,8,80,16.0,128,True,blue,wings,none,False,https://raw.githubusercontent.com/PokeAPI/sprites/master/sprites/pokemon/other/official-artwork/822.png
823,Corviknight,8,220,75.0,248,True,purple,wings,none,False,https://raw.githubusercontent.com/PokeAPI/sprites/master/sprites/pokemon/other/official-artwork/823.png
824,Blipbug,8,40,8.0,36,True,blue,armor,none,False,https://raw.githubusercontent.com/PokeAPI/sprites/master/sprites/pokemon/other/official-artwork/824.png
825,Dottler,8,40,19.5,117,True,yellow,armor,none,False,https://raw.githubusercontent.com/PokeAPI/sprites/master/sprites/pokemon/other/official-artwork/825.png
826,Orbeetle,8,40,40.8,253,True,red,wings,none,False,https://raw.githubusercontent.com/PokeAPI/sprites/master/sprites/pokemon/other/official-artwork/826.png
827,Nickit,8,60,8.9,49,True,brown,quadruped,none,False,https://raw.githubusercontent.com/PokeAPI/sprites/master/sprites/pokemon/other/official-artwork/827.png
828,Thievul,8,120,19.9,159,True,brown,quadruped,none,False,https://raw.githubusercontent.com/PokeAPI/sprites/master/sprites/pokemon/other/official-artwork/828.png
829,Gossifleur,8,40,2.2,50,True,green,blob,none,False,https://raw.githubusercontent.com/PokeAPI/sprites/master/sprites/pokemon/other/official-artwork/829.png
830,Eldegoss,8,50,2.5,161,True,green,blob,none,False,https://raw.githubusercontent.com/PokeAPI/sprites/master/sprites/pokemon/other/official-artwork/830.png
831,Wooloo,8,60,6.0,122,True,white,quadruped,none,False,https://raw.githubusercontent.com/PokeAPI/sprites/master/sprites/pokemon/other/official-artwork/831.png
832,Dubwool,8,130,43.0,172,True,white,quadruped,none,False,https://raw.githubusercontent.com/PokeAPI/sprites/master/sprites/pokemon/other/official-artwork/832.png
833,Chewtle,8,30,8.5,57,True,green,quadruped,none,False,https://raw.githubusercontent.com/PokeAPI/sprites/master/sprites/pokemon/other/official-artwork/833.png
834,Drednaw,8,100,115.5,170,True,green,quadruped,none,False,https://raw.githubusercontent.com/PokeAPI/sprites/master/sprites/pokemon/other/official-artwork/834.png
835,Yamper,8,30,13.5,54,True,yellow,quadruped,none,False,https://raw.githubusercontent.com/PokeAPI/sprites/master/sprites/pokemon/other/official-artwork/835.png
836,Boltund,8,100,34.0,172,True,yellow,quadruped,none,False,https://raw.githubusercontent.com/PokeAPI/sprites/master/sprites/pokemon/other/official-artwork/836.png
837,Rolycoly,8,30,12.0,48,True,black,ball,none,False,https://raw.githubusercontent.com/PokeAPI/sprites/master/sprites/pokemon/other/official-artwork/837.png
838,Carkol,8,110,78.0,144,True,black,legs,none,False,https://raw.githubusercontent.com/PokeAPI/sprites/master/sprites/pokemon/other/official-artwork/838.png
839,Coalossal,8,280,310.5,255,True,black,humanoid,none,False,https://raw.githubusercontent.com/PokeAPI/sprites/master/sprites/pokemon/other/official-artwork/839.png
840,Applin,8,20,0.5,52,True,green,squiggle,none,False,https://raw.githubusercontent.com/PokeAPI/sprites/master/sprites/pokemon/other/official-artwork/840.png
841,Flapple,8,30,1.0,170,True,green,wings,none,False,https://raw.githubusercontent.com/PokeAPI/sprites/master/sprites/pokemon/other/official-artwork/841.png
842,Appletun,8,40,13.0,170,True,green,quadruped,none,False,https://raw.githubusercontent.com/PokeAPI/sprites/master/sprites/pokemon/other/official-artwork/842.png
843,Silicobra,8,220,7.6,63,True,green,squiggle,none,False,https://raw.githubusercontent.com/PokeAPI/sprites/master/sprites/pokemon/other/official-artwork/843.png
844,Sandaconda,8,380,65.5,179,True,green,squiggle,none,False,https://raw.githubusercontent.com/PokeAPI/sprites/master/sprites/pokemon/other/official-artwork/844.png
845,Cramorant,8,80,18.0,166,True,blue,wings,none,False,https://raw.githubusercontent.com/PokeAPI/sprites/master/sprites/pokemon/other/official-artwork/845.png
846,Arrokuda,8,50,1.0,56,True,brown,fish,none,False,https://raw.githubusercontent.com/PokeAPI/sprites/master/sprites/pokemon/other/official-artwork/846.png
847,Barraskewda,8,130,30.0,172,True,brown,fish,none,False,https://raw.githubusercontent.com/PokeAPI/sprites/master/sprites/pokemon/other/official-artwork/847.png
848,Toxel,8,40,11.0,48,True,purple,upright,none,False,https://raw.githubusercontent.com/PokeAPI/sprites/master/sprites/pokemon/other/official-artwork/848.png
849,Toxtricity-amped,8,160,40.0,176,True,purple,upright,none,False,https://raw.githubusercontent.com/PokeAPI/sprites/master/sprites/pokemon/other/official-artwork/849.png
850,Sizzlipede,8,70,1.0,61,True,red,tentacles,none,False,https://raw.githubusercontent.com/PokeAPI/sprites/master/sprites/pokemon/other/official-artwork/850.png
851,Centiskorch,8,300,120.0,184,True,red,tentacles,none,False,https://raw.githubusercontent.com/PokeAPI/sprites/master/sprites/pokemon/other/official-artwork/851.png
852,Clobbopus,8,60,4.0,62,True,brown,tentacles,none,False,https://raw.githubusercontent.com/PokeAPI/sprites/master/sprites/pokemon/other/official-artwork/852.png
853,Grapploct,8,160,39.0,168,True,blue,tentacles,none,False,https://raw.githubusercontent.com/PokeAPI/sprites/master/sprites/pokemon/other/official-artwork/853.png
854,Sinistea,8,10,0.2,62,True,purple,ball,none,False,https://raw.githubusercontent.com/PokeAPI/sprites/master/sprites/pokemon/other/official-artwork/854.png
855,Polteageist,8,20,0.4,178,True,purple,ball,none,False,https://raw.githubusercontent.com/PokeAPI/sprites/master/sprites/pokemon/other/official-artwork/855.png
856,Hatenna,8,40,3.4,53,True,pink,legs,none,False,https://raw.githubusercontent.com/PokeAPI/sprites/master/sprites/pokemon/other/official-artwork/856.png
857,Hattrem,8,60,4.8,130,True,pink,humanoid,none,False,https://raw.githubusercontent.com/PokeAPI/sprites/master/sprites/pokemon/other/official-artwork/857.png
858,Hatterene,8,210,5.1,255,True,pink,blob,none,False,https://raw.githubusercontent.com/PokeAPI/sprites/master/sprites/pokemon/other/official-artwork/858.png
859,Impidimp,8,40,5.5,53,True,pink,humanoid,none,False,https://raw.githubusercontent.com/PokeAPI/sprites/master/sprites/pokemon/other/official-artwork/859.png
860,Morgrem,8,80,12.5,130,True,pink,humanoid,none,False,https://raw.githubusercontent.com/PokeAPI/sprites/master/sprites/pokemon/other/official-artwork/860.png
861,Grimmsnarl,8,150,61.0,255,True,purple,humanoid,none,False,https://raw.githubusercontent.com/PokeAPI/sprites/master/sprites/pokemon/other/official-artwork/861.png
862,Obstagoon,8,160,46.0,260,True,gray,upright,none,False,https://raw.githubusercontent.com/PokeAPI/sprites/master/sprites/pokemon/other/official-artwork/862.png
863,Perrserker,8,80,28.0,154,True,brown,upright,none,False,https://raw.githubusercontent.com/PokeAPI/sprites/master/sprites/pokemon/other/official-artwork/863.png
864,Cursola,8,100,0.4,179,True,white,arms,none,False,https://raw.githubusercontent.com/PokeAPI/sprites/master/sprites/pokemon/other/official-artwork/864.png
865,Sirfetchd,8,80,117.0,177,True,white,wings,none,False,https://raw.githubusercontent.com/PokeAPI/sprites/master/sprites/pokemon/other/official-artwork/865.png
866,Mr-rime,8,150,58.2,182,True,purple,humanoid,none,False,https://raw.githubusercontent.com/PokeAPI/sprites/master/sprites/pokemon/other/official-artwork/866.png
867,Runerigus,8,160,66.6,169,True,gray,blob,none,False,https://raw.githubusercontent.com/PokeAPI/sprites/master/sprites/pokemon/other/official-artwork/867.png
868,Milcery,8,20,0.3,54,True,white,ball,none,False,https://raw.githubusercontent.com/PokeAPI/sprites/master/sprites/pokemon/other/official-artwork/868.png
869,Alcremie,8,30,0.5,173,True,white,blob,none,False,https://raw.githubusercontent.com/PokeAPI/sprites/master/sprites/pokemon/other/official-artwork/869.png
870,Falinks,8,300,62.0,165,True,yellow,heads,none,False,https://raw.githubusercontent.com/PokeAPI/sprites/master/sprites/pokemon/other/official-artwork/870.png
871,Pincurchin,8,30,1.0,152,True,purple,tentacles,none,False,https://raw.githubusercontent.com/PokeAPI/sprites/master/sprites/pokemon/other/official-artwork/871.png
872,Snom,8,30,3.8,37,True,white,squiggle,none,False,https://raw.githubusercontent.com/PokeAPI/sprites/master/sprites/pokemon/other/official-artwork/872.png
873,Frosmoth,8,130,42.0,166,True,white,bug-wings,none,False,https://raw.githubusercontent.com/PokeAPI/sprites/master/sprites/pokemon/other/official-artwork/873.png
874,Stonjourner,8,250,520.0,165,True,gray,legs,none,False,https://raw.githubusercontent.com/PokeAPI/sprites/master/sprites/pokemon/other/official-artwork/874.png
875,Eiscue-ice,8,140,89.0,165,True,blue,upright,none,False,https://raw.githubusercontent.com/PokeAPI/sprites/master/sprites/pokemon/other/official-artwork/875.png
876,Indeedee-male,8,90,28.0,166,True,purple,upright,none,False,https://raw.githubusercontent.com/PokeAPI/sprites/master/sprites/pokemon/other/official-artwork/876.png
877,Morpeko-full-belly,8,30,3.0,153,True,yellow,humanoid,none,False,https://raw.githubusercontent.com/PokeAPI/sprites/master/sprites/pokemon/other/official-artwork/877.png
878,Cufant,8,120,100.0,66,True,yellow,quadruped,none,False,https://raw.githubusercontent.com/PokeAPI/sprites/master/sprites/pokemon/other/official-artwork/878.png
879,Copperajah,8,300,650.0,175,True,green,quadruped,none,False,https://raw.githubusercontent.com/PokeAPI/sprites/master/sprites/pokemon/other/official-artwork/879.png
880,Dracozolt,8,180,190.0,177,True,green,upright,none,False,https://raw.githubusercontent.com/PokeAPI/sprites/master/sprites/pokemon/other/official-artwork/880.png
881,Arctozolt,8,230,150.0,177,True,blue,upright,none,False,https://raw.githubusercontent.com/PokeAPI/sprites/master/sprites/pokemon/other/official-artwork/881.png
882,Dracovish,8,230,215.0,177,True,green,legs,none,False,https://raw.githubusercontent.com/PokeAPI/sprites/master/sprites/pokemon/other/official-artwork/882.png
883,Arctovish,8,200,175.0,177,True,blue,fish,none,False,https://raw.githubusercontent.com/PokeAPI/sprites/master/sprites/pokemon/other/official-artwork/883.png
884,Duraludon,8,180,40.0,187,True,white,upright,none,False,https://raw.githubusercontent.com/PokeAPI/sprites/master/sprites/pokemon/other/official-artwork/884.png
885,Dreepy,8,50,2.0,54,True,green,squiggle,none,False,https://raw.githubusercontent.com/PokeAPI/sprites/master/sprites/pokemon/other/official-artwork/885.png
886,Drakloak,8,140,11.0,144,True,green,arms,none,False,https://raw.githubusercontent.com/PokeAPI/sprites/master/sprites/pokemon/other/official-artwork/886.png
887,Dragapult,8,300,50.0,300,True,green,upright,none,False,https://raw.githubusercontent.com/PokeAPI/sprites/master/sprites/pokemon/other/official-artwork/887.png
888,Zacian,8,280,110.0,335,True,blue,quadruped,none,True,https://raw.githubusercontent.com/PokeAPI/sprites/master/sprites/pokemon/other/official-artwork/888.png
889,Zamazenta,8,290,210.0,335,True,red,quadruped,none,True,https://raw.githubusercontent.com/PokeAPI/sprites/master/sprites/pokemon/other/official-artwork/889.png
890,Eternatus,8,2000,950.0,345,True,purple,wings,none,True,https://raw.githubusercontent.com/PokeAPI/sprites/master/sprites/pokemon/other/official-artwork/890.png
891,Kubfu,8,60,12.0,77,True,gray,upright,none,True,https://raw.githubusercontent.com/PokeAPI/sprites/master/sprites/pokemon/other/official-artwork/891.png
892,Urshifu-single-strike,8,190,105.0,275,True,gray,humanoid,none,True,https://raw.githubusercontent.com/PokeAPI/sprites/master/sprites/pokemon/other/official-artwork/892.png
893,Zarude,8,180,70.0,300,True,green,upright,none,False,https://raw.githubusercontent.com/PokeAPI/sprites/master/sprites/pokemon/other/official-artwork/893.png
894,Regieleki,8,120,145.0,290,True,yellow,humanoid,none,True,https://raw.githubusercontent.com/PokeAPI/sprites/master/sprites/pokemon/other/official-artwork/894.png
895,Regidrago,8,210,200.0,290,True,green,humanoid,none,True,https://raw.githubusercontent.com/PokeAPI/sprites/master/sprites/pokemon/other/official-artwork/895.png
896,Glastrier,8,220,800.0,290,True,white,quadruped,none,True,https://raw.githubusercontent.com/PokeAPI/sprites/master/sprites/pokemon/other/official-artwork/896.png
897,Spectrier,8,200,44.5,290,True,black,quadruped,none,True,https://raw.githubusercontent.com/PokeAPI/sprites/master/sprites/pokemon/other/official-artwork/897.png
898,Calyrex,8,110,7.7,250,True,green,humanoid,none,True,https://raw.githubusercontent.com/PokeAPI/sprites/master/sprites/pokemon/other/official-artwork/898.png
899,Wyrdeer,8,180,95.1,263,True,gray,quadruped,none,False,https://raw.githubusercontent.com/PokeAPI/sprites/master/sprites/pokemon/other/official-artwork/899.png
900,Kleavor,8,180,89.0,175,True,brown,bug-wings,none,False,https://raw.githubusercontent.com/PokeAPI/sprites/master/sprites/pokemon/other/official-artwork/900.png
901,Ursaluna,8,240,290.0,275,True,brown,quadruped,none,False,https://raw.githubusercontent.com/PokeAPI/sprites/master/sprites/pokemon/other/official-artwork/901.png
902,Basculegion-male,8,300,110.0,265,True,green,fish,none,False,https://raw.githubusercontent.com/PokeAPI/sprites/master/sprites/pokemon/other/official-artwork/902.png
903,Sneasler,8,130,43.0,102,True,gray,upright,none,False,https://raw.githubusercontent.com/PokeAPI/sprites/master/sprites/pokemon/other/official-artwork/903.png
904,Overqwil,8,250,60.5,179,True,black,fish,none,False,https://raw.githubusercontent.com/PokeAPI/sprites/master/sprites/pokemon/other/official-artwork/904.png
905,Enamorus-incarnate,8,160,48.0,116,True,pink,arms,none,True,https://raw.githubusercontent.com/PokeAPI/sprites/master/sprites/pokemon/other/official-artwork/905.png
906,Sprigatito,9,40,4.1,62,True,green,quadruped,none,False,https://raw.githubusercontent.com/PokeAPI/sprites/master/sprites/pokemon/other/official-artwork/906.png
907,Floragato,9,90,12.2,144,True,green,upright,none,False,https://raw.githubusercontent.com/PokeAPI/sprites/master/sprites/pokemon/other/official-artwork/907.png
908,Meowscarada,9,150,31.2,265,True,green,upright,none,False,https://raw.githubusercontent.com/PokeAPI/sprites/master/sprites/pokemon/other/official-artwork/908.png
909,Fuecoco,9,40,9.8,62,True,red,upright,none,False,https://raw.githubusercontent.com/PokeAPI/sprites/master/sprites/pokemon/other/official-artwork/909.png
910,Crocalor,9,100,30.7,144,True,red,upright,none,False,https://raw.githubusercontent.com/PokeAPI/sprites/master/sprites/pokemon/other/official-artwork/910.png
911,Skeledirge,9,160,326.5,265,True,red,quadruped,none,False,https://raw.githubusercontent.com/PokeAPI/sprites/master/sprites/pokemon/other/official-artwork/911.png
912,Quaxly,9,50,6.1,62,True,white,upright,none,False,https://raw.githubusercontent.com/PokeAPI/sprites/master/sprites/pokemon/other/official-artwork/912.png
913,Quaxwell,9,120,21.5,144,True,blue,upright,none,False,https://raw.githubusercontent.com/PokeAPI/sprites/master/sprites/pokemon/other/official-artwork/913.png
914,Quaquaval,9,180,61.9,265,True,blue,upright,none,False,https://raw.githubusercontent.com/PokeAPI/sprites/master/sprites/pokemon/other/official-artwork/914.png
915,Lechonk,9,50,10.2,51,True,gray,quadruped,none,False,https://raw.githubusercontent.com/PokeAPI/sprites/master/sprites/pokemon/other/official-artwork/915.png
916,Oinkologne-male,9,100,120.0,171,True,gray,quadruped,none,False,https://raw.githubusercontent.com/PokeAPI/sprites/master/sprites/pokemon/other/official-artwork/916.png
917,Tarountula,9,30,4.0,42,True,white,armor,none,False,https://raw.githubusercontent.com/PokeAPI/sprites/master/sprites/pokemon/other/official-artwork/917.png
918,Spidops,9,100,16.5,141,True,green,armor,none,False,https://raw.githubusercontent.com/PokeAPI/sprites/master/sprites/pokemon/other/official-artwork/918.png
919,Nymble,9,20,1.0,42,True,gray,armor,none,False,https://raw.githubusercontent.com/PokeAPI/sprites/master/sprites/pokemon/other/official-artwork/919.png
920,Lokix,9,100,17.5,158,True,gray,humanoid,none,False,https://raw.githubusercontent.com/PokeAPI/sprites/master/sprites/pokemon/other/official-artwork/920.png
921,Pawmi,9,30,2.5,48,True,yellow,quadruped,none,False,https://raw.githubusercontent.com/PokeAPI/sprites/master/sprites/pokemon/other/official-artwork/921.png
922,Pawmo,9,40,6.5,123,True,yellow,upright,none,False,https://raw.githubusercontent.com/PokeAPI/sprites/master/sprites/pokemon/other/official-artwork/922.png
923,Pawmot,9,90,41.0,245,True,yellow,upright,none,False,https://raw.githubusercontent.com/PokeAPI/sprites/master/sprites/pokemon/other/official-artwork/923.png
924,Tandemaus,9,30,1.8,61,True,white,heads,none,False,https://raw.githubusercontent.com/PokeAPI/sprites/master/sprites/pokemon/other/official-artwork/924.png
925,Maushold-family-of-four,9,30,2.3,165,True,white,heads,none,False,https://raw.githubusercontent.com/PokeAPI/sprites/master/sprites/pokemon/other/official-artwork/925.png
926,Fidough,9,30,10.9,62,True,yellow,quadruped,none,False,https://raw.githubusercontent.com/PokeAPI/sprites/master/sprites/pokemon/other/official-artwork/926.png
927,Dachsbun,9,50,14.9,167,True,brown,quadruped,none,False,https://raw.githubusercontent.com/PokeAPI/sprites/master/sprites/pokemon/other/official-artwork/927.png
928,Smoliv,9,30,6.5,52,True,green,legs,none,False,https://raw.githubusercontent.com/PokeAPI/sprites/master/sprites/pokemon/other/official-artwork/928.png
929,Dolliv,9,60,11.9,124,True,green,humanoid,none,False,https://raw.githubusercontent.com/PokeAPI/sprites/master/sprites/pokemon/other/official-artwork/929.png
930,Arboliva,9,140,48.2,255,True,green,humanoid,none,False,https://raw.githubusercontent.com/PokeAPI/sprites/master/sprites/pokemon/other/official-artwork/930.png
931,Squawkabilly-green-plumage,9,60,2.4,146,True,green,wings,none,False,https://raw.githubusercontent.com/PokeAPI/sprites/master/sprites/pokemon/other/official-artwork/931.png
932,Nacli,9,40,16.0,56,True,brown,ball,none,False,https://raw.githubusercontent.com/PokeAPI/sprites/master/sprites/pokemon/other/official-artwork/932.png
933,Naclstack,9,60,105.0,124,True,brown,quadruped,none,False,https://raw.githubusercontent.com/PokeAPI/sprites/master/sprites/pokemon/other/official-artwork/933.png
934,Garganacl,9,230,240.0,250,True,brown,humanoid,none,False,https://raw.githubusercontent.com/PokeAPI/sprites/master/sprites/pokemon/other/official-artwork/934.png
935,Charcadet,9,60,10.5,51,True,red,humanoid,none,False,https://raw.githubusercontent.com/PokeAPI/sprites/master/sprites/pokemon/other/official-artwork/935.png
936,Armarouge,9,150,85.0,263,True,red,humanoid,none,False,https://raw.githubusercontent.com/PokeAPI/sprites/master/sprites/pokemon/other/official-artwork/936.png
937,Ceruledge,9,160,62.0,263,True,blue,humanoid,none,False,https://raw.githubusercontent.com/PokeAPI/sprites/master/sprites/pokemon/other/official-artwork/937.png
938,Tadbulb,9,30,0.4,54,True,yellow,ball,none,False,https://raw.githubusercontent.com/PokeAPI/sprites/master/sprites/pokemon/other/official-artwork/938.png
939,Bellibolt,9,120,113.0,173,True,green,humanoid,none,False,https://raw.githubusercontent.com/PokeAPI/sprites/master/sprites/pokemon/other/official-artwork/939.png
940,Wattrel,9,40,3.6,56,True,black,wings,none,False,https://raw.githubusercontent.com/PokeAPI/sprites/master/sprites/pokemon/other/official-artwork/940.png
941,Kilowattrel,9,140,38.6,172,True,yellow,wings,none,False,https://raw.githubusercontent.com/PokeAPI/sprites/master/sprites/pokemon/other/official-artwork/941.png
942,Maschiff,9,50,16.0,68,True,brown,quadruped,none,False,https://raw.githubusercontent.com/PokeAPI/sprites/master/sprites/pokemon/other/official-artwork/942.png
943,Mabosstiff,9,110,61.0,177,True,gray,quadruped,none,False,https://raw.githubusercontent.com/PokeAPI/sprites/master/sprites/pokemon/other/official-artwork/943.png
944,Shroodle,9,20,0.7,58,True,gray,quadruped,none,False,https://raw.githubusercontent.com/PokeAPI/sprites/master/sprites/pokemon/other/official-artwork/944.png
945,Grafaiai,9,70,27.2,170,True,gray,upright,none,False,https://raw.githubusercontent.com/PokeAPI/sprites/master/sprites/pokemon/other/official-artwork/945.png
946,Bramblin,9,60,0.6,55,True,brown,ball,none,False,https://raw.githubusercontent.com/PokeAPI/sprites/master/sprites/pokemon/other/official-artwork/946.png
947,Brambleghast,9,120,6.0,168,True,brown,ball,none,False,https://raw.githubusercontent.com/PokeAPI/sprites/master/sprites/pokemon/other/official-artwork/947.png
948,Toedscool,9,90,33.0,67,True,yellow,legs,none,False,https://raw.githubusercontent.com/PokeAPI/sprites/master/sprites/pokemon/other/official-artwork/948.png
949,Toedscruel,9,190,58.0,180,True,black,tentacles,none,False,https://raw.githubusercontent.com/PokeAPI/sprites/master/sprites/pokemon/other/official-artwork/949.png
950,Klawf,9,130,79.0,158,True,red,armor,none,False,https://raw.githubusercontent.com/PokeAPI/sprites/master/sprites/pokemon/other/official-artwork/950.png
951,Capsakid,9,30,3.0,61,True,green,upright,none,False,https://raw.githubusercontent.com/PokeAPI/sprites/master/sprites/pokemon/other/official-artwork/951.png
952,Scovillain,9,90,15.0,170,True,green,upright,none,False,https://raw.githubusercontent.com/PokeAPI/sprites/master/sprites/pokemon/other/official-artwork/952.png
953,Rellor,9,20,1.0,54,True,brown,armor,none,False,https://raw.githubusercontent.com/PokeAPI/sprites/master/sprites/pokemon/other/official-artwork/953.png
954,Rabsca,9,30,3.5,165,True,green,armor,none,False,https://raw.githubusercontent.com/PokeAPI/sprites/master/sprites/pokemon/other/official-artwork/954.png
955,Flittle,9,20,1.5,51,True,yellow,legs,none,False,https://raw.githubusercontent.com/PokeAPI/sprites/master/sprites/pokemon/other/official-artwork/955.png
956,Espathra,9,190,90.0,168,True,yellow,upright,none,False,https://raw.githubusercontent.com/PokeAPI/sprites/master/sprites/pokemon/other/official-artwork/956.png
957,Tinkatink,9,40,8.9,59,True,pink,humanoid,none,False,https://raw.githubusercontent.com/PokeAPI/sprites/master/sprites/pokemon/other/official-artwork/957.png
958,Tinkatuff,9,70,59.1,133,True,pink,humanoid,none,False,https://raw.githubusercontent.com/PokeAPI/sprites/master/sprites/pokemon/other/official-artwork/958.png
959,Tinkaton,9,70,112.8,253,True,pink,humanoid,none,False,https://raw.githubusercontent.com/PokeAPI/sprites/master/sprites/pokemon/other/official-artwork/959.png
960,Wiglett,9,120,1.8,49,True,white,blob,none,False,https://raw.githubusercontent.com/PokeAPI/sprites/master/sprites/pokemon/other/official-artwork/960.png
961,Wugtrio,9,120,5.4,149,True,red,blob,none,False,https://raw.githubusercontent.com/PokeAPI/sprites/master/sprites/pokemon/other/official-artwork/961.png
962,Bombirdier,9,150,42.9,243,True,white,wings,none,False,https://raw.githubusercontent.com/PokeAPI/sprites/master/sprites/pokemon/other/official-artwork/962.png
963,Finizen,9,130,60.2,63,True,blue,fish,none,False,https://raw.githubusercontent.com/PokeAPI/sprites/master/sprites/pokemon/other/official-artwork/963.png
964,Palafin-zero,9,130,60.2,160,True,blue,fish,none,False,https://raw.githubusercontent.com/PokeAPI/sprites/master/sprites/pokemon/other/official-artwork/964.png
965,Varoom,9,100,35.0,60,True,gray,legs,none,False,https://raw.githubusercontent.com/PokeAPI/sprites/master/sprites/pokemon/other/official-artwork/965.png
966,Revavroom,9,180,120.0,175,True,gray,legs,none,False,https://raw.githubusercontent.com/PokeAPI/sprites/master/sprites/pokemon/other/official-artwork/966.png
967,Cyclizar,9,160,63.0,175,True,green,quadruped,none,False,https://raw.githubusercontent.com/PokeAPI/sprites/master/sprites/pokemon/other/official-artwork/967.png
968,Orthworm,9,250,310.0,240,True,pink,squiggle,none,False,https://raw.githubusercontent.com/PokeAPI/sprites/master/sprites/pokemon/other/official-artwork/968.png
969,Glimmet,9,70,8.0,70,True,blue,ball,none,False,https://raw.githubusercontent.com/PokeAPI/sprites/master/sprites/pokemon/other/official-artwork/969.png
970,Glimmora,9,150,45.0,184,True,blue,ball,none,False,https://raw.githubusercontent.com/PokeAPI/sprites/master/sprites/pokemon/other/official-artwork/970.png
971,Greavard,9,60,35.0,58,True,white,quadruped,none,False,https://raw.githubusercontent.com/PokeAPI/sprites/master/sprites/pokemon/other/official-artwork/971.png
972,Houndstone,9,200,15.0,171,True,white,quadruped,none,False,https://raw.githubusercontent.com/PokeAPI/sprites/master/sprites/pokemon/other/official-artwork/972.png
973,Flamigo,9,160,37.0,175,True,pink,wings,none,False,https://raw.githubusercontent.com/PokeAPI/sprites/master/sprites/pokemon/other/official-artwork/973.png
974,Cetoddle,9,120,45.0,67,True,white,upright,none,False,https://raw.githubusercontent.com/PokeAPI/sprites/master/sprites/pokemon/other/official-artwork/974.png
975,Cetitan,9,450,700.0,182,True,white,upright,none,False,https://raw.githubusercontent.com/PokeAPI/sprites/master/sprites/pokemon/other/official-artwork/975.png
976,Veluza,9,250,90.0,167,True,gray,fish,none,False,https://raw.githubusercontent.com/PokeAPI/sprites/master/sprites/pokemon/other/official-artwork/976.png
977,Dondozo,9,1200,220.0,265,True,blue,fish,none,False,https://raw.githubusercontent.com/PokeAPI/sprites/master/sprites/pokemon/other/official-artwork/977.png
978,Tatsugiri-curly,9,30,8.0,166,True,pink,fish,none,False,https://raw.githubusercontent.com/PokeAPI/sprites/master/sprites/pokemon/other/official-artwork/978.png
979,Annihilape,9,120,56.0,268,True,gray,humanoid,none,False,https://raw.githubusercontent.com/PokeAPI/sprites/master/sprites/pokemon/other/official-artwork/979.png
980,Clodsire,9,180,223.0,151,True,brown,quadruped,none,False,https://raw.githubusercontent.com/PokeAPI/sprites/master/sprites/pokemon/other/official-artwork/980.png
981,Farigiraf,9,320,160.0,260,True,brown,quadruped,none,False,https://raw.githubusercontent.com/PokeAPI/sprites/master/sprites/pokemon/other/official-artwork/981.png
982,Dudunsparce-two-segment,9,360,39.2,182,True,yellow,squiggle,none,False,https://raw.githubusercontent.com/PokeAPI/sprites/master/sprites/pokemon/other/official-artwork/982.png
983,Kingambit,9,200,120.0,275,True,black,humanoid,none,False,https://raw.githubusercontent.com/PokeAPI/sprites/master/sprites/pokemon/other/official-artwork/983.png
984,Great-tusk,9,220,320.0,285,True,purple,quadruped,none,False,https://raw.githubusercontent.com/PokeAPI/sprites/master/sprites/pokemon/other/official-artwork/984.png
985,Scream-tail,9,120,8.0,285,True,pink,upright,none,False,https://raw.githubusercontent.com/PokeAPI/sprites/master/sprites/pokemon/other/official-artwork/985.png
986,Brute-bonnet,9,120,21.0,285,True,gray,quadruped,none,False,https://raw.githubusercontent.com/PokeAPI/sprites/master/sprites/pokemon/other/official-artwork/986.png
987,Flutter-mane,9,140,4.0,285,True,gray,wings,none,False,https://raw.githubusercontent.com/PokeAPI/sprites/master/sprites/pokemon/other/official-artwork/987.png
988,Slither-wing,9,320,92.0,285,True,red,quadruped,none,False,https://raw.githubusercontent.com/PokeAPI/sprites/master/sprites/pokemon/other/official-artwork/988.png
989,Sandy-shocks,9,230,60.0,285,True,gray,quadruped,none,False,https://raw.githubusercontent.com/PokeAPI/sprites/master/sprites/pokemon/other/official-artwork/989.png
990,Iron-treads,9,90,240.0,285,True,gray,quadruped,none,False,https://raw.githubusercontent.com/PokeAPI/sprites/master/sprites/pokemon/other/official-artwork/990.png
991,Iron-bundle,9,60,11.0,285,True,red,upright,none,False,https://raw.githubusercontent.com/PokeAPI/sprites/master/sprites/pokemon/other/official-artwork/991.png
992,Iron-hands,9,180,380.7,285,True,gray,humanoid,none,False,https://raw.githubusercontent.com/PokeAPI/sprites/master/sprites/pokemon/other/official-artwork/992.png
993,Iron-jugulis,9,130,111.0,285,True,blue,upright,none,False,https://raw.githubusercontent.com/PokeAPI/sprites/master/sprites/pokemon/other/official-artwork/993.png
994,Iron-moth,9,120,36.0,285,True,yellow,bug-wings,none,False,https://raw.githubusercontent.com/PokeAPI/sprites/master/sprites/pokemon/other/official-artwork/994.png
995,Iron-thorns,9,160,303.0,285,True,green,upright,none,False,https://raw.githubusercontent.com/PokeAPI/sprites/master/sprites/pokemon/other/official-artwork/995.png
996,Frigibax,9,50,17.0,64,True,gray,upright,none,False,https://raw.githubusercontent.com/PokeAPI/sprites/master/sprites/pokemon/other/official-artwork/996.png
997,Arctibax,9,80,30.0,148,True,gray,upright,none,False,https://raw.githubusercontent.com/PokeAPI/sprites/master/sprites/pokemon/other/official-artwork/997.png
998,Baxcalibur,9,210,210.0,300,True,gray,upright,none,False,https://raw.githubusercontent.com/PokeAPI/sprites/master/sprites/pokemon/other/official-artwork/998.png
999,Gimmighoul,9,30,5.0,60,True,brown,blob,none,False,https://raw.githubusercontent.com/PokeAPI/sprites/master/sprites/pokemon/other/official-artwork/999.png
1000,Gholdengo,9,120,30.0,275,True,yellow,humanoid,none,False,https://raw.githubusercontent.com/PokeAPI/sprites/master/sprites/pokemon/other/official-artwork/1000.png
1001,Wo-chien,9,150,74.2,285,True,brown,squiggle,none,True,https://raw.githubusercontent.com/PokeAPI/sprites/master/sprites/pokemon/other/official-artwork/1001.png
1002,Chien-pao,9,190,152.2,285,True,white,quadruped,none,True,https://raw.githubusercontent.com/PokeAPI/sprites/master/sprites/pokemon/other/official-artwork/1002.png
1003,Ting-lu,9,270,699.7,285,True,brown,quadruped,none,True,https://raw.githubusercontent.com/PokeAPI/sprites/master/sprites/pokemon/other/official-artwork/1003.png
1004,Chi-yu,9,40,4.9,285,True,red,fish,none,True,https://raw.githubusercontent.com/PokeAPI/sprites/master/sprites/pokemon/other/official-artwork/1004.png
1005,Roaring-moon,9,200,380.0,295,True,green,quadruped,none,False,https://raw.githubusercontent.com/PokeAPI/sprites/master/sprites/pokemon/other/official-artwork/1005.png
1006,Iron-valiant,9,140,35.0,295,True,white,humanoid,none,False,https://raw.githubusercontent.com/PokeAPI/sprites/master/sprites/pokemon/other/official-artwork/1006.png
1007,Koraidon,9,250,303.0,335,True,red,upright,none,True,https://raw.githubusercontent.com/PokeAPI/sprites/master/sprites/pokemon/other/official-artwork/1007.png
1008,Miraidon,9,350,240.0,335,True,blue,quadruped,none,True,https://raw.githubusercontent.com/PokeAPI/sprites/master/sprites/pokemon/other/official-artwork/1008.png
1009,Walking-wake,9,350,280.0,295,True,blue,upright,none,False,https://raw.githubusercontent.com/PokeAPI/sprites/master/sprites/pokemon/other/official-artwork/1009.png
1010,Iron-leaves,9,150,125.0,295,True,green,quadruped,none,False,https://raw.githubusercontent.com/PokeAPI/sprites/master/sprites/pokemon/other/official-artwork/1010.png
1011,Dipplin,9,40,9.7,170,True,green,heads,none,False,https://raw.githubusercontent.com/PokeAPI/sprites/master/sprites/pokemon/other/official-artwork/1011.png
1012,Poltchageist,9,10,1.1,62,True,green,ball,none,False,https://raw.githubusercontent.com/PokeAPI/sprites/master/sprites/pokemon/other/official-artwork/1012.png
1013,Sinistcha,9,20,2.2,178,True,green,ball,none,False,https://raw.githubusercontent.com/PokeAPI/sprites/master/sprites/pokemon/other/official-artwork/1013.png
1014,Okidogi,9,180,92.2,278,True,black,upright,none,True,https://raw.githubusercontent.com/PokeAPI/sprites/master/sprites/pokemon/other/official-artwork/1014.png
1015,Munkidori,9,100,12.2,278,True,black,humanoid,none,True,https://raw.githubusercontent.com/PokeAPI/sprites/master/sprites/pokemon/other/official-artwork/1015.png
1016,Fezandipiti,9,140,30.1,278,True,black,wings,none,True,https://raw.githubusercontent.com/PokeAPI/sprites/master/sprites/pokemon/other/official-artwork/1016.png
1017,Ogerpon,9,120,39.8,275,True,green,humanoid,none,True,https://raw.githubusercontent.com/PokeAPI/sprites/master/sprites/pokemon/other/official-artwork/1017.png
1018,Archaludon,9,200,60.0,300,True,white,upright,none,False,https://raw.githubusercontent.com/PokeAPI/sprites/master/sprites/pokemon/other/official-artwork/1018.png
1019,Hydrapple,9,180,93.0,270,True,green,heads,none,False,https://raw.githubusercontent.com/PokeAPI/sprites/master/sprites/pokemon/other/official-artwork/1019.png
1020,Gouging-fire,9,350,590.0,295,True,brown,quadruped,none,False,https://raw.githubusercontent.com/PokeAPI/sprites/master/sprites/pokemon/other/official-artwork/1020.png
1021,Raging-bolt,9,520,480.0,295,True,yellow,quadruped,none,False,https://raw.githubusercontent.com/PokeAPI/sprites/master/sprites/pokemon/other/official-artwork/1021.png
1022,Iron-boulder,9,150,162.5,295,True,gray,quadruped,none,False,https://raw.githubusercontent.com/PokeAPI/sprites/master/sprites/pokemon/other/official-artwork/1022.png
1023,Iron-crown,9,160,156.0,295,True,blue,quadruped,none,False,https://raw.githubusercontent.com/PokeAPI/sprites/master/sprites/pokemon/other/official-artwork/1023.png
1024,Terapagos,9,20,6.5,90,True,blue,quadruped,none,True,https://raw.githubusercontent.com/PokeAPI/sprites/master/sprites/pokemon/other/official-artwork/1024.png
1025,Pecharunt,9,30,0.3,300,True,purple,ball,none,False,https://raw.githubusercontent.com/PokeAPI/sprites/master/sprites/pokemon/other/official-artwork/1025.png
10001,Deoxys-attack,3,170,60.8,270,False,red,humanoid,rare,False,https://raw.githubusercontent.com/PokeAPI/sprites/master/sprites/pokemon/other/official-artwork/10001.png
10002,Deoxys-defense,3,170,60.8,270,False,red,humanoid,rare,False,https://raw.githubusercontent.com/PokeAPI/sprites/master/sprites/pokemon/other/official-artwork/10002.png
10003,Deoxys-speed,3,170,60.8,270,False,red,humanoid,rare,False,https://raw.githubusercontent.com/PokeAPI/sprites/master/sprites/pokemon/other/official-artwork/10003.png
10004,Wormadam-sandy,4,50,6.5,148,False,green,blob,none,False,https://raw.githubusercontent.com/PokeAPI/sprites/master/sprites/pokemon/other/official-artwork/10004.png
10005,Wormadam-trash,4,50,6.5,148,False,green,blob,none,False,https://raw.githubusercontent.com/PokeAPI/sprites/master/sprites/pokemon/other/official-artwork/10005.png
10006,Shaymin-sky,4,40,5.2,270,False,green,quadruped,none,False,https://raw.githubusercontent.com/PokeAPI/sprites/master/sprites/pokemon/other/official-artwork/10006.png
10007,Giratina-origin,4,690,650.0,340,False,black,tentacles,none,True,https://raw.githubusercontent.com/PokeAPI/sprites/master/sprites/pokemon/other/official-artwork/10007.png
10008,Rotom-heat,4,30,0.3,182,False,red,ball,none,False,https://raw.githubusercontent.com/PokeAPI/sprites/master/sprites/pokemon/other/official-artwork/10008.png
10009,Rotom-wash,4,30,0.3,182,False,red,ball,none,False,https://raw.githubusercontent.com/PokeAPI/sprites/master/sprites/pokemon/other/official-artwork/10009.png
10010,Rotom-frost,4,30,0.3,182,False,red,ball,none,False,https://raw.githubusercontent.com/PokeAPI/sprites/master/sprites/pokemon/other/official-artwork/10010.png
10011,Rotom-fan,4,30,0.3,182,False,red,ball,none,False,https://raw.githubusercontent.com/PokeAPI/sprites/master/sprites/pokemon/other/official-artwork/10011.png
10012,Rotom-mow,4,30,0.3,182,False,red,ball,none,False,https://raw.githubusercontent.com/PokeAPI/sprites/master/sprites/pokemon/other/official-artwork/10012.png
10013,Castform-sunny,3,30,0.8,147,False,gray,ball,grassland,False,https://raw.githubusercontent.com/PokeAPI/sprites/master/sprites/pokemon/other/official-artwork/10013.png
10014,Castform-rainy,3,30,0.8,147,False,gray,ball,grassland,False,https://raw.githubusercontent.com/PokeAPI/sprites/master/sprites/pokemon/other/official-artwork/10014.png
10015,Castform-snowy,3,30,0.8,147,False,gray,ball,grassland,False,https://raw.githubusercontent.com/PokeAPI/sprites/master/sprites/pokemon/other/official-artwork/10015.png
10016,Basculin-blue-striped,5,100,18.0,161,False,green,fish,none,False,https://raw.githubusercontent.com/PokeAPI/sprites/master/sprites/pokemon/other/official-artwork/10016.png
10017,Darmanitan-zen,5,130,92.9,189,False,red,quadruped,none,False,https://raw.githubusercontent.com/PokeAPI/sprites/master/sprites/pokemon/other/official-artwork/10017.png
10018,Meloetta-pirouette,5,60,6.5,270,False,white,humanoid,none,False,https://raw.githubusercontent.com/PokeAPI/sprites/master/sprites/pokemon/other/official-artwork/10018.png
10019,Tornadus-therian,5,140,63.0,290,False,green,arms,none,True,https://raw.githubusercontent.com/PokeAPI/sprites/master/sprites/pokemon/other/official-artwork/10019.png
10020,Thundurus-therian,5,300,61.0,290,False,blue,arms,none,True,https://raw.githubusercontent.com/PokeAPI/sprites/master/sprites/pokemon/other/official-artwork/10020.png
10021,Landorus-therian,5,130,68.0,300,False,brown,arms,none,True,https://raw.githubusercontent.com/PokeAPI/sprites/master/sprites/pokemon/other/official-artwork/10021.png
10022,Kyurem-black,5,330,325.0,350,False,gray,upright,none,True,https://raw.githubusercontent.com/PokeAPI/sprites/master/sprites/pokemon/other/official-artwork/10022.png
10023,Kyurem-white,5,360,325.0,350,False,gray,upright,none,True,https://raw.githubusercontent.com/PokeAPI/sprites/master/sprites/pokemon/other/official-artwork/10023.png
10024,Keldeo-resolute,5,140,48.5,290,False,yellow,quadruped,none,False,https://raw.githubusercontent.com/PokeAPI/sprites/master/sprites/pokemon/other/official-artwork/10024.png
10025,Meowstic-female,6,60,8.5,163,False,blue,upright,none,False,https://raw.githubusercontent.com/PokeAPI/sprites/master/sprites/pokemon/other/official-artwork/10025.png
10026,Aegislash-blade,6,170,53.0,250,False,brown,blob,none,False,https://raw.githubusercontent.com/PokeAPI/sprites/master/sprites/pokemon/other/official-artwork/10026.png
10027,Pumpkaboo-small,6,30,3.5,67,False,brown,ball,none,False,https://raw.githubusercontent.com/PokeAPI/sprites/master/sprites/pokemon/other/official-artwork/10027.png
10028,Pumpkaboo-large,6,50,7.5,67,False,brown,ball,none,False,https://raw.githubusercontent.com/PokeAPI/sprites/master/sprites/pokemon/other/official-artwork/10028.png
10029,Pumpkaboo-super,6,80,15.0,67,False,brown,ball,none,False,https://raw.githubusercontent.com/PokeAPI/sprites/master/sprites/pokemon/other/official-artwork/10029.png
10030,Gourgeist-small,6,70,9.5,173,False,brown,blob,none,False,https://raw.githubusercontent.com/PokeAPI/sprites/master/sprites/pokemon/other/official-artwork/10030.png
10031,Gourgeist-large,6,110,14.0,173,False,brown,blob,none,False,https://raw.githubusercontent.com/PokeAPI/sprites/master/sprites/pokemon/other/official-artwork/10031.png
10032,Gourgeist-super,6,170,39.0,173,False,brown,blob,none,False,https://raw.githubusercontent.com/PokeAPI/sprites/master/sprites/pokemon/other/official-artwork/10032.png
10033,Venusaur-mega,1,240,155.5,281,False,green,quadruped,grassland,False,https://raw.githubusercontent.com/PokeAPI/sprites/master/sprites/pokemon/other/official-artwork/10033.png
10034,Charizard-mega-x,1,170,110.5,285,False,red,upright,mountain,False,https://raw.githubusercontent.com/PokeAPI/sprites/master/sprites/pokemon/other/official-artwork/10034.png
10035,Charizard-mega-y,1,170,100.5,285,False,red,upright,mountain,False,https://raw.githubusercontent.com/PokeAPI/sprites/master/sprites/pokemon/other/official-artwork/10035.png
10036,Blastoise-mega,1,160,101.1,284,False,blue,upright,waters-edge,False,https://raw.githubusercontent.com/PokeAPI/sprites/master/sprites/pokemon/other/official-artwork/10036.png
10037,Alakazam-mega,1,120,48.0,270,False,brown,humanoid,urban,False,https://raw.githubusercontent.com/PokeAPI/sprites/master/sprites/pokemon/other/official-artwork/10037.png
10038,Gengar-mega,1,140,40.5,270,False,purple,upright,cave,False,https://raw.githubusercontent.com/PokeAPI/sprites/master/sprites/pokemon/other/official-artwork/10038.png
10039,Kangaskhan-mega,1,220,100.0,207,False,brown,upright,grassland,False,https://raw.githubusercontent.com/PokeAPI/sprites/master/sprites/pokemon/other/official-artwork/10039.png
10040,Pinsir-mega,1,170,59.0,210,False,brown,humanoid,forest,False,https://raw.githubusercontent.com/PokeAPI/sprites/master/sprites/pokemon/other/official-artwork/10040.png
10041,Gyarados-mega,1,650,305.0,224,False,blue,squiggle,waters-edge,False,https://raw.githubusercontent.com/PokeAPI/sprites/master/sprites/pokemon/other/official-artwork/10041.png
10042,Aerodactyl-mega,1,210,79.0,215,False,purple,wings,mountain,False,https://raw.githubusercontent.com/PokeAPI/sprites/master/sprites/pokemon/other/official-artwork/10042.png
10043,Mewtwo-mega-x,1,230,127.0,351,False,purple,upright,rare,True,https://raw.githubusercontent.com/PokeAPI/sprites/master/sprites/pokemon/other/official-artwork/10043.png
10044,Mewtwo-mega-y,1,150,33.0,351,False,purple,upright,rare,True,https://raw.githubusercontent.com/PokeAPI/sprites/master/sprites/pokemon/other/official-artwork/10044.png
10045,Ampharos-mega,2,140,61.5,275,False,yellow,upright,grassland,False,https://raw.githubusercontent.com/PokeAPI/sprites/master/sprites/pokemon/other/official-artwork/10045.png
10046,Scizor-mega,2,200,125.0,210,False,red,bug-wings,grassland,False,https://raw.githubusercontent.com/PokeAPI/sprites/master/sprites/pokemon/other/official-artwork/10046.png
10047,Heracross-mega,2,170,62.5,210,False,blue,humanoid,forest,False,https://raw.githubusercontent.com/PokeAPI/sprites/master/sprites/pokemon/other/official-artwork/10047.png
10048,Houndoom-mega,2,190,49.5,210,False,black,quadruped,rough-terrain,False,https://raw.githubusercontent.com/PokeAPI/sprites/master/sprites/pokemon/other/official-artwork/10048.png
10049,Tyranitar-mega,2,250,255.0,315,False,green,upright,mountain,False,https://raw.githubusercontent.com/PokeAPI/sprites/master/sprites/pokemon/other/official-artwork/10049.png
10050,Blaziken-mega,3,190,52.0,284,False,red,upright,grassland,False,https://raw.githubusercontent.com/PokeAPI/sprites/master/sprites/pokemon/other/official-artwork/10050.png
10051,Gardevoir-mega,3,160,48.4,278,False,white,humanoid,urban,False,https://raw.githubusercontent.com/PokeAPI/sprites/master/sprites/pokemon/other/official-artwork/10051.png
10052,Mawile-mega,3,100,23.5,168,False,black,humanoid,cave,False,https://raw.githubusercontent.com/PokeAPI/sprites/master/sprites/pokemon/other/official-artwork/10052.png
10053,Aggron-mega,3,220,395.0,284,False,gray,upright,mountain,False,https://raw.githubusercontent.com/PokeAPI/sprites/master/sprites/pokemon/other/official-artwork/10053.png
10054,Medicham-mega,3,130,31.5,179,False,red,humanoid,mountain,False,https://raw.githubusercontent.com/PokeAPI/sprites/master/sprites/pokemon/other/official-artwork/10054.png
10055,Manectric-mega,3,180,44.0,201,False,yellow,quadruped,grassland,False,https://raw.githubusercontent.com/PokeAPI/sprites/master/sprites/pokemon/other/official-artwork/10055.png
10056,Banette-mega,3,120,13.0,194,False,black,upright,urban,False,https://raw.githubusercontent.com/PokeAPI/sprites/master/sprites/pokemon/other/official-artwork/10056.png
10057,Absol-mega,3,120,49.0,198,False,white,quadruped,mountain,False,https://raw.githubusercontent.com/PokeAPI/sprites/master/sprites/pokemon/other/official-artwork/10057.png
10058,Garchomp-mega,4,190,95.0,315,False,blue,upright,none,False,https://raw.githubusercontent.com/PokeAPI/sprites/master/sprites/pokemon/other/official-artwork/10058.png
10059,Lucario-mega,4,130,57.5,219,False,blue,upright,none,False,https://raw.githubusercontent.com/PokeAPI/sprites/master/sprites/pokemon/other/official-artwork/10059.png
10060,Abomasnow-mega,4,270,185.0,208,False,white,upright,none,False,https://raw.githubusercontent.com/PokeAPI/sprites/master/sprites/pokemon/other/official-artwork/10060.png
10061,Floette-eternal,6,20,0.9,243,False,white,arms,none,False,https://raw.githubusercontent.com/PokeAPI/sprites/master/sprites/pokemon/other/official-artwork/10061.png
10062,Latias-mega,3,180,52.0,315,False,red,wings,waters-edge,True,https://raw.githubusercontent.com/PokeAPI/sprites/master/sprites/pokemon/other/official-artwork/10062.png
10063,Latios-mega,3,230,70.0,315,False,blue,wings,waters-edge,True,https://raw.githubusercontent.com/PokeAPI/sprites/master/sprites/pokemon/other/official-artwork/10063.png
10064,Swampert-mega,3,190,102.0,286,False,blue,upright,waters-edge,False,https://raw.githubusercontent.com/PokeAPI/sprites/master/sprites/pokemon/other/official-artwork/10064.png
10065,Sceptile-mega,3,190,55.2,284,False,green,upright,forest,False,https://raw.githubusercontent.com/PokeAPI/sprites/master/sprites/pokemon/other/official-artwork/10065.png
10066,Sableye-mega,3,50,161.0,168,False,purple,humanoid,cave,False,https://raw.githubusercontent.com/PokeAPI/sprites/master/sprites/pokemon/other/official-artwork/10066.png
10067,Altaria-mega,3,150,20.6,207,False,blue,wings,forest,False,https://raw.githubusercontent.com/PokeAPI/sprites/master/sprites/pokemon/other/official-artwork/10067.png
10068,Gallade-mega,4,160,56.4,278,False,white,humanoid,none,False,https://raw.githubusercontent.com/PokeAPI/sprites/master/sprites/pokemon/other/official-artwork/10068.png
10069,Audino-mega,5,150,32.0,425,False,pink,upright,none,False,https://raw.githubusercontent.com/PokeAPI/sprites/master/sprites/pokemon/other/official-artwork/10069.png
10070,Sharpedo-mega,3,250,130.3,196,False,blue,fish,sea,False,https://raw.githubusercontent.com/PokeAPI/sprites/master/sprites/pokemon/other/official-artwork/10070.png
10071,Slowbro-mega,1,200,120.0,207,False,pink,upright,waters-edge,False,https://raw.githubusercontent.com/PokeAPI/sprites/master/sprites/pokemon/other/official-artwork/10071.png
10072,Steelix-mega,2,1050,740.0,214,False,gray,squiggle,cave,False,https://raw.githubusercontent.com/PokeAPI/sprites/master/sprites/pokemon/other/official-artwork/10072.png
10073,Pidgeot-mega,1,220,50.5,261,False,brown,wings,forest,False,https://raw.githubusercontent.com/PokeAPI/sprites/master/sprites/pokemon/other/official-artwork/10073.png
10074,Glalie-mega,3,210,350.2,203,False,gray,ball,cave,False,https://raw.githubusercontent.com/PokeAPI/sprites/master/sprites/pokemon/other/official-artwork/10074.png
10075,Diancie-mega,6,110,27.8,315,False,pink,arms,none,False,https://raw.githubusercontent.com/PokeAPI/sprites/master/sprites/pokemon/other/official-artwork/10075.png
10076,Metagross-mega,3,250,942.9,315,False,blue,heads,rough-terrain,False,https://raw.githubusercontent.com/PokeAPI/sprites/master/sprites/pokemon/other/official-artwork/10076.png
10077,Kyogre-primal,3,980,430.0,347,False,blue,fish,sea,True,https://raw.githubusercontent.com/PokeAPI/sprites/master/sprites/pokemon/other/official-artwork/10077.png
10078,Groudon-primal,3,500,999.7,347,False,red,upright,rough-terrain,True,https://raw.githubusercontent.com/PokeAPI/sprites/master/sprites/pokemon/other/official-artwork/10078.png
10079,Rayquaza-mega,3,1080,392.0,351,False,green,squiggle,rare,True,https://raw.githubusercontent.com/PokeAPI/sprites/master/sprites/pokemon/other/official-artwork/10079.png
10080,Pikachu-rock-star,1,40,6.0,112,False,yellow,quadruped,forest,False,https://raw.githubusercontent.com/PokeAPI/sprites/master/sprites/pokemon/other/official-artwork/10080.png
10081,Pikachu-belle,1,40,6.0,112,False,yellow,quadruped,forest,False,https://raw.githubusercontent.com/PokeAPI/sprites/master/sprites/pokemon/other/official-artwork/10081.png
10082,Pikachu-pop-star,1,40,6.0,112,False,yellow,quadruped,forest,False,https://raw.githubusercontent.com/PokeAPI/sprites/master/sprites/pokemon/other/official-artwork/10082.png
10083,Pikachu-phd,1,40,6.0,112,False,yellow,quadruped,forest,False,https://raw.githubusercontent.com/PokeAPI/sprites/master/sprites/pokemon/other/official-artwork/10083.png
10084,Pikachu-libre,1,40,6.0,112,False,yellow,quadruped,forest,False,https://raw.githubusercontent.com/PokeAPI/sprites/master/sprites/pokemon/other/official-artwork/10084.png
10085,Pikachu-cosplay,1,40,6.0,112,False,yellow,quadruped,forest,False,https://raw.githubusercontent.com/PokeAPI/sprites/master/sprites/pokemon/other/official-artwork/10085.png
10086,Hoopa-unbound,6,650,490.0,306,False,purple,arms,none,False,https://raw.githubusercontent.com/PokeAPI/sprites/master/sprites/pokemon/other/official-artwork/10086.png
10087,Camerupt-mega,3,250,320.5,196,False,red,quadruped,mountain,False,https://raw.githubusercontent.com/PokeAPI/sprites/master/sprites/pokemon/other/official-artwork/10087.png
10088,Lopunny-mega,4,130,28.3,203,False,brown,upright,none,False,https://raw.githubusercontent.com/PokeAPI/sprites/master/sprites/pokemon/other/official-artwork/10088.png
10089,Salamence-mega,3,180,112.6,315,False,blue,quadruped,rough-terrain,False,https://raw.githubusercontent.com/PokeAPI/sprites/master/sprites/pokemon/other/official-artwork/10089.png
10090,Beedrill-mega,1,140,40.5,223,False,yellow,bug-wings,forest,False,https://raw.githubusercontent.com/PokeAPI/sprites/master/sprites/pokemon/other/official-artwork/10090.png
10091,Rattata-alola,1,30,3.8,51,False,purple,quadruped,grassland,False,https://raw.githubusercontent.com/PokeAPI/sprites/master/sprites/pokemon/other/official-artwork/10091.png
10092,Raticate-alola,1,70,25.5,145,False,brown,quadruped,grassland,False,https://raw.githubusercontent.com/PokeAPI/sprites/master/sprites/pokemon/other/official-artwork/10092.png
10093,Raticate-totem-alola,1,140,105.0,145,False,brown,quadruped,grassland,False,https://raw.githubusercontent.com/PokeAPI/sprites/master/sprites/pokemon/other/official-artwork/10093.png
10094,Pikachu-original-cap,1,40,6.0,112,False,yellow,quadruped,forest,False,https://raw.githubusercontent.com/PokeAPI/sprites/master/sprites/pokemon/other/official-artwork/10094.png
10095,Pikachu-hoenn-cap,1,40,6.0,112,False,yellow,quadruped,forest,False,https://raw.githubusercontent.com/PokeAPI/sprites/master/sprites/pokemon/other/official-artwork/10095.png
10096,Pikachu-sinnoh-cap,1,40,6.0,112,False,yellow,quadruped,forest,False,https://raw.githubusercontent.com/PokeAPI/sprites/master/sprites/pokemon/other/official-artwork/10096.png
10097,Pikachu-unova-cap,1,40,6.0,112,False,yellow,quadruped,forest,False,https://raw.githubusercontent.com/PokeAPI/sprites/master/sprites/pokemon/other/official-artwork/10097.png
10098,Pikachu-kalos-cap,1,40,6.0,112,False,yellow,quadruped,forest,False,https://raw.githubusercontent.com/PokeAPI/sprites/master/sprites/pokemon/other/official-artwork/10098.png
10099,Pikachu-alola-cap,1,40,6.0,112,False,yellow,quadruped,forest,False,https://raw.githubusercontent.com/PokeAPI/sprites/master/sprites/pokemon/other/official-artwork/10099.png
10100,Raichu-alola,1,70,21.0,243,False,yellow,upright,forest,False,https://raw.githubusercontent.com/PokeAPI/sprites/master/sprites/pokemon/other/official-artwork/10100.png
10101,Sandshrew-alola,1,70,40.0,60,False,yellow,upright,rough-terrain,False,https://raw.githubusercontent.com/PokeAPI/sprites/master/sprites/pokemon/other/official-artwork/10101.png
10102,Sandslash-alola,1,120,55.0,158,False,yellow,upright,rough-terrain,False,https://raw.githubusercontent.com/PokeAPI/sprites/master/sprites/pokemon/other/official-artwork/10102.png
10103,Vulpix-alola,1,60,9.9,60,False,brown,quadruped,grassland,False,https://raw.githubusercontent.com/PokeAPI/sprites/master/sprites/pokemon/other/official-artwork/10103.png
10104,Ninetales-alola,1,110,19.9,177,False,yellow,quadruped,grassland,False,https://raw.githubusercontent.com/PokeAPI/sprites/master/sprites/pokemon/other/official-artwork/10104.png
10105,Diglett-alola,1,20,1.0,53,False,brown,blob,cave,False,https://raw.githubusercontent.com/PokeAPI/sprites/master/sprites/pokemon/other/official-artwork/10105.png
10106,Dugtrio-alola,1,70,66.6,149,False,brown,heads,cave,False,https://raw.githubusercontent.com/PokeAPI/sprites/master/sprites/pokemon/other/official-artwork/10106.png
10107,Meowth-alola,1,40,4.2,58,False,yellow,quadruped,urban,False,https://raw.githubusercontent.com/PokeAPI/sprites/master/sprites/pokemon/other/official-artwork/10107.png
10108,Persian-alola,1,110,33.0,154,False,yellow,quadruped,urban,False,https://raw.githubusercontent.com/PokeAPI/sprites/master/sprites/pokemon/other/official-artwork/10108.png
10109,Geodude-alola,1,40,20.3,60,False,brown,arms,mountain,False,https://raw.githubusercontent.com/PokeAPI/sprites/master/sprites/pokemon/other/official-artwork/10109.png
10110,Graveler-alola,1,100,110.0,137,False,brown,humanoid,mountain,False,https://raw.githubusercontent.com/PokeAPI/sprites/master/sprites/pokemon/other/official-artwork/10110.png
10111,Golem-alola,1,170,316.0,223,False,brown,humanoid,mountain,False,https://raw.githubusercontent.com/PokeAPI/sprites/master/sprites/pokemon/other/official-artwork/10111.png
10112,Grimer-alola,1,70,42.0,65,False,purple,arms,urban,False,https://raw.githubusercontent.com/PokeAPI/sprites/master/sprites/pokemon/other/official-artwork/10112.png
10113,Muk-alola,1,100,52.0,175,False,purple,arms,urban,False,https://raw.githubusercontent.com/PokeAPI/sprites/master/sprites/pokemon/other/official-artwork/10113.png
10114,Exeggutor-alola,1,1090,415.6,186,False,yellow,legs,forest,False,https://raw.githubusercontent.com/PokeAPI/sprites/master/sprites/pokemon/other/official-artwork/10114.png
10115,Marowak-alola,1,100,34.0,149,False,brown,upright,mountain,False,https://raw.githubusercontent.com/PokeAPI/sprites/master/sprites/pokemon/other/official-artwork/10115.png
10116,Greninja-battle-bond,6,150,40.0,239,False,blue,humanoid,none,False,https://raw.githubusercontent.com/PokeAPI/sprites/master/sprites/pokemon/other/official-artwork/10116.png
10117,Greninja-ash,6,150,40.0,288,False,blue,humanoid,none,False,https://raw.githubusercontent.com/PokeAPI/sprites/master/sprites/pokemon/other/official-artwork/10117.png
10118,Zygarde-10-power-construct,6,120,33.5,243,False,green,squiggle,none,True,https://raw.githubusercontent.com/PokeAPI/sprites/master/sprites/pokemon/other/official-artwork/10118.png
10119,Zygarde-50-power-construct,6,500,305.0,300,False,green,squiggle,none,True,https://raw.githubusercontent.com/PokeAPI/sprites/master/sprites/pokemon/other/official-artwork/10119.png
10120,Zygarde-complete,6,450,610.0,354,False,green,squiggle,none,True,https://raw.githubusercontent.com/PokeAPI/sprites/master/sprites/pokemon/other/official-artwork/10120.png
10121,Gumshoos-totem,7,140,60.0,146,False,brown,quadruped,none,False,https://raw.githubusercontent.com/PokeAPI/sprites/master/sprites/pokemon/other/official-artwork/10121.png
10122,Vikavolt-totem,7,260,147.5,225,False,blue,armor,none,False,https://raw.githubusercontent.com/PokeAPI/sprites/master/sprites/pokemon/other/official-artwork/10122.png
10123,Oricorio-pom-pom,7,60,3.4,167,False,red,wings,none,False,https://raw.githubusercontent.com/PokeAPI/sprites/master/sprites/pokemon/other/official-artwork/10123.png
10124,Oricorio-pau,7,60,3.4,167,False,red,wings,none,False,https://raw.githubusercontent.com/PokeAPI/sprites/master/sprites/pokemon/other/official-artwork/10124.png
10125,Oricorio-sensu,7,60,3.4,167,False,red,wings,none,False,https://raw.githubusercontent.com/PokeAPI/sprites/master/sprites/pokemon/other/official-artwork/10125.png
10126,Lycanroc-midnight,7,110,25.0,170,False,brown,quadruped,none,False,https://raw.githubusercontent.com/PokeAPI/sprites/master/sprites/pokemon/other/official-artwork/10126.png
10127,Wishiwashi-school,7,820,78.6,217,False,blue,fish,none,False,https://raw.githubusercontent.com/PokeAPI/sprites/master/sprites/pokemon/other/official-artwork/10127.png
10128,Lurantis-totem,7,150,58.0,168,False,pink,humanoid,none,False,https://raw.githubusercontent.com/PokeAPI/sprites/master/sprites/pokemon/other/official-artwork/10128.png
10129,Salazzle-totem,7,210,81.0,168,False,black,quadruped,none,False,https://raw.githubusercontent.com/PokeAPI/sprites/master/sprites/pokemon/other/official-artwork/10129.png
10130,Minior-orange-meteor,7,30,40.0,154,False,brown,ball,none,False,https://raw.githubusercontent.com/PokeAPI/sprites/master/sprites/pokemon/other/official-artwork/10130.png
10131,Minior-yellow-meteor,7,30,40.0,154,False,brown,ball,none,False,https://raw.githubusercontent.com/PokeAPI/sprites/master/sprites/pokemon/other/official-artwork/10131.png
10132,Minior-green-meteor,7,30,40.0,154,False,brown,ball,none,False,https://raw.githubusercontent.com/PokeAPI/sprites/master/sprites/pokemon/other/official-artwork/10132.png
10133,Minior-blue-meteor,7,30,40.0,154,False,brown,ball,none,False,https://raw.githubusercontent.com/PokeAPI/sprites/master/sprites/pokemon/other/official-artwork/10133.png
10134,Minior-indigo-meteor,7,30,40.0,154,False,brown,ball,none,False,https://raw.githubusercontent.com/PokeAPI/sprites/master/sprites/pokemon/other/official-artwork/10134.png
10135,Minior-violet-meteor,7,30,40.0,154,False,brown,ball,none,False,https://raw.githubusercontent.com/PokeAPI/sprites/master/sprites/pokemon/other/official-artwork/10135.png
10136,Minior-red,7,30,0.3,175,False,brown,ball,none,False,https://raw.githubusercontent.com/PokeAPI/sprites/master/sprites/pokemon/other/official-artwork/10136.png
10137,Minior-orange,7,30,0.3,175,False,brown,ball,none,False,https://raw.githubusercontent.com/PokeAPI/sprites/master/sprites/pokemon/other/official-artwork/10137.png
10138,Minior-yellow,7,30,0.3,175,False,brown,ball,none,False,https://raw.githubusercontent.com/PokeAPI/sprites/master/sprites/pokemon/other/official-artwork/10138.png
10139,Minior-green,7,30,0.3,175,False,brown,ball,none,False,https://raw.githubusercontent.com/PokeAPI/sprites/master/sprites/pokemon/other/official-artwork/10139.png
10140,Minior-blue,7,30,0.3,175,False,brown,ball,none,False,https://raw.githubusercontent.com/PokeAPI/sprites/master/sprites/pokemon/other/official-artwork/10140.png
10141,Minior-indigo,7,30,0.3,175,False,brown,ball,none,False,https://raw.githubusercontent.com/PokeAPI/sprites/master/sprites/pokemon/other/official-artwork/10141.png
10142,Minior-violet,7,30,0.3,175,False,brown,ball,none,False,https://raw.githubusercontent.com/PokeAPI/sprites/master/sprites/pokemon/other/official-artwork/10142.png
10143,Mimikyu-busted,7,20,0.7,167,False,yellow,squiggle,none,False,https://raw.githubusercontent.com/PokeAPI/sprites/master/sprites/pokemon/other/official-artwork/shiny/10143.png
10144,Mimikyu-totem-disguised,7,40,2.8,167,False,yellow,squiggle,none,False,https://raw.githubusercontent.com/PokeAPI/sprites/master/sprites/pokemon/other/official-artwork/10144.png
10145,Mimikyu-totem-busted,7,40,2.8,167,False,yellow,squiggle,none,False,https://raw.githubusercontent.com/PokeAPI/sprites/master/sprites/pokemon/other/home/10145.png
10146,Kommo-o-totem,7,240,207.5,270,False,gray,upright,none,False,https://raw.githubusercontent.com/PokeAPI/sprites/master/sprites/pokemon/other/official-artwork/10146.png
10147,Magearna-original,7,100,80.5,300,False,gray,humanoid,none,False,https://raw.githubusercontent.com/PokeAPI/sprites/master/sprites/pokemon/other/official-artwork/10147.png
10148,Pikachu-partner-cap,1,40,6.0,112,False,yellow,quadruped,forest,False,https://raw.githubusercontent.com/PokeAPI/sprites/master/sprites/pokemon/other/official-artwork/10148.png
10149,Marowak-totem,1,170,98.0,149,False,brown,upright,mountain,False,https://raw.githubusercontent.com/PokeAPI/sprites/master/sprites/pokemon/other/official-artwork/10149.png
10150,Ribombee-totem,7,40,2.0,162,False,yellow,bug-wings,none,False,https://raw.githubusercontent.com/PokeAPI/sprites/master/sprites/pokemon/other/official-artwork/10150.png
10151,Rockruff-own-tempo,7,50,9.2,56,False,brown,quadruped,none,False,https://raw.githubusercontent.com/PokeAPI/sprites/master/sprites/pokemon/other/official-artwork/10151.png
10152,Lycanroc-dusk,7,80,25.0,170,False,brown,quadruped,none,False,https://raw.githubusercontent.com/PokeAPI/sprites/master/sprites/pokemon/other/official-artwork/10152.png
10153,Araquanid-totem,7,310,217.5,159,False,green,armor,none,False,https://raw.githubusercontent.com/PokeAPI/sprites/master/sprites/pokemon/other/official-artwork/10153.png
10154,Togedemaru-totem,7,60,13.0,152,False,gray,upright,none,False,https://raw.githubusercontent.com/PokeAPI/sprites/master/sprites/pokemon/other/official-artwork/10154.png
10155,Necrozma-dusk,7,380,460.0,340,False,black,arms,none,True,https://raw.githubusercontent.com/PokeAPI/sprites/master/sprites/pokemon/other/official-artwork/10155.png
10156,Necrozma-dawn,7,420,350.0,340,False,black,arms,none,True,https://raw.githubusercontent.com/PokeAPI/sprites/master/sprites/pokemon/other/official-artwork/10156.png
10157,Necrozma-ultra,7,750,230.0,339,False,black,arms,none,True,https://raw.githubusercontent.com/PokeAPI/sprites/master/sprites/pokemon/other/official-artwork/10157.png
10158,Pikachu-starter,1,40,6.0,86,False,yellow,quadruped,forest,False,https://raw.githubusercontent.com/PokeAPI/sprites/master/sprites/pokemon/other/official-artwork/10158.png
10159,Eevee-starter,1,30,6.5,87,False,brown,quadruped,urban,False,https://raw.githubusercontent.com/PokeAPI/sprites/master/sprites/pokemon/other/official-artwork/10159.png
10160,Pikachu-world-cap,1,40,6.0,112,False,yellow,quadruped,forest,False,https://raw.githubusercontent.com/PokeAPI/sprites/master/sprites/pokemon/other/official-artwork/10160.png
10161,Meowth-galar,1,40,7.5,58,False,yellow,quadruped,urban,False,https://raw.githubusercontent.com/PokeAPI/sprites/master/sprites/pokemon/other/official-artwork/10161.png
10162,Ponyta-galar,1,80,24.0,82,False,yellow,quadruped,grassland,False,https://raw.githubusercontent.com/PokeAPI/sprites/master/sprites/pokemon/other/official-artwork/10162.png
10163,Rapidash-galar,1,170,80.0,175,False,yellow,quadruped,grassland,False,https://raw.githubusercontent.com/PokeAPI/sprites/master/sprites/pokemon/other/official-artwork/10163.png
10164,Slowpoke-galar,1,120,36.0,63,False,pink,quadruped,waters-edge,False,https://raw.githubusercontent.com/PokeAPI/sprites/master/sprites/pokemon/other/official-artwork/10164.png
10165,Slowbro-galar,1,160,70.5,172,False,pink,upright,waters-edge,False,https://raw.githubusercontent.com/PokeAPI/sprites/master/sprites/pokemon/other/official-artwork/10165.png
10166,Farfetchd-galar,1,80,42.0,132,False,brown,wings,grassland,False,https://raw.githubusercontent.com/PokeAPI/sprites/master/sprites/pokemon/other/official-artwork/10166.png
10167,Weezing-galar,1,300,16.0,172,False,purple,heads,urban,False,https://raw.githubusercontent.com/PokeAPI/sprites/master/sprites/pokemon/other/official-artwork/10167.png
10168,Mr-mime-galar,1,140,56.8,161,False,pink,humanoid,urban,False,https://raw.githubusercontent.com/PokeAPI/sprites/master/sprites/pokemon/other/official-artwork/10168.png
10169,Articuno-galar,1,170,50.9,290,False,blue,wings,rare,True,https://raw.githubusercontent.com/PokeAPI/sprites/master/sprites/pokemon/other/official-artwork/10169.png
10170,Zapdos-galar,1,160,58.2,290,False,yellow,wings,rare,True,https://raw.githubusercontent.com/PokeAPI/sprites/master/sprites/pokemon/other/official-artwork/10170.png
10171,Moltres-galar,1,200,66.0,290,False,yellow,wings,rare,True,https://raw.githubusercontent.com/PokeAPI/sprites/master/sprites/pokemon/other/official-artwork/10171.png
10172,Slowking-galar,2,180,79.5,172,False,pink,upright,waters-edge,False,https://raw.githubusercontent.com/PokeAPI/sprites/master/sprites/pokemon/other/official-artwork/10172.png
10173,Corsola-galar,2,60,0.5,144,False,pink,armor,sea,False,https://raw.githubusercontent.com/PokeAPI/sprites/master/sprites/pokemon/other/official-artwork/10173.png
10174,Zigzagoon-galar,3,40,17.5,56,False,brown,quadruped,grassland,False,https://raw.githubusercontent.com/PokeAPI/sprites/master/sprites/pokemon/other/official-artwork/10174.png
10175,Linoone-galar,3,50,32.5,147,False,white,quadruped,grassland,False,https://raw.githubusercontent.com/PokeAPI/sprites/master/sprites/pokemon/other/official-artwork/10175.png
10176,Darumaka-galar,5,70,40.0,63,False,red,humanoid,none,False,https://raw.githubusercontent.com/PokeAPI/sprites/master/sprites/pokemon/other/official-artwork/10176.png
10177,Darmanitan-galar-standard,5,170,120.0,168,False,red,quadruped,none,False,https://raw.githubusercontent.com/PokeAPI/sprites/master/sprites/pokemon/other/official-artwork/10177.png
10178,Darmanitan-galar-zen,5,170,120.0,189,False,red,quadruped,none,False,https://raw.githubusercontent.com/PokeAPI/sprites/master/sprites/pokemon/other/official-artwork/10178.png
10179,Yamask-galar,5,50,1.5,61,False,black,arms,none,False,https://raw.githubusercontent.com/PokeAPI/sprites/master/sprites/pokemon/other/official-artwork/10179.png
10180,Stunfisk-galar,5,70,20.5,165,False,brown,fish,none,False,https://raw.githubusercontent.com/PokeAPI/sprites/master/sprites/pokemon/other/official-artwork/10180.png
10181,Zygarde-10,6,120,33.5,243,False,green,squiggle,none,True,https://raw.githubusercontent.com/PokeAPI/sprites/master/sprites/pokemon/other/official-artwork/10181.png
10182,Cramorant-gulping,8,80,18.0,166,False,blue,wings,none,False,https://raw.githubusercontent.com/PokeAPI/sprites/master/sprites/pokemon/other/official-artwork/10182.png
10183,Cramorant-gorging,8,80,18.0,166,False,blue,wings,none,False,https://raw.githubusercontent.com/PokeAPI/sprites/master/sprites/pokemon/other/official-artwork/10183.png
10184,Toxtricity-low-key,8,160,40.0,176,False,purple,upright,none,False,https://raw.githubusercontent.com/PokeAPI/sprites/master/sprites/pokemon/other/official-artwork/10184.png
10185,Eiscue-noice,8,140,89.0,165,False,blue,upright,none,False,https://raw.githubusercontent.com/PokeAPI/sprites/master/sprites/pokemon/other/official-artwork/10185.png
10186,Indeedee-female,8,90,28.0,166,False,purple,upright,none,False,https://raw.githubusercontent.com/PokeAPI/sprites/master/sprites/pokemon/other/official-artwork/10186.png
10187,Morpeko-hangry,8,30,3.0,153,False,yellow,humanoid,none,False,https://raw.githubusercontent.com/PokeAPI/sprites/master/sprites/pokemon/other/official-artwork/10187.png
10188,Zacian-crowned,8,280,355.0,360,False,blue,quadruped,none,True,https://raw.githubusercontent.com/PokeAPI/sprites/master/sprites/pokemon/other/official-artwork/10188.png
10189,Zamazenta-crowned,8,290,785.0,360,False,red,quadruped,none,True,https://raw.githubusercontent.com/PokeAPI/sprites/master/sprites/pokemon/other/official-artwork/10189.png
10190,Eternatus-eternamax,8,10000,0.0,563,False,purple,wings,none,True,https://raw.githubusercontent.com/PokeAPI/sprites/master/sprites/pokemon/other/official-artwork/10190.png
10191,Urshifu-rapid-strike,8,190,105.0,275,False,gray,humanoid,none,True,https://raw.githubusercontent.com/PokeAPI/sprites/master/sprites/pokemon/other/official-artwork/10191.png
10192,Zarude-dada,8,180,70.0,300,False,green,upright,none,False,https://raw.githubusercontent.com/PokeAPI/sprites/master/sprites/pokemon/other/official-artwork/10192.png
10193,Calyrex-ice,8,240,809.1,340,False,green,humanoid,none,True,https://raw.githubusercontent.com/PokeAPI/sprites/master/sprites/pokemon/other/official-artwork/10193.png
10194,Calyrex-shadow,8,240,53.6,340,False,green,humanoid,none,True,https://raw.githubusercontent.com/PokeAPI/sprites/master/sprites/pokemon/other/official-artwork/10194.png
10195,Venusaur-gmax,1,2400,1000.0,236,False,green,quadruped,grassland,False,https://raw.githubusercontent.com/PokeAPI/sprites/master/sprites/pokemon/other/official-artwork/10195.png
10196,Charizard-gmax,1,2800,1000.0,240,False,red,upright,mountain,False,https://raw.githubusercontent.com/PokeAPI/sprites/master/sprites/pokemon/other/official-artwork/10196.png
10197,Blastoise-gmax,1,2500,1000.0,239,False,blue,upright,waters-edge,False,https://raw.githubusercontent.com/PokeAPI/sprites/master/sprites/pokemon/other/official-artwork/10197.png
10198,Butterfree-gmax,1,1700,1000.0,178,False,white,bug-wings,forest,False,https://raw.githubusercontent.com/PokeAPI/sprites/master/sprites/pokemon/other/official-artwork/10198.png
10199,Pikachu-gmax,1,2100,1000.0,112,False,yellow,quadruped,forest,False,https://raw.githubusercontent.com/PokeAPI/sprites/master/sprites/pokemon/other/official-artwork/10199.png
10200,Meowth-gmax,1,3300,1000.0,58,False,yellow,quadruped,urban,False,https://raw.githubusercontent.com/PokeAPI/sprites/master/sprites/pokemon/other/official-artwork/10200.png
10201,Machamp-gmax,1,2500,1000.0,227,False,gray,humanoid,mountain,False,https://raw.githubusercontent.com/PokeAPI/sprites/master/sprites/pokemon/other/official-artwork/10201.png
10202,Gengar-gmax,1,2000,1000.0,225,False,purple,upright,cave,False,https://raw.githubusercontent.com/PokeAPI/sprites/master/sprites/pokemon/other/official-artwork/10202.png
10203,Kingler-gmax,1,1900,1000.0,166,False,red,armor,waters-edge,False,https://raw.githubusercontent.com/PokeAPI/sprites/master/sprites/pokemon/other/official-artwork/10203.png
10204,Lapras-gmax,1,2400,1000.0,187,False,blue,fish,sea,False,https://raw.githubusercontent.com/PokeAPI/sprites/master/sprites/pokemon/other/official-artwork/10204.png
10205,Eevee-gmax,1,1800,1000.0,65,False,brown,quadruped,urban,False,https://raw.githubusercontent.com/PokeAPI/sprites/master/sprites/pokemon/other/official-artwork/10205.png
10206,Snorlax-gmax,1,3500,1000.0,189,False,black,humanoid,mountain,False,https://raw.githubusercontent.com/PokeAPI/sprites/master/sprites/pokemon/other/official-artwork/10206.png
10207,Garbodor-gmax,5,2100,1000.0,166,False,green,humanoid,none,False,https://raw.githubusercontent.com/PokeAPI/sprites/master/sprites/pokemon/other/official-artwork/10207.png
10208,Melmetal-gmax,7,2500,1000.0,270,False,gray,humanoid,none,False,https://raw.githubusercontent.com/PokeAPI/sprites/master/sprites/pokemon/other/official-artwork/10208.png
10209,Rillaboom-gmax,8,2800,1000.0,265,False,green,humanoid,none,False,https://raw.githubusercontent.com/PokeAPI/sprites/master/sprites/pokemon/other/official-artwork/10209.png
10210,Cinderace-gmax,8,2700,1000.0,265,False,white,upright,none,False,https://raw.githubusercontent.com/PokeAPI/sprites/master/sprites/pokemon/other/official-artwork/10210.png
10211,Inteleon-gmax,8,4000,1000.0,265,False,blue,upright,none,False,https://raw.githubusercontent.com/PokeAPI/sprites/master/sprites/pokemon/other/official-artwork/10211.png
10212,Corviknight-gmax,8,1400,1000.0,248,False,purple,wings,none,False,https://raw.githubusercontent.com/PokeAPI/sprites/master/sprites/pokemon/other/official-artwork/10212.png
10213,Orbeetle-gmax,8,1400,1000.0,253,False,red,wings,none,False,https://raw.githubusercontent.com/PokeAPI/sprites/master/sprites/pokemon/other/official-artwork/10213.png
10214,Drednaw-gmax,8,2400,1000.0,170,False,green,quadruped,none,False,https://raw.githubusercontent.com/PokeAPI/sprites/master/sprites/pokemon/other/official-artwork/10214.png
10215,Coalossal-gmax,8,4200,1000.0,255,False,black,humanoid,none,False,https://raw.githubusercontent.com/PokeAPI/sprites/master/sprites/pokemon/other/official-artwork/10215.png
10216,Flapple-gmax,8,2400,1000.0,170,False,green,wings,none,False,https://raw.githubusercontent.com/PokeAPI/sprites/master/sprites/pokemon/other/official-artwork/10216.png
10217,Appletun-gmax,8,2400,1000.0,170,False,green,quadruped,none,False,https://raw.githubusercontent.com/PokeAPI/sprites/master/sprites/pokemon/other/official-artwork/10217.png
10218,Sandaconda-gmax,8,2200,1000.0,179,False,green,squiggle,none,False,https://raw.githubusercontent.com/PokeAPI/sprites/master/sprites/pokemon/other/official-artwork/10218.png
10219,Toxtricity-amped-gmax,8,2400,1000.0,176,False,purple,upright,none,False,https://raw.githubusercontent.com/PokeAPI/sprites/master/sprites/pokemon/other/official-artwork/10219.png
10220,Centiskorch-gmax,8,7500,1000.0,184,False,red,tentacles,none,False,https://raw.githubusercontent.com/PokeAPI/sprites/master/sprites/pokemon/other/official-artwork/10220.png
10221,Hatterene-gmax,8,2600,1000.0,255,False,pink,blob,none,False,https://raw.githubusercontent.com/PokeAPI/sprites/master/sprites/pokemon/other/official-artwork/10221.png
10222,Grimmsnarl-gmax,8,3200,1000.0,255,False,purple,humanoid,none,False,https://raw.githubusercontent.com/PokeAPI/sprites/master/sprites/pokemon/other/official-artwork/10222.png
10223,Alcremie-gmax,8,3000,1000.0,173,False,white,blob,none,False,https://raw.githubusercontent.com/PokeAPI/sprites/master/sprites/pokemon/other/official-artwork/10223.png
10224,Copperajah-gmax,8,2300,1000.0,175,False,green,quadruped,none,False,https://raw.githubusercontent.com/PokeAPI/sprites/master/sprites/pokemon/other/official-artwork/10224.png
10225,Duraludon-gmax,8,4300,1000.0,187,False,white,upright,none,False,https://raw.githubusercontent.com/PokeAPI/sprites/master/sprites/pokemon/other/official-artwork/10225.png
10226,Urshifu-single-strike-gmax,8,2900,1000.0,275,False,gray,humanoid,none,True,https://raw.githubusercontent.com/PokeAPI/sprites/master/sprites/pokemon/other/official-artwork/10226.png
10227,Urshifu-rapid-strike-gmax,8,2600,1000.0,275,False,gray,humanoid,none,True,https://raw.githubusercontent.com/PokeAPI/sprites/master/sprites/pokemon/other/official-artwork/10227.png
10228,Toxtricity-low-key-gmax,8,2400,1000.0,176,False,purple,upright,none,False,https://raw.githubusercontent.com/PokeAPI/sprites/master/sprites/pokemon/other/official-artwork/10228.png
10229,Growlithe-hisui,1,80,22.7,70,False,brown,quadruped,grassland,False,https://raw.githubusercontent.com/PokeAPI/sprites/master/sprites/pokemon/other/official-artwork/10229.png
10230,Arcanine-hisui,1,200,168.0,194,False,brown,quadruped,grassland,False,https://raw.githubusercontent.com/PokeAPI/sprites/master/sprites/pokemon/other/official-artwork/10230.png
10231,Voltorb-hisui,1,50,13.0,66,False,red,ball,urban,False,https://raw.githubusercontent.com/PokeAPI/sprites/master/sprites/pokemon/other/official-artwork/10231.png
10232,Electrode-hisui,1,120,71.0,172,False,red,ball,urban,False,https://raw.githubusercontent.com/PokeAPI/sprites/master/sprites/pokemon/other/official-artwork/10232.png
10233,Typhlosion-hisui,2,160,69.8,240,False,yellow,quadruped,grassland,False,https://raw.githubusercontent.com/PokeAPI/sprites/master/sprites/pokemon/other/official-artwork/10233.png
10234,Qwilfish-hisui,2,50,3.9,88,False,gray,fish,sea,False,https://raw.githubusercontent.com/PokeAPI/sprites/master/sprites/pokemon/other/official-artwork/10234.png
10235,Sneasel-hisui,2,90,27.0,86,False,black,upright,forest,False,https://raw.githubusercontent.com/PokeAPI/sprites/master/sprites/pokemon/other/official-artwork/10235.png
10236,Samurott-hisui,5,150,58.2,238,False,blue,quadruped,none,False,https://raw.githubusercontent.com/PokeAPI/sprites/master/sprites/pokemon/other/official-artwork/10236.png
10237,Lilligant-hisui,5,120,19.2,168,False,green,blob,none,False,https://raw.githubusercontent.com/PokeAPI/sprites/master/sprites/pokemon/other/official-artwork/10237.png
10238,Zorua-hisui,5,70,12.5,66,False,gray,quadruped,none,False,https://raw.githubusercontent.com/PokeAPI/sprites/master/sprites/pokemon/other/official-artwork/10238.png
10239,Zoroark-hisui,5,160,73.0,179,False,gray,upright,none,False,https://raw.githubusercontent.com/PokeAPI/sprites/master/sprites/pokemon/other/official-artwork/10239.png
10240,Braviary-hisui,5,170,43.4,179,False,red,wings,none,False,https://raw.githubusercontent.com/PokeAPI/sprites/master/sprites/pokemon/other/official-artwork/10240.png
10241,Sliggoo-hisui,6,70,68.5,158,False,purple,squiggle,none,False,https://raw.githubusercontent.com/PokeAPI/sprites/master/sprites/pokemon/other/official-artwork/10241.png
10242,Goodra-hisui,6,170,334.1,270,False,purple,upright,none,False,https://raw.githubusercontent.com/PokeAPI/sprites/master/sprites/pokemon/other/official-artwork/10242.png
10243,Avalugg-hisui,6,140,262.4,180,False,blue,quadruped,none,False,https://raw.githubusercontent.com/PokeAPI/sprites/master/sprites/pokemon/other/official-artwork/10243.png
10244,Decidueye-hisui,7,160,37.0,239,False,brown,wings,none,False,https://raw.githubusercontent.com/PokeAPI/sprites/master/sprites/pokemon/other/official-artwork/10244.png
10245,Dialga-origin,4,700,848.7,306,False,white,quadruped,none,True,https://raw.githubusercontent.com/PokeAPI/sprites/master/sprites/pokemon/other/official-artwork/10245.png
10246,Palkia-origin,4,630,659.0,306,False,purple,upright,none,True,https://raw.githubusercontent.com/PokeAPI/sprites/master/sprites/pokemon/other/official-artwork/10246.png
10247,Basculin-white-striped,5,100,18.0,161,False,green,fish,none,False,https://raw.githubusercontent.com/PokeAPI/sprites/master/sprites/pokemon/other/official-artwork/10247.png
10248,Basculegion-female,8,300,110.0,265,False,green,fish,none,False,https://raw.githubusercontent.com/PokeAPI/sprites/master/sprites/pokemon/other/official-artwork/10248.png
10249,Enamorus-therian,8,160,48.0,116,False,pink,arms,none,True,https://raw.githubusercontent.com/PokeAPI/sprites/master/sprites/pokemon/other/official-artwork/10249.png
10250,Tauros-paldea-combat-breed,1,140,115.0,172,False,brown,quadruped,grassland,False,https://raw.githubusercontent.com/PokeAPI/sprites/master/sprites/pokemon/other/official-artwork/10250.png
10251,Tauros-paldea-blaze-breed,1,140,85.0,172,False,brown,quadruped,grassland,False,https://raw.githubusercontent.com/PokeAPI/sprites/master/sprites/pokemon/other/official-artwork/10251.png
10252,Tauros-paldea-aqua-breed,1,140,110.0,172,False,brown,quadruped,grassland,False,https://raw.githubusercontent.com/PokeAPI/sprites/master/sprites/pokemon/other/official-artwork/10252.png
10253,Wooper-paldea,2,40,11.0,42,False,blue,legs,waters-edge,False,https://raw.githubusercontent.com/PokeAPI/sprites/master/sprites/pokemon/other/official-artwork/10253.png
10254,Oinkologne-female,9,100,120.0,171,False,gray,quadruped,none,False,https://raw.githubusercontent.com/PokeAPI/sprites/master/sprites/pokemon/other/official-artwork/10254.png
10255,Dudunsparce-three-segment,9,450,47.4,182,False,yellow,squiggle,none,False,https://raw.githubusercontent.com/PokeAPI/sprites/master/sprites/pokemon/other/official-artwork/10255.png
10256,Palafin-hero,9,180,97.4,160,False,blue,fish,none,False,https://raw.githubusercontent.com/PokeAPI/sprites/master/sprites/pokemon/other/official-artwork/10256.png
10257,Maushold-family-of-three,9,30,2.8,165,False,white,heads,none,False,https://raw.githubusercontent.com/PokeAPI/sprites/master/sprites/pokemon/other/official-artwork/10257.png
10258,Tatsugiri-droopy,9,30,8.0,166,False,pink,fish,none,False,https://raw.githubusercontent.com/PokeAPI/sprites/master/sprites/pokemon/other/official-artwork/10258.png
10259,Tatsugiri-stretchy,9,30,8.0,166,False,pink,fish,none,False,https://raw.githubusercontent.com/PokeAPI/sprites/master/sprites/pokemon/other/official-artwork/10259.png
10260,Squawkabilly-blue-plumage,9,60,2.4,146,False,green,wings,none,False,https://raw.githubusercontent.com/PokeAPI/sprites/master/sprites/pokemon/other/official-artwork/10260.png
10261,Squawkabilly-yellow-plumage,9,60,2.4,146,False,green,wings,none,False,https://raw.githubusercontent.com/PokeAPI/sprites/master/sprites/pokemon/other/official-artwork/10261.png
10262,Squawkabilly-white-plumage,9,60,2.4,146,False,green,wings,none,False,https://raw.githubusercontent.com/PokeAPI/sprites/master/sprites/pokemon/other/official-artwork/10262.png
10263,Gimmighoul-roaming,9,10,1.0,60,False,brown,blob,none,False,https://raw.githubusercontent.com/PokeAPI/sprites/master/sprites/pokemon/other/official-artwork/10263.png
10264,Koraidon-limited-build,9,350,303.0,335,False,red,upright,none,True,https://archives.bulbagarden.net/media/upload/f/f2/1007Koraidon_Dream_6.png
10265,Koraidon-sprinting-build,9,350,303.0,335,False,red,upright,none,True,https://archives.bulbagarden.net/media/upload/f/f0/1007Koraidon_Dream_3.png
10266,Koraidon-swimming-build,9,350,303.0,335,False,red,upright,none,True,https://archives.bulbagarden.net/media/upload/4/4f/1007Koraidon_Dream_7.png
10267,Koraidon-gliding-build,9,350,303.0,335,False,red,upright,none,True,https://archives.bulbagarden.net/media/upload/c/ce/1007Koraidon_Dream_4.png
10268,Miraidon-low-power-mode,9,280,240.0,335,False,blue,quadruped,none,True,https://archives.bulbagarden.net/media/upload/9/91/1008Miraidon_Dream_5.png
10269,Miraidon-drive-mode,9,280,240.0,335,False,blue,quadruped,none,True,https://archives.bulbagarden.net/media/upload/2/27/1008Miraidon_Dream_4.png
10270,Miraidon-aquatic-mode,9,280,240.0,335,False,blue,quadruped,none,True,https://archives.bulbagarden.net/media/upload/2/26/1008Miraidon_Dream_6.png
10271,Miraidon-glide-mode,9,280,240.0,335,False,blue,quadruped,none,True,https://archives.bulbagarden.net/media/upload/0/0d/1008Miraidon_Dream_3.png
10272,Ursaluna-bloodmoon,8,240,290.0,275,False,brown,quadruped,none,False,https://archives.bulbagarden.net/media/upload/8/85/0901Ursaluna-Bloodmoon.png
10273,Ogerpon-wellspring-mask,9,120,39.8,275,False,green,humanoid,none,True,https://archives.bulbagarden.net/media/upload/6/6e/1017Ogerpon-Wellspring_Dream.png
10274,Ogerpon-hearthflame-mask,9,120,39.8,275,False,green,humanoid,none,True,https://archives.bulbagarden.net/media/upload/6/64/1017Ogerpon-Hearthflame_Dream.png
10275,Ogerpon-cornerstone-mask,9,120,39.8,275,False,green,humanoid,none,True,https://archives.bulbagarden.net/media/upload/a/a7/1017Ogerpon-Cornerstone_Dream.png
10276,Terapagos-terastal,9,30,16.0,90,False,blue,quadruped,none,True,https://archives.bulbagarden.net/media/upload/e/ed/1024Terapagos-Terastal.png
10277,Terapagos-stellar,9,170,77.0,90,False,blue,quadruped,none,True,https://archives.bulbagarden.net/media/upload/c/ca/HOME1024S.png
