pokemonID,statName,baseStat,effort,isBattleOnly
1,hp,45,0,False
1,attack,49,0,False
1,defense,49,0,False
1,special-attack,65,1,False
1,special-defense,65,0,False
1,speed,45,0,False
2,hp,60,0,False
2,attack,62,0,False
2,defense,63,0,False
2,special-attack,80,1,False
2,special-defense,80,1,False
2,speed,60,0,False
3,hp,80,0,False
3,attack,82,0,False
3,defense,83,0,False
3,special-attack,100,2,False
3,special-defense,100,1,False
3,speed,80,0,False
4,hp,39,0,False
4,attack,52,0,False
4,defense,43,0,False
4,special-attack,60,0,False
4,special-defense,50,0,False
4,speed,65,1,False
5,hp,58,0,False
5,attack,64,0,False
5,defense,58,0,False
5,special-attack,80,1,False
5,special-defense,65,0,False
5,speed,80,1,False
6,hp,78,0,False
6,attack,84,0,False
6,defense,78,0,False
6,special-attack,109,3,False
6,special-defense,85,0,False
6,speed,100,0,False
7,hp,44,0,False
7,attack,48,0,False
7,defense,65,1,False
7,special-attack,50,0,False
7,special-defense,64,0,False
7,speed,43,0,False
8,hp,59,0,False
8,attack,63,0,False
8,defense,80,1,False
8,special-attack,65,0,False
8,special-defense,80,1,False
8,speed,58,0,False
9,hp,79,0,False
9,attack,83,0,False
9,defense,100,0,False
9,special-attack,85,0,False
9,special-defense,105,3,False
9,speed,78,0,False
10,hp,45,1,False
10,attack,30,0,False
10,defense,35,0,False
10,special-attack,20,0,False
10,special-defense,20,0,False
10,speed,45,0,False
11,hp,50,0,False
11,attack,20,0,False
11,defense,55,2,False
11,special-attack,25,0,False
11,special-defense,25,0,False
11,speed,30,0,False
12,hp,60,0,False
12,attack,45,0,False
12,defense,50,0,False
12,special-attack,90,2,False
12,special-defense,80,1,False
12,speed,70,0,False
13,hp,40,0,False
13,attack,35,0,False
13,defense,30,0,False
13,special-attack,20,0,False
13,special-defense,20,0,False
13,speed,50,1,False
14,hp,45,0,False
14,attack,25,0,False
14,defense,50,2,False
14,special-attack,25,0,False
14,special-defense,25,0,False
14,speed,35,0,False
15,hp,65,0,False
15,attack,90,2,False
15,defense,40,0,False
15,special-attack,45,0,False
15,special-defense,80,1,False
15,speed,75,0,False
16,hp,40,0,False
16,attack,45,0,False
16,defense,40,0,False
16,special-attack,35,0,False
16,special-defense,35,0,False
16,speed,56,1,False
17,hp,63,0,False
17,attack,60,0,False
17,defense,55,0,False
17,special-attack,50,0,False
17,special-defense,50,0,False
17,speed,71,2,False
18,hp,83,0,False
18,attack,80,0,False
18,defense,75,0,False
18,special-attack,70,0,False
18,special-defense,70,0,False
18,speed,101,3,False
19,hp,30,0,False
19,attack,56,0,False
19,defense,35,0,False
19,special-attack,25,0,False
19,special-defense,35,0,False
19,speed,72,1,False
20,hp,55,0,False
20,attack,81,0,False
20,defense,60,0,False
20,special-attack,50,0,False
20,special-defense,70,0,False
20,speed,97,2,False
21,hp,40,0,False
21,attack,60,0,False
21,defense,30,0,False
21,special-attack,31,0,False
21,special-defense,31,0,False
21,speed,70,1,False
22,hp,65,0,False
22,attack,90,0,False
22,defense,65,0,False
22,special-attack,61,0,False
22,special-defense,61,0,False
22,speed,100,2,False
23,hp,35,0,False
23,attack,60,1,False
23,defense,44,0,False
23,special-attack,40,0,False
23,special-defense,54,0,False
23,speed,55,0,False
24,hp,60,0,False
24,attack,95,2,False
24,defense,69,0,False
24,special-attack,65,0,False
24,special-defense,79,0,False
24,speed,80,0,False
25,hp,35,0,False
25,attack,55,0,False
25,defense,40,0,False
25,special-attack,50,0,False
25,special-defense,50,0,False
25,speed,90,2,False
26,hp,60,0,False
26,attack,90,0,False
26,defense,55,0,False
26,special-attack,90,0,False
26,special-defense,80,0,False
26,speed,110,3,False
27,hp,50,0,False
27,attack,75,0,False
27,defense,85,1,False
27,special-attack,20,0,False
27,special-defense,30,0,False
27,speed,40,0,False
28,hp,75,0,False
28,attack,100,0,False
28,defense,110,2,False
28,special-attack,45,0,False
28,special-defense,55,0,False
28,speed,65,0,False
29,hp,55,1,False
29,attack,47,0,False
29,defense,52,0,False
29,special-attack,40,0,False
29,special-defense,40,0,False
29,speed,41,0,False
30,hp,70,2,False
30,attack,62,0,False
30,defense,67,0,False
30,special-attack,55,0,False
30,special-defense,55,0,False
30,speed,56,0,False
31,hp,90,3,False
31,attack,92,0,False
31,defense,87,0,False
31,special-attack,75,0,False
31,special-defense,85,0,False
31,speed,76,0,False
32,hp,46,0,False
32,attack,57,1,False
32,defense,40,0,False
32,special-attack,40,0,False
32,special-defense,40,0,False
32,speed,50,0,False
33,hp,61,0,False
33,attack,72,2,False
33,defense,57,0,False
33,special-attack,55,0,False
33,special-defense,55,0,False
33,speed,65,0,False
34,hp,81,0,False
34,attack,102,3,False
34,defense,77,0,False
34,special-attack,85,0,False
34,special-defense,75,0,False
34,speed,85,0,False
35,hp,70,2,False
35,attack,45,0,False
35,defense,48,0,False
35,special-attack,60,0,False
35,special-defense,65,0,False
35,speed,35,0,False
36,hp,95,3,False
36,attack,70,0,False
36,defense,73,0,False
36,special-attack,95,0,False
36,special-defense,90,0,False
36,speed,60,0,False
37,hp,38,0,False
37,attack,41,0,False
37,defense,40,0,False
37,special-attack,50,0,False
37,special-defense,65,0,False
37,speed,65,1,False
38,hp,73,0,False
38,attack,76,0,False
38,defense,75,0,False
38,special-attack,81,0,False
38,special-defense,100,1,False
38,speed,100,1,False
39,hp,115,2,False
39,attack,45,0,False
39,defense,20,0,False
39,special-attack,45,0,False
39,special-defense,25,0,False
39,speed,20,0,False
40,hp,140,3,False
40,attack,70,0,False
40,defense,45,0,False
40,special-attack,85,0,False
40,special-defense,50,0,False
40,speed,45,0,False
41,hp,40,0,False
41,attack,45,0,False
41,defense,35,0,False
41,special-attack,30,0,False
41,special-defense,40,0,False
41,speed,55,1,False
42,hp,75,0,False
42,attack,80,0,False
42,defense,70,0,False
42,special-attack,65,0,False
42,special-defense,75,0,False
42,speed,90,2,False
43,hp,45,0,False
43,attack,50,0,False
43,defense,55,0,False
43,special-attack,75,1,False
43,special-defense,65,0,False
43,speed,30,0,False
44,hp,60,0,False
44,attack,65,0,False
44,defense,70,0,False
44,special-attack,85,2,False
44,special-defense,75,0,False
44,speed,40,0,False
45,hp,75,0,False
45,attack,80,0,False
45,defense,85,0,False
45,special-attack,110,3,False
45,special-defense,90,0,False
45,speed,50,0,False
46,hp,35,0,False
46,attack,70,1,False
46,defense,55,0,False
46,special-attack,45,0,False
46,special-defense,55,0,False
46,speed,25,0,False
47,hp,60,0,False
47,attack,95,2,False
47,defense,80,1,False
47,special-attack,60,0,False
47,special-defense,80,0,False
47,speed,30,0,False
48,hp,60,0,False
48,attack,55,0,False
48,defense,50,0,False
48,special-attack,40,0,False
48,special-defense,55,1,False
48,speed,45,0,False
49,hp,70,0,False
49,attack,65,0,False
49,defense,60,0,False
49,special-attack,90,1,False
49,special-defense,75,0,False
49,speed,90,1,False
50,hp,10,0,False
50,attack,55,0,False
50,defense,25,0,False
50,special-attack,35,0,False
50,special-defense,45,0,False
50,speed,95,1,False
51,hp,35,0,False
51,attack,100,0,False
51,defense,50,0,False
51,special-attack,50,0,False
51,special-defense,70,0,False
51,speed,120,2,False
52,hp,40,0,False
52,attack,45,0,False
52,defense,35,0,False
52,special-attack,40,0,False
52,special-defense,40,0,False
52,speed,90,1,False
53,hp,65,0,False
53,attack,70,0,False
53,defense,60,0,False
53,special-attack,65,0,False
53,special-defense,65,0,False
53,speed,115,2,False
54,hp,50,0,False
54,attack,52,0,False
54,defense,48,0,False
54,special-attack,65,1,False
54,special-defense,50,0,False
54,speed,55,0,False
55,hp,80,0,False
55,attack,82,0,False
55,defense,78,0,False
55,special-attack,95,2,False
55,special-defense,80,0,False
55,speed,85,0,False
56,hp,40,0,False
56,attack,80,1,False
56,defense,35,0,False
56,special-attack,35,0,False
56,special-defense,45,0,False
56,speed,70,0,False
57,hp,65,0,False
57,attack,105,2,False
57,defense,60,0,False
57,special-attack,60,0,False
57,special-defense,70,0,False
57,speed,95,0,False
58,hp,55,0,False
58,attack,70,1,False
58,defense,45,0,False
58,special-attack,70,0,False
58,special-defense,50,0,False
58,speed,60,0,False
59,hp,90,0,False
59,attack,110,2,False
59,defense,80,0,False
59,special-attack,100,0,False
59,special-defense,80,0,False
59,speed,95,0,False
60,hp,40,0,False
60,attack,50,0,False
60,defense,40,0,False
60,special-attack,40,0,False
60,special-defense,40,0,False
60,speed,90,1,False
61,hp,65,0,False
61,attack,65,0,False
61,defense,65,0,False
61,special-attack,50,0,False
61,special-defense,50,0,False
61,speed,90,2,False
62,hp,90,0,False
62,attack,95,0,False
62,defense,95,3,False
62,special-attack,70,0,False
62,special-defense,90,0,False
62,speed,70,0,False
63,hp,25,0,False
63,attack,20,0,False
63,defense,15,0,False
63,special-attack,105,1,False
63,special-defense,55,0,False
63,speed,90,0,False
64,hp,40,0,False
64,attack,35,0,False
64,defense,30,0,False
64,special-attack,120,2,False
64,special-defense,70,0,False
64,speed,105,0,False
65,hp,55,0,False
65,attack,50,0,False
65,defense,45,0,False
65,special-attack,135,3,False
65,special-defense,95,0,False
65,speed,120,0,False
66,hp,70,0,False
66,attack,80,1,False
66,defense,50,0,False
66,special-attack,35,0,False
66,special-defense,35,0,False
66,speed,35,0,False
67,hp,80,0,False
67,attack,100,2,False
67,defense,70,0,False
67,special-attack,50,0,False
67,special-defense,60,0,False
67,speed,45,0,False
68,hp,90,0,False
68,attack,130,3,False
68,defense,80,0,False
68,special-attack,65,0,False
68,special-defense,85,0,False
68,speed,55,0,False
69,hp,50,0,False
69,attack,75,1,False
69,defense,35,0,False
69,special-attack,70,0,False
69,special-defense,30,0,False
69,speed,40,0,False
70,hp,65,0,False
70,attack,90,2,False
70,defense,50,0,False
70,special-attack,85,0,False
70,special-defense,45,0,False
70,speed,55,0,False
71,hp,80,0,False
71,attack,105,3,False
71,defense,65,0,False
71,special-attack,100,0,False
71,special-defense,70,0,False
71,speed,70,0,False
72,hp,40,0,False
72,attack,40,0,False
72,defense,35,0,False
72,special-attack,50,0,False
72,special-defense,100,1,False
72,speed,70,0,False
73,hp,80,0,False
73,attack,70,0,False
73,defense,65,0,False
73,special-attack,80,0,False
73,special-defense,120,2,False
73,speed,100,0,False
74,hp,40,0,False
74,attack,80,0,False
74,defense,100,1,False
74,special-attack,30,0,False
74,special-defense,30,0,False
74,speed,20,0,False
75,hp,55,0,False
75,attack,95,0,False
75,defense,115,2,False
75,special-attack,45,0,False
75,special-defense,45,0,False
75,speed,35,0,False
76,hp,80,0,False
76,attack,120,0,False
76,defense,130,3,False
76,special-attack,55,0,False
76,special-defense,65,0,False
76,speed,45,0,False
77,hp,50,0,False
77,attack,85,0,False
77,defense,55,0,False
77,special-attack,65,0,False
77,special-defense,65,0,False
77,speed,90,1,False
78,hp,65,0,False
78,attack,100,0,False
78,defense,70,0,False
78,special-attack,80,0,False
78,special-defense,80,0,False
78,speed,105,2,False
79,hp,90,1,False
79,attack,65,0,False
79,defense,65,0,False
79,special-attack,40,0,False
79,special-defense,40,0,False
79,speed,15,0,False
80,hp,95,0,False
80,attack,75,0,False
80,defense,110,2,False
80,special-attack,100,0,False
80,special-defense,80,0,False
80,speed,30,0,False
81,hp,25,0,False
81,attack,35,0,False
81,defense,70,0,False
81,special-attack,95,1,False
81,special-defense,55,0,False
81,speed,45,0,False
82,hp,50,0,False
82,attack,60,0,False
82,defense,95,0,False
82,special-attack,120,2,False
82,special-defense,70,0,False
82,speed,70,0,False
83,hp,52,0,False
83,attack,90,1,False
83,defense,55,0,False
83,special-attack,58,0,False
83,special-defense,62,0,False
83,speed,60,0,False
84,hp,35,0,False
84,attack,85,1,False
84,defense,45,0,False
84,special-attack,35,0,False
84,special-defense,35,0,False
84,speed,75,0,False
85,hp,60,0,False
85,attack,110,2,False
85,defense,70,0,False
85,special-attack,60,0,False
85,special-defense,60,0,False
85,speed,110,0,False
86,hp,65,0,False
86,attack,45,0,False
86,defense,55,0,False
86,special-attack,45,0,False
86,special-defense,70,1,False
86,speed,45,0,False
87,hp,90,0,False
87,attack,70,0,False
87,defense,80,0,False
87,special-attack,70,0,False
87,special-defense,95,2,False
87,speed,70,0,False
88,hp,80,1,False
88,attack,80,0,False
88,defense,50,0,False
88,special-attack,40,0,False
88,special-defense,50,0,False
88,speed,25,0,False
89,hp,105,1,False
89,attack,105,1,False
89,defense,75,0,False
89,special-attack,65,0,False
89,special-defense,100,0,False
89,speed,50,0,False
90,hp,30,0,False
90,attack,65,0,False
90,defense,100,1,False
90,special-attack,45,0,False
90,special-defense,25,0,False
90,speed,40,0,False
91,hp,50,0,False
91,attack,95,0,False
91,defense,180,2,False
91,special-attack,85,0,False
91,special-defense,45,0,False
91,speed,70,0,False
92,hp,30,0,False
92,attack,35,0,False
92,defense,30,0,False
92,special-attack,100,1,False
92,special-defense,35,0,False
92,speed,80,0,False
93,hp,45,0,False
93,attack,50,0,False
93,defense,45,0,False
93,special-attack,115,2,False
93,special-defense,55,0,False
93,speed,95,0,False
94,hp,60,0,False
94,attack,65,0,False
94,defense,60,0,False
94,special-attack,130,3,False
94,special-defense,75,0,False
94,speed,110,0,False
95,hp,35,0,False
95,attack,45,0,False
95,defense,160,1,False
95,special-attack,30,0,False
95,special-defense,45,0,False
95,speed,70,0,False
96,hp,60,0,False
96,attack,48,0,False
96,defense,45,0,False
96,special-attack,43,0,False
96,special-defense,90,1,False
96,speed,42,0,False
97,hp,85,0,False
97,attack,73,0,False
97,defense,70,0,False
97,special-attack,73,0,False
97,special-defense,115,2,False
97,speed,67,0,False
98,hp,30,0,False
98,attack,105,1,False
98,defense,90,0,False
98,special-attack,25,0,False
98,special-defense,25,0,False
98,speed,50,0,False
99,hp,55,0,False
99,attack,130,2,False
99,defense,115,0,False
99,special-attack,50,0,False
99,special-defense,50,0,False
99,speed,75,0,False
100,hp,40,0,False
100,attack,30,0,False
100,defense,50,0,False
100,special-attack,55,0,False
100,special-defense,55,0,False
100,speed,100,1,False
101,hp,60,0,False
101,attack,50,0,False
101,defense,70,0,False
101,special-attack,80,0,False
101,special-defense,80,0,False
101,speed,150,2,False
102,hp,60,0,False
102,attack,40,0,False
102,defense,80,1,False
102,special-attack,60,0,False
102,special-defense,45,0,False
102,speed,40,0,False
103,hp,95,0,False
103,attack,95,0,False
103,defense,85,0,False
103,special-attack,125,2,False
103,special-defense,75,0,False
103,speed,55,0,False
104,hp,50,0,False
104,attack,50,0,False
104,defense,95,1,False
104,special-attack,40,0,False
104,special-defense,50,0,False
104,speed,35,0,False
105,hp,60,0,False
105,attack,80,0,False
105,defense,110,2,False
105,special-attack,50,0,False
105,special-defense,80,0,False
105,speed,45,0,False
106,hp,50,0,False
106,attack,120,2,False
106,defense,53,0,False
106,special-attack,35,0,False
106,special-defense,110,0,False
106,speed,87,0,False
107,hp,50,0,False
107,attack,105,0,False
107,defense,79,0,False
107,special-attack,35,0,False
107,special-defense,110,2,False
107,speed,76,0,False
108,hp,90,2,False
108,attack,55,0,False
108,defense,75,0,False
108,special-attack,60,0,False
108,special-defense,75,0,False
108,speed,30,0,False
109,hp,40,0,False
109,attack,65,0,False
109,defense,95,1,False
109,special-attack,60,0,False
109,special-defense,45,0,False
109,speed,35,0,False
110,hp,65,0,False
110,attack,90,0,False
110,defense,120,2,False
110,special-attack,85,0,False
110,special-defense,70,0,False
110,speed,60,0,False
111,hp,80,0,False
111,attack,85,0,False
111,defense,95,1,False
111,special-attack,30,0,False
111,special-defense,30,0,False
111,speed,25,0,False
112,hp,105,0,False
112,attack,130,2,False
112,defense,120,0,False
112,special-attack,45,0,False
112,special-defense,45,0,False
112,speed,40,0,False
113,hp,250,2,False
113,attack,5,0,False
113,defense,5,0,False
113,special-attack,35,0,False
113,special-defense,105,0,False
113,speed,50,0,False
114,hp,65,0,False
114,attack,55,0,False
114,defense,115,1,False
114,special-attack,100,0,False
114,special-defense,40,0,False
114,speed,60,0,False
115,hp,105,2,False
115,attack,95,0,False
115,defense,80,0,False
115,special-attack,40,0,False
115,special-defense,80,0,False
115,speed,90,0,False
116,hp,30,0,False
116,attack,40,0,False
116,defense,70,0,False
116,special-attack,70,1,False
116,special-defense,25,0,False
116,speed,60,0,False
117,hp,55,0,False
117,attack,65,0,False
117,defense,95,1,False
117,special-attack,95,1,False
117,special-defense,45,0,False
117,speed,85,0,False
118,hp,45,0,False
118,attack,67,1,False
118,defense,60,0,False
118,special-attack,35,0,False
118,special-defense,50,0,False
118,speed,63,0,False
119,hp,80,0,False
119,attack,92,2,False
119,defense,65,0,False
119,special-attack,65,0,False
119,special-defense,80,0,False
119,speed,68,0,False
120,hp,30,0,False
120,attack,45,0,False
120,defense,55,0,False
120,special-attack,70,0,False
120,special-defense,55,0,False
120,speed,85,1,False
121,hp,60,0,False
121,attack,75,0,False
121,defense,85,0,False
121,special-attack,100,0,False
121,special-defense,85,0,False
121,speed,115,2,False
122,hp,40,0,False
122,attack,45,0,False
122,defense,65,0,False
122,special-attack,100,0,False
122,special-defense,120,2,False
122,speed,90,0,False
123,hp,70,0,False
123,attack,110,1,False
123,defense,80,0,False
123,special-attack,55,0,False
123,special-defense,80,0,False
123,speed,105,0,False
124,hp,65,0,False
124,attack,50,0,False
124,defense,35,0,False
124,special-attack,115,2,False
124,special-defense,95,0,False
124,speed,95,0,False
125,hp,65,0,False
125,attack,83,0,False
125,defense,57,0,False
125,special-attack,95,0,False
125,special-defense,85,0,False
125,speed,105,2,False
126,hp,65,0,False
126,attack,95,0,False
126,defense,57,0,False
126,special-attack,100,2,False
126,special-defense,85,0,False
126,speed,93,0,False
127,hp,65,0,False
127,attack,125,2,False
127,defense,100,0,False
127,special-attack,55,0,False
127,special-defense,70,0,False
127,speed,85,0,False
128,hp,75,0,False
128,attack,100,1,False
128,defense,95,0,False
128,special-attack,40,0,False
128,special-defense,70,0,False
128,speed,110,1,False
129,hp,20,0,False
129,attack,10,0,False
129,defense,55,0,False
129,special-attack,15,0,False
129,special-defense,20,0,False
129,speed,80,1,False
130,hp,95,0,False
130,attack,125,2,False
130,defense,79,0,False
130,special-attack,60,0,False
130,special-defense,100,0,False
130,speed,81,0,False
131,hp,130,2,False
131,attack,85,0,False
131,defense,80,0,False
131,special-attack,85,0,False
131,special-defense,95,0,False
131,speed,60,0,False
132,hp,48,1,False
132,attack,48,0,False
132,defense,48,0,False
132,special-attack,48,0,False
132,special-defense,48,0,False
132,speed,48,0,False
133,hp,55,0,False
133,attack,55,0,False
133,defense,50,0,False
133,special-attack,45,0,False
133,special-defense,65,1,False
133,speed,55,0,False
134,hp,130,2,False
134,attack,65,0,False
134,defense,60,0,False
134,special-attack,110,0,False
134,special-defense,95,0,False
134,speed,65,0,False
135,hp,65,0,False
135,attack,65,0,False
135,defense,60,0,False
135,special-attack,110,0,False
135,special-defense,95,0,False
135,speed,130,2,False
136,hp,65,0,False
136,attack,130,2,False
136,defense,60,0,False
136,special-attack,95,0,False
136,special-defense,110,0,False
136,speed,65,0,False
137,hp,65,0,False
137,attack,60,0,False
137,defense,70,0,False
137,special-attack,85,1,False
137,special-defense,75,0,False
137,speed,40,0,False
138,hp,35,0,False
138,attack,40,0,False
138,defense,100,1,False
138,special-attack,90,0,False
138,special-defense,55,0,False
138,speed,35,0,False
139,hp,70,0,False
139,attack,60,0,False
139,defense,125,2,False
139,special-attack,115,0,False
139,special-defense,70,0,False
139,speed,55,0,False
140,hp,30,0,False
140,attack,80,0,False
140,defense,90,1,False
140,special-attack,55,0,False
140,special-defense,45,0,False
140,speed,55,0,False
141,hp,60,0,False
141,attack,115,2,False
141,defense,105,0,False
141,special-attack,65,0,False
141,special-defense,70,0,False
141,speed,80,0,False
142,hp,80,0,False
142,attack,105,0,False
142,defense,65,0,False
142,special-attack,60,0,False
142,special-defense,75,0,False
142,speed,130,2,False
143,hp,160,2,False
143,attack,110,0,False
143,defense,65,0,False
143,special-attack,65,0,False
143,special-defense,110,0,False
143,speed,30,0,False
144,hp,90,0,False
144,attack,85,0,False
144,defense,100,0,False
144,special-attack,95,0,False
144,special-defense,125,3,False
144,speed,85,0,False
145,hp,90,0,False
145,attack,90,0,False
145,defense,85,0,False
145,special-attack,125,3,False
145,special-defense,90,0,False
145,speed,100,0,False
146,hp,90,0,False
146,attack,100,0,False
146,defense,90,0,False
146,special-attack,125,3,False
146,special-defense,85,0,False
146,speed,90,0,False
147,hp,41,0,False
147,attack,64,1,False
147,defense,45,0,False
147,special-attack,50,0,False
147,special-defense,50,0,False
147,speed,50,0,False
148,hp,61,0,False
148,attack,84,2,False
148,defense,65,0,False
148,special-attack,70,0,False
148,special-defense,70,0,False
148,speed,70,0,False
149,hp,91,0,False
149,attack,134,3,False
149,defense,95,0,False
149,special-attack,100,0,False
149,special-defense,100,0,False
149,speed,80,0,False
150,hp,106,0,False
150,attack,110,0,False
150,defense,90,0,False
150,special-attack,154,3,False
150,special-defense,90,0,False
150,speed,130,0,False
151,hp,100,3,False
151,attack,100,0,False
151,defense,100,0,False
151,special-attack,100,0,False
151,special-defense,100,0,False
151,speed,100,0,False
152,hp,45,0,False
152,attack,49,0,False
152,defense,65,0,False
152,special-attack,49,0,False
152,special-defense,65,1,False
152,speed,45,0,False
153,hp,60,0,False
153,attack,62,0,False
153,defense,80,1,False
153,special-attack,63,0,False
153,special-defense,80,1,False
153,speed,60,0,False
154,hp,80,0,False
154,attack,82,0,False
154,defense,100,1,False
154,special-attack,83,0,False
154,special-defense,100,2,False
154,speed,80,0,False
155,hp,39,0,False
155,attack,52,0,False
155,defense,43,0,False
155,special-attack,60,0,False
155,special-defense,50,0,False
155,speed,65,1,False
156,hp,58,0,False
156,attack,64,0,False
156,defense,58,0,False
156,special-attack,80,1,False
156,special-defense,65,0,False
156,speed,80,1,False
157,hp,78,0,False
157,attack,84,0,False
157,defense,78,0,False
157,special-attack,109,3,False
157,special-defense,85,0,False
157,speed,100,0,False
158,hp,50,0,False
158,attack,65,1,False
158,defense,64,0,False
158,special-attack,44,0,False
158,special-defense,48,0,False
158,speed,43,0,False
159,hp,65,0,False
159,attack,80,1,False
159,defense,80,1,False
159,special-attack,59,0,False
159,special-defense,63,0,False
159,speed,58,0,False
160,hp,85,0,False
160,attack,105,2,False
160,defense,100,1,False
160,special-attack,79,0,False
160,special-defense,83,0,False
160,speed,78,0,False
161,hp,35,0,False
161,attack,46,1,False
161,defense,34,0,False
161,special-attack,35,0,False
161,special-defense,45,0,False
161,speed,20,0,False
162,hp,85,0,False
162,attack,76,0,False
162,defense,64,0,False
162,special-attack,45,0,False
162,special-defense,55,0,False
162,speed,90,2,False
163,hp,60,1,False
163,attack,30,0,False
163,defense,30,0,False
163,special-attack,36,0,False
163,special-defense,56,0,False
163,speed,50,0,False
164,hp,100,2,False
164,attack,50,0,False
164,defense,50,0,False
164,special-attack,86,0,False
164,special-defense,96,0,False
164,speed,70,0,False
165,hp,40,0,False
165,attack,20,0,False
165,defense,30,0,False
165,special-attack,40,0,False
165,special-defense,80,1,False
165,speed,55,0,False
166,hp,55,0,False
166,attack,35,0,False
166,defense,50,0,False
166,special-attack,55,0,False
166,special-defense,110,2,False
166,speed,85,0,False
167,hp,40,0,False
167,attack,60,1,False
167,defense,40,0,False
167,special-attack,40,0,False
167,special-defense,40,0,False
167,speed,30,0,False
168,hp,70,0,False
168,attack,90,2,False
168,defense,70,0,False
168,special-attack,60,0,False
168,special-defense,70,0,False
168,speed,40,0,False
169,hp,85,0,False
169,attack,90,0,False
169,defense,80,0,False
169,special-attack,70,0,False
169,special-defense,80,0,False
169,speed,130,3,False
170,hp,75,1,False
170,attack,38,0,False
170,defense,38,0,False
170,special-attack,56,0,False
170,special-defense,56,0,False
170,speed,67,0,False
171,hp,125,2,False
171,attack,58,0,False
171,defense,58,0,False
171,special-attack,76,0,False
171,special-defense,76,0,False
171,speed,67,0,False
172,hp,20,0,False
172,attack,40,0,False
172,defense,15,0,False
172,special-attack,35,0,False
172,special-defense,35,0,False
172,speed,60,1,False
173,hp,50,0,False
173,attack,25,0,False
173,defense,28,0,False
173,special-attack,45,0,False
173,special-defense,55,1,False
173,speed,15,0,False
174,hp,90,1,False
174,attack,30,0,False
174,defense,15,0,False
174,special-attack,40,0,False
174,special-defense,20,0,False
174,speed,15,0,False
175,hp,35,0,False
175,attack,20,0,False
175,defense,65,0,False
175,special-attack,40,0,False
175,special-defense,65,1,False
175,speed,20,0,False
176,hp,55,0,False
176,attack,40,0,False
176,defense,85,0,False
176,special-attack,80,0,False
176,special-defense,105,2,False
176,speed,40,0,False
177,hp,40,0,False
177,attack,50,0,False
177,defense,45,0,False
177,special-attack,70,1,False
177,special-defense,45,0,False
177,speed,70,0,False
178,hp,65,0,False
178,attack,75,0,False
178,defense,70,0,False
178,special-attack,95,1,False
178,special-defense,70,0,False
178,speed,95,1,False
179,hp,55,0,False
179,attack,40,0,False
179,defense,40,0,False
179,special-attack,65,1,False
179,special-defense,45,0,False
179,speed,35,0,False
180,hp,70,0,False
180,attack,55,0,False
180,defense,55,0,False
180,special-attack,80,2,False
180,special-defense,60,0,False
180,speed,45,0,False
181,hp,90,0,False
181,attack,75,0,False
181,defense,85,0,False
181,special-attack,115,3,False
181,special-defense,90,0,False
181,speed,55,0,False
182,hp,75,0,False
182,attack,80,0,False
182,defense,95,0,False
182,special-attack,90,0,False
182,special-defense,100,3,False
182,speed,50,0,False
183,hp,70,2,False
183,attack,20,0,False
183,defense,50,0,False
183,special-attack,20,0,False
183,special-defense,50,0,False
183,speed,40,0,False
184,hp,100,3,False
184,attack,50,0,False
184,defense,80,0,False
184,special-attack,60,0,False
184,special-defense,80,0,False
184,speed,50,0,False
185,hp,70,0,False
185,attack,100,0,False
185,defense,115,2,False
185,special-attack,30,0,False
185,special-defense,65,0,False
185,speed,30,0,False
186,hp,90,0,False
186,attack,75,0,False
186,defense,75,0,False
186,special-attack,90,0,False
186,special-defense,100,3,False
186,speed,70,0,False
187,hp,35,0,False
187,attack,35,0,False
187,defense,40,0,False
187,special-attack,35,0,False
187,special-defense,55,1,False
187,speed,50,0,False
188,hp,55,0,False
188,attack,45,0,False
188,defense,50,0,False
188,special-attack,45,0,False
188,special-defense,65,0,False
188,speed,80,2,False
189,hp,75,0,False
189,attack,55,0,False
189,defense,70,0,False
189,special-attack,55,0,False
189,special-defense,95,0,False
189,speed,110,3,False
190,hp,55,0,False
190,attack,70,0,False
190,defense,55,0,False
190,special-attack,40,0,False
190,special-defense,55,0,False
190,speed,85,1,False
191,hp,30,0,False
191,attack,30,0,False
191,defense,30,0,False
191,special-attack,30,1,False
191,special-defense,30,0,False
191,speed,30,0,False
192,hp,75,0,False
192,attack,75,0,False
192,defense,55,0,False
192,special-attack,105,2,False
192,special-defense,85,0,False
192,speed,30,0,False
193,hp,65,0,False
193,attack,65,0,False
193,defense,45,0,False
193,special-attack,75,0,False
193,special-defense,45,0,False
193,speed,95,1,False
194,hp,55,1,False
194,attack,45,0,False
194,defense,45,0,False
194,special-attack,25,0,False
194,special-defense,25,0,False
194,speed,15,0,False
195,hp,95,2,False
195,attack,85,0,False
195,defense,85,0,False
195,special-attack,65,0,False
195,special-defense,65,0,False
195,speed,35,0,False
196,hp,65,0,False
196,attack,65,0,False
196,defense,60,0,False
196,special-attack,130,2,False
196,special-defense,95,0,False
196,speed,110,0,False
197,hp,95,0,False
197,attack,65,0,False
197,defense,110,0,False
197,special-attack,60,0,False
197,special-defense,130,2,False
197,speed,65,0,False
198,hp,60,0,False
198,attack,85,0,False
198,defense,42,0,False
198,special-attack,85,0,False
198,special-defense,42,0,False
198,speed,91,1,False
199,hp,95,0,False
199,attack,75,0,False
199,defense,80,0,False
199,special-attack,100,0,False
199,special-defense,110,2,False
199,speed,30,0,False
200,hp,60,0,False
200,attack,60,0,False
200,defense,60,0,False
200,special-attack,85,0,False
200,special-defense,85,1,False
200,speed,85,0,False
201,hp,48,0,False
201,attack,72,1,False
201,defense,48,0,False
201,special-attack,72,1,False
201,special-defense,48,0,False
201,speed,48,0,False
202,hp,190,2,False
202,attack,33,0,False
202,defense,58,0,False
202,special-attack,33,0,False
202,special-defense,58,0,False
202,speed,33,0,False
203,hp,70,0,False
203,attack,80,0,False
203,defense,65,0,False
203,special-attack,90,2,False
203,special-defense,65,0,False
203,speed,85,0,False
204,hp,50,0,False
204,attack,65,0,False
204,defense,90,1,False
204,special-attack,35,0,False
204,special-defense,35,0,False
204,speed,15,0,False
205,hp,75,0,False
205,attack,90,0,False
205,defense,140,2,False
205,special-attack,60,0,False
205,special-defense,60,0,False
205,speed,40,0,False
206,hp,100,1,False
206,attack,70,0,False
206,defense,70,0,False
206,special-attack,65,0,False
206,special-defense,65,0,False
206,speed,45,0,False
207,hp,65,0,False
207,attack,75,0,False
207,defense,105,1,False
207,special-attack,35,0,False
207,special-defense,65,0,False
207,speed,85,0,False
208,hp,75,0,False
208,attack,85,0,False
208,defense,200,2,False
208,special-attack,55,0,False
208,special-defense,65,0,False
208,speed,30,0,False
209,hp,60,0,False
209,attack,80,1,False
209,defense,50,0,False
209,special-attack,40,0,False
209,special-defense,40,0,False
209,speed,30,0,False
210,hp,90,0,False
210,attack,120,2,False
210,defense,75,0,False
210,special-attack,60,0,False
210,special-defense,60,0,False
210,speed,45,0,False
211,hp,65,0,False
211,attack,95,1,False
211,defense,85,0,False
211,special-attack,55,0,False
211,special-defense,55,0,False
211,speed,85,0,False
212,hp,70,0,False
212,attack,130,2,False
212,defense,100,0,False
212,special-attack,55,0,False
212,special-defense,80,0,False
212,speed,65,0,False
213,hp,20,0,False
213,attack,10,0,False
213,defense,230,1,False
213,special-attack,10,0,False
213,special-defense,230,1,False
213,speed,5,0,False
214,hp,80,0,False
214,attack,125,2,False
214,defense,75,0,False
214,special-attack,40,0,False
214,special-defense,95,0,False
214,speed,85,0,False
215,hp,55,0,False
215,attack,95,0,False
215,defense,55,0,False
215,special-attack,35,0,False
215,special-defense,75,0,False
215,speed,115,1,False
216,hp,60,0,False
216,attack,80,1,False
216,defense,50,0,False
216,special-attack,50,0,False
216,special-defense,50,0,False
216,speed,40,0,False
217,hp,90,0,False
217,attack,130,2,False
217,defense,75,0,False
217,special-attack,75,0,False
217,special-defense,75,0,False
217,speed,55,0,False
218,hp,40,0,False
218,attack,40,0,False
218,defense,40,0,False
218,special-attack,70,1,False
218,special-defense,40,0,False
218,speed,20,0,False
219,hp,60,0,False
219,attack,50,0,False
219,defense,120,2,False
219,special-attack,90,0,False
219,special-defense,80,0,False
219,speed,30,0,False
220,hp,50,0,False
220,attack,50,1,False
220,defense,40,0,False
220,special-attack,30,0,False
220,special-defense,30,0,False
220,speed,50,0,False
221,hp,100,1,False
221,attack,100,1,False
221,defense,80,0,False
221,special-attack,60,0,False
221,special-defense,60,0,False
221,speed,50,0,False
222,hp,65,0,False
222,attack,55,0,False
222,defense,95,1,False
222,special-attack,65,0,False
222,special-defense,95,1,False
222,speed,35,0,False
223,hp,35,0,False
223,attack,65,0,False
223,defense,35,0,False
223,special-attack,65,1,False
223,special-defense,35,0,False
223,speed,65,0,False
224,hp,75,0,False
224,attack,105,1,False
224,defense,75,0,False
224,special-attack,105,1,False
224,special-defense,75,0,False
224,speed,45,0,False
225,hp,45,0,False
225,attack,55,0,False
225,defense,45,0,False
225,special-attack,65,0,False
225,special-defense,45,0,False
225,speed,75,1,False
226,hp,85,0,False
226,attack,40,0,False
226,defense,70,0,False
226,special-attack,80,0,False
226,special-defense,140,2,False
226,speed,70,0,False
227,hp,65,0,False
227,attack,80,0,False
227,defense,140,2,False
227,special-attack,40,0,False
227,special-defense,70,0,False
227,speed,70,0,False
228,hp,45,0,False
228,attack,60,0,False
228,defense,30,0,False
228,special-attack,80,1,False
228,special-defense,50,0,False
228,speed,65,0,False
229,hp,75,0,False
229,attack,90,0,False
229,defense,50,0,False
229,special-attack,110,2,False
229,special-defense,80,0,False
229,speed,95,0,False
230,hp,75,0,False
230,attack,95,1,False
230,defense,95,0,False
230,special-attack,95,1,False
230,special-defense,95,1,False
230,speed,85,0,False
231,hp,90,1,False
231,attack,60,0,False
231,defense,60,0,False
231,special-attack,40,0,False
231,special-defense,40,0,False
231,speed,40,0,False
232,hp,90,0,False
232,attack,120,1,False
232,defense,120,1,False
232,special-attack,60,0,False
232,special-defense,60,0,False
232,speed,50,0,False
233,hp,85,0,False
233,attack,80,0,False
233,defense,90,0,False
233,special-attack,105,2,False
233,special-defense,95,0,False
233,speed,60,0,False
234,hp,73,0,False
234,attack,95,1,False
234,defense,62,0,False
234,special-attack,85,0,False
234,special-defense,65,0,False
234,speed,85,0,False
235,hp,55,0,False
235,attack,20,0,False
235,defense,35,0,False
235,special-attack,20,0,False
235,special-defense,45,0,False
235,speed,75,1,False
236,hp,35,0,False
236,attack,35,1,False
236,defense,35,0,False
236,special-attack,35,0,False
236,special-defense,35,0,False
236,speed,35,0,False
237,hp,50,0,False
237,attack,95,0,False
237,defense,95,0,False
237,special-attack,35,0,False
237,special-defense,110,2,False
237,speed,70,0,False
238,hp,45,0,False
238,attack,30,0,False
238,defense,15,0,False
238,special-attack,85,1,False
238,special-defense,65,0,False
238,speed,65,0,False
239,hp,45,0,False
239,attack,63,0,False
239,defense,37,0,False
239,special-attack,65,0,False
239,special-defense,55,0,False
239,speed,95,1,False
240,hp,45,0,False
240,attack,75,0,False
240,defense,37,0,False
240,special-attack,70,0,False
240,special-defense,55,0,False
240,speed,83,1,False
241,hp,95,0,False
241,attack,80,0,False
241,defense,105,2,False
241,special-attack,40,0,False
241,special-defense,70,0,False
241,speed,100,0,False
242,hp,255,3,False
242,attack,10,0,False
242,defense,10,0,False
242,special-attack,75,0,False
242,special-defense,135,0,False
242,speed,55,0,False
243,hp,90,0,False
243,attack,85,0,False
243,defense,75,0,False
243,special-attack,115,1,False
243,special-defense,100,0,False
243,speed,115,2,False
244,hp,115,1,False
244,attack,115,2,False
244,defense,85,0,False
244,special-attack,90,0,False
244,special-defense,75,0,False
244,speed,100,0,False
245,hp,100,0,False
245,attack,75,0,False
245,defense,115,1,False
245,special-attack,90,0,False
245,special-defense,115,2,False
245,speed,85,0,False
246,hp,50,0,False
246,attack,64,1,False
246,defense,50,0,False
246,special-attack,45,0,False
246,special-defense,50,0,False
246,speed,41,0,False
247,hp,70,0,False
247,attack,84,2,False
247,defense,70,0,False
247,special-attack,65,0,False
247,special-defense,70,0,False
247,speed,51,0,False
248,hp,100,0,False
248,attack,134,3,False
248,defense,110,0,False
248,special-attack,95,0,False
248,special-defense,100,0,False
248,speed,61,0,False
249,hp,106,0,False
249,attack,90,0,False
249,defense,130,0,False
249,special-attack,90,0,False
249,special-defense,154,3,False
249,speed,110,0,False
250,hp,106,0,False
250,attack,130,0,False
250,defense,90,0,False
250,special-attack,110,0,False
250,special-defense,154,3,False
250,speed,90,0,False
251,hp,100,3,False
251,attack,100,0,False
251,defense,100,0,False
251,special-attack,100,0,False
251,special-defense,100,0,False
251,speed,100,0,False
252,hp,40,0,False
252,attack,45,0,False
252,defense,35,0,False
252,special-attack,65,0,False
252,special-defense,55,0,False
252,speed,70,1,False
253,hp,50,0,False
253,attack,65,0,False
253,defense,45,0,False
253,special-attack,85,0,False
253,special-defense,65,0,False
253,speed,95,2,False
254,hp,70,0,False
254,attack,85,0,False
254,defense,65,0,False
254,special-attack,105,0,False
254,special-defense,85,0,False
254,speed,120,3,False
255,hp,45,0,False
255,attack,60,0,False
255,defense,40,0,False
255,special-attack,70,1,False
255,special-defense,50,0,False
255,speed,45,0,False
256,hp,60,0,False
256,attack,85,1,False
256,defense,60,0,False
256,special-attack,85,1,False
256,special-defense,60,0,False
256,speed,55,0,False
257,hp,80,0,False
257,attack,120,3,False
257,defense,70,0,False
257,special-attack,110,0,False
257,special-defense,70,0,False
257,speed,80,0,False
258,hp,50,0,False
258,attack,70,1,False
258,defense,50,0,False
258,special-attack,50,0,False
258,special-defense,50,0,False
258,speed,40,0,False
259,hp,70,0,False
259,attack,85,2,False
259,defense,70,0,False
259,special-attack,60,0,False
259,special-defense,70,0,False
259,speed,50,0,False
260,hp,100,0,False
260,attack,110,3,False
260,defense,90,0,False
260,special-attack,85,0,False
260,special-defense,90,0,False
260,speed,60,0,False
261,hp,35,0,False
261,attack,55,1,False
261,defense,35,0,False
261,special-attack,30,0,False
261,special-defense,30,0,False
261,speed,35,0,False
262,hp,70,0,False
262,attack,90,2,False
262,defense,70,0,False
262,special-attack,60,0,False
262,special-defense,60,0,False
262,speed,70,0,False
263,hp,38,0,False
263,attack,30,0,False
263,defense,41,0,False
263,special-attack,30,0,False
263,special-defense,41,0,False
263,speed,60,1,False
264,hp,78,0,False
264,attack,70,0,False
264,defense,61,0,False
264,special-attack,50,0,False
264,special-defense,61,0,False
264,speed,100,2,False
265,hp,45,1,False
265,attack,45,0,False
265,defense,35,0,False
265,special-attack,20,0,False
265,special-defense,30,0,False
265,speed,20,0,False
266,hp,50,0,False
266,attack,35,0,False
266,defense,55,2,False
266,special-attack,25,0,False
266,special-defense,25,0,False
266,speed,15,0,False
267,hp,60,0,False
267,attack,70,0,False
267,defense,50,0,False
267,special-attack,100,3,False
267,special-defense,50,0,False
267,speed,65,0,False
268,hp,50,0,False
268,attack,35,0,False
268,defense,55,2,False
268,special-attack,25,0,False
268,special-defense,25,0,False
268,speed,15,0,False
269,hp,60,0,False
269,attack,50,0,False
269,defense,70,0,False
269,special-attack,50,0,False
269,special-defense,90,3,False
269,speed,65,0,False
270,hp,40,0,False
270,attack,30,0,False
270,defense,30,0,False
270,special-attack,40,0,False
270,special-defense,50,1,False
270,speed,30,0,False
271,hp,60,0,False
271,attack,50,0,False
271,defense,50,0,False
271,special-attack,60,0,False
271,special-defense,70,2,False
271,speed,50,0,False
272,hp,80,0,False
272,attack,70,0,False
272,defense,70,0,False
272,special-attack,90,0,False
272,special-defense,100,3,False
272,speed,70,0,False
273,hp,40,0,False
273,attack,40,0,False
273,defense,50,1,False
273,special-attack,30,0,False
273,special-defense,30,0,False
273,speed,30,0,False
274,hp,70,0,False
274,attack,70,2,False
274,defense,40,0,False
274,special-attack,60,0,False
274,special-defense,40,0,False
274,speed,60,0,False
275,hp,90,0,False
275,attack,100,3,False
275,defense,60,0,False
275,special-attack,90,0,False
275,special-defense,60,0,False
275,speed,80,0,False
276,hp,40,0,False
276,attack,55,0,False
276,defense,30,0,False
276,special-attack,30,0,False
276,special-defense,30,0,False
276,speed,85,1,False
277,hp,60,0,False
277,attack,85,0,False
277,defense,60,0,False
277,special-attack,75,0,False
277,special-defense,50,0,False
277,speed,125,2,False
278,hp,40,0,False
278,attack,30,0,False
278,defense,30,0,False
278,special-attack,55,0,False
278,special-defense,30,0,False
278,speed,85,1,False
279,hp,60,0,False
279,attack,50,0,False
279,defense,100,2,False
279,special-attack,95,0,False
279,special-defense,70,0,False
279,speed,65,0,False
280,hp,28,0,False
280,attack,25,0,False
280,defense,25,0,False
280,special-attack,45,1,False
280,special-defense,35,0,False
280,speed,40,0,False
281,hp,38,0,False
281,attack,35,0,False
281,defense,35,0,False
281,special-attack,65,2,False
281,special-defense,55,0,False
281,speed,50,0,False
282,hp,68,0,False
282,attack,65,0,False
282,defense,65,0,False
282,special-attack,125,3,False
282,special-defense,115,0,False
282,speed,80,0,False
283,hp,40,0,False
283,attack,30,0,False
283,defense,32,0,False
283,special-attack,50,0,False
283,special-defense,52,0,False
283,speed,65,1,False
284,hp,70,0,False
284,attack,60,0,False
284,defense,62,0,False
284,special-attack,100,1,False
284,special-defense,82,1,False
284,speed,80,0,False
285,hp,60,1,False
285,attack,40,0,False
285,defense,60,0,False
285,special-attack,40,0,False
285,special-defense,60,0,False
285,speed,35,0,False
286,hp,60,0,False
286,attack,130,2,False
286,defense,80,0,False
286,special-attack,60,0,False
286,special-defense,60,0,False
286,speed,70,0,False
287,hp,60,1,False
287,attack,60,0,False
287,defense,60,0,False
287,special-attack,35,0,False
287,special-defense,35,0,False
287,speed,30,0,False
288,hp,80,0,False
288,attack,80,0,False
288,defense,80,0,False
288,special-attack,55,0,False
288,special-defense,55,0,False
288,speed,90,2,False
289,hp,150,3,False
289,attack,160,0,False
289,defense,100,0,False
289,special-attack,95,0,False
289,special-defense,65,0,False
289,speed,100,0,False
290,hp,31,0,False
290,attack,45,0,False
290,defense,90,1,False
290,special-attack,30,0,False
290,special-defense,30,0,False
290,speed,40,0,False
291,hp,61,0,False
291,attack,90,0,False
291,defense,45,0,False
291,special-attack,50,0,False
291,special-defense,50,0,False
291,speed,160,2,False
292,hp,1,2,False
292,attack,90,0,False
292,defense,45,0,False
292,special-attack,30,0,False
292,special-defense,30,0,False
292,speed,40,0,False
293,hp,64,1,False
293,attack,51,0,False
293,defense,23,0,False
293,special-attack,51,0,False
293,special-defense,23,0,False
293,speed,28,0,False
294,hp,84,2,False
294,attack,71,0,False
294,defense,43,0,False
294,special-attack,71,0,False
294,special-defense,43,0,False
294,speed,48,0,False
295,hp,104,3,False
295,attack,91,0,False
295,defense,63,0,False
295,special-attack,91,0,False
295,special-defense,73,0,False
295,speed,68,0,False
296,hp,72,1,False
296,attack,60,0,False
296,defense,30,0,False
296,special-attack,20,0,False
296,special-defense,30,0,False
296,speed,25,0,False
297,hp,144,2,False
297,attack,120,0,False
297,defense,60,0,False
297,special-attack,40,0,False
297,special-defense,60,0,False
297,speed,50,0,False
298,hp,50,1,False
298,attack,20,0,False
298,defense,40,0,False
298,special-attack,20,0,False
298,special-defense,40,0,False
298,speed,20,0,False
299,hp,30,0,False
299,attack,45,0,False
299,defense,135,1,False
299,special-attack,45,0,False
299,special-defense,90,0,False
299,speed,30,0,False
300,hp,50,0,False
300,attack,45,0,False
300,defense,45,0,False
300,special-attack,35,0,False
300,special-defense,35,0,False
300,speed,50,1,False
301,hp,70,1,False
301,attack,65,0,False
301,defense,65,0,False
301,special-attack,55,0,False
301,special-defense,55,0,False
301,speed,90,1,False
302,hp,50,0,False
302,attack,75,1,False
302,defense,75,1,False
302,special-attack,65,0,False
302,special-defense,65,0,False
302,speed,50,0,False
303,hp,50,0,False
303,attack,85,1,False
303,defense,85,1,False
303,special-attack,55,0,False
303,special-defense,55,0,False
303,speed,50,0,False
304,hp,50,0,False
304,attack,70,0,False
304,defense,100,1,False
304,special-attack,40,0,False
304,special-defense,40,0,False
304,speed,30,0,False
305,hp,60,0,False
305,attack,90,0,False
305,defense,140,2,False
305,special-attack,50,0,False
305,special-defense,50,0,False
305,speed,40,0,False
306,hp,70,0,False
306,attack,110,0,False
306,defense,180,3,False
306,special-attack,60,0,False
306,special-defense,60,0,False
306,speed,50,0,False
307,hp,30,0,False
307,attack,40,0,False
307,defense,55,0,False
307,special-attack,40,0,False
307,special-defense,55,0,False
307,speed,60,1,False
308,hp,60,0,False
308,attack,60,0,False
308,defense,75,0,False
308,special-attack,60,0,False
308,special-defense,75,0,False
308,speed,80,2,False
309,hp,40,0,False
309,attack,45,0,False
309,defense,40,0,False
309,special-attack,65,0,False
309,special-defense,40,0,False
309,speed,65,1,False
310,hp,70,0,False
310,attack,75,0,False
310,defense,60,0,False
310,special-attack,105,0,False
310,special-defense,60,0,False
310,speed,105,2,False
311,hp,60,0,False
311,attack,50,0,False
311,defense,40,0,False
311,special-attack,85,0,False
311,special-defense,75,0,False
311,speed,95,1,False
312,hp,60,0,False
312,attack,40,0,False
312,defense,50,0,False
312,special-attack,75,0,False
312,special-defense,85,0,False
312,speed,95,1,False
313,hp,65,0,False
313,attack,73,0,False
313,defense,75,0,False
313,special-attack,47,0,False
313,special-defense,85,0,False
313,speed,85,1,False
314,hp,65,0,False
314,attack,47,0,False
314,defense,75,0,False
314,special-attack,73,0,False
314,special-defense,85,0,False
314,speed,85,1,False
315,hp,50,0,False
315,attack,60,0,False
315,defense,45,0,False
315,special-attack,100,2,False
315,special-defense,80,0,False
315,speed,65,0,False
316,hp,70,1,False
316,attack,43,0,False
316,defense,53,0,False
316,special-attack,43,0,False
316,special-defense,53,0,False
316,speed,40,0,False
317,hp,100,2,False
317,attack,73,0,False
317,defense,83,0,False
317,special-attack,73,0,False
317,special-defense,83,0,False
317,speed,55,0,False
318,hp,45,0,False
318,attack,90,1,False
318,defense,20,0,False
318,special-attack,65,0,False
318,special-defense,20,0,False
318,speed,65,0,False
319,hp,70,0,False
319,attack,120,2,False
319,defense,40,0,False
319,special-attack,95,0,False
319,special-defense,40,0,False
319,speed,95,0,False
320,hp,130,1,False
320,attack,70,0,False
320,defense,35,0,False
320,special-attack,70,0,False
320,special-defense,35,0,False
320,speed,60,0,False
321,hp,170,2,False
321,attack,90,0,False
321,defense,45,0,False
321,special-attack,90,0,False
321,special-defense,45,0,False
321,speed,60,0,False
322,hp,60,0,False
322,attack,60,0,False
322,defense,40,0,False
322,special-attack,65,1,False
322,special-defense,45,0,False
322,speed,35,0,False
323,hp,70,0,False
323,attack,100,1,False
323,defense,70,0,False
323,special-attack,105,1,False
323,special-defense,75,0,False
323,speed,40,0,False
324,hp,70,0,False
324,attack,85,0,False
324,defense,140,2,False
324,special-attack,85,0,False
324,special-defense,70,0,False
324,speed,20,0,False
325,hp,60,0,False
325,attack,25,0,False
325,defense,35,0,False
325,special-attack,70,0,False
325,special-defense,80,1,False
325,speed,60,0,False
326,hp,80,0,False
326,attack,45,0,False
326,defense,65,0,False
326,special-attack,90,0,False
326,special-defense,110,2,False
326,speed,80,0,False
327,hp,60,0,False
327,attack,60,0,False
327,defense,60,0,False
327,special-attack,60,1,False
327,special-defense,60,0,False
327,speed,60,0,False
328,hp,45,0,False
328,attack,100,1,False
328,defense,45,0,False
328,special-attack,45,0,False
328,special-defense,45,0,False
328,speed,10,0,False
329,hp,50,0,False
329,attack,70,1,False
329,defense,50,0,False
329,special-attack,50,0,False
329,special-defense,50,0,False
329,speed,70,1,False
330,hp,80,0,False
330,attack,100,1,False
330,defense,80,0,False
330,special-attack,80,0,False
330,special-defense,80,0,False
330,speed,100,2,False
331,hp,50,0,False
331,attack,85,0,False
331,defense,40,0,False
331,special-attack,85,1,False
331,special-defense,40,0,False
331,speed,35,0,False
332,hp,70,0,False
332,attack,115,1,False
332,defense,60,0,False
332,special-attack,115,1,False
332,special-defense,60,0,False
332,speed,55,0,False
333,hp,45,0,False
333,attack,40,0,False
333,defense,60,0,False
333,special-attack,40,0,False
333,special-defense,75,1,False
333,speed,50,0,False
334,hp,75,0,False
334,attack,70,0,False
334,defense,90,0,False
334,special-attack,70,0,False
334,special-defense,105,2,False
334,speed,80,0,False
335,hp,73,0,False
335,attack,115,2,False
335,defense,60,0,False
335,special-attack,60,0,False
335,special-defense,60,0,False
335,speed,90,0,False
336,hp,73,0,False
336,attack,100,1,False
336,defense,60,0,False
336,special-attack,100,1,False
336,special-defense,60,0,False
336,speed,65,0,False
337,hp,90,0,False
337,attack,55,0,False
337,defense,65,0,False
337,special-attack,95,2,False
337,special-defense,85,0,False
337,speed,70,0,False
338,hp,90,0,False
338,attack,95,2,False
338,defense,85,0,False
338,special-attack,55,0,False
338,special-defense,65,0,False
338,speed,70,0,False
339,hp,50,1,False
339,attack,48,0,False
339,defense,43,0,False
339,special-attack,46,0,False
339,special-defense,41,0,False
339,speed,60,0,False
340,hp,110,2,False
340,attack,78,0,False
340,defense,73,0,False
340,special-attack,76,0,False
340,special-defense,71,0,False
340,speed,60,0,False
341,hp,43,0,False
341,attack,80,1,False
341,defense,65,0,False
341,special-attack,50,0,False
341,special-defense,35,0,False
341,speed,35,0,False
342,hp,63,0,False
342,attack,120,2,False
342,defense,85,0,False
342,special-attack,90,0,False
342,special-defense,55,0,False
342,speed,55,0,False
343,hp,40,0,False
343,attack,40,0,False
343,defense,55,0,False
343,special-attack,40,0,False
343,special-defense,70,1,False
343,speed,55,0,False
344,hp,60,0,False
344,attack,70,0,False
344,defense,105,0,False
344,special-attack,70,0,False
344,special-defense,120,2,False
344,speed,75,0,False
345,hp,66,0,False
345,attack,41,0,False
345,defense,77,0,False
345,special-attack,61,0,False
345,special-defense,87,1,False
345,speed,23,0,False
346,hp,86,0,False
346,attack,81,0,False
346,defense,97,0,False
346,special-attack,81,0,False
346,special-defense,107,2,False
346,speed,43,0,False
347,hp,45,0,False
347,attack,95,1,False
347,defense,50,0,False
347,special-attack,40,0,False
347,special-defense,50,0,False
347,speed,75,0,False
348,hp,75,0,False
348,attack,125,2,False
348,defense,100,0,False
348,special-attack,70,0,False
348,special-defense,80,0,False
348,speed,45,0,False
349,hp,20,0,False
349,attack,15,0,False
349,defense,20,0,False
349,special-attack,10,0,False
349,special-defense,55,0,False
349,speed,80,1,False
350,hp,95,0,False
350,attack,60,0,False
350,defense,79,0,False
350,special-attack,100,0,False
350,special-defense,125,2,False
350,speed,81,0,False
351,hp,70,1,False
351,attack,70,0,False
351,defense,70,0,False
351,special-attack,70,0,False
351,special-defense,70,0,False
351,speed,70,0,False
352,hp,60,0,False
352,attack,90,0,False
352,defense,70,0,False
352,special-attack,60,0,False
352,special-defense,120,1,False
352,speed,40,0,False
353,hp,44,0,False
353,attack,75,1,False
353,defense,35,0,False
353,special-attack,63,0,False
353,special-defense,33,0,False
353,speed,45,0,False
354,hp,64,0,False
354,attack,115,2,False
354,defense,65,0,False
354,special-attack,83,0,False
354,special-defense,63,0,False
354,speed,65,0,False
355,hp,20,0,False
355,attack,40,0,False
355,defense,90,0,False
355,special-attack,30,0,False
355,special-defense,90,1,False
355,speed,25,0,False
356,hp,40,0,False
356,attack,70,0,False
356,defense,130,1,False
356,special-attack,60,0,False
356,special-defense,130,1,False
356,speed,25,0,False
357,hp,99,2,False
357,attack,68,0,False
357,defense,83,0,False
357,special-attack,72,0,False
357,special-defense,87,0,False
357,speed,51,0,False
358,hp,75,0,False
358,attack,50,0,False
358,defense,80,0,False
358,special-attack,95,1,False
358,special-defense,90,1,False
358,speed,65,0,False
359,hp,65,0,False
359,attack,130,2,False
359,defense,60,0,False
359,special-attack,75,0,False
359,special-defense,60,0,False
359,speed,75,0,False
360,hp,95,1,False
360,attack,23,0,False
360,defense,48,0,False
360,special-attack,23,0,False
360,special-defense,48,0,False
360,speed,23,0,False
361,hp,50,1,False
361,attack,50,0,False
361,defense,50,0,False
361,special-attack,50,0,False
361,special-defense,50,0,False
361,speed,50,0,False
362,hp,80,2,False
362,attack,80,0,False
362,defense,80,0,False
362,special-attack,80,0,False
362,special-defense,80,0,False
362,speed,80,0,False
363,hp,70,1,False
363,attack,40,0,False
363,defense,50,0,False
363,special-attack,55,0,False
363,special-defense,50,0,False
363,speed,25,0,False
364,hp,90,2,False
364,attack,60,0,False
364,defense,70,0,False
364,special-attack,75,0,False
364,special-defense,70,0,False
364,speed,45,0,False
365,hp,110,3,False
365,attack,80,0,False
365,defense,90,0,False
365,special-attack,95,0,False
365,special-defense,90,0,False
365,speed,65,0,False
366,hp,35,0,False
366,attack,64,0,False
366,defense,85,1,False
366,special-attack,74,0,False
366,special-defense,55,0,False
366,speed,32,0,False
367,hp,55,0,False
367,attack,104,1,False
367,defense,105,1,False
367,special-attack,94,0,False
367,special-defense,75,0,False
367,speed,52,0,False
368,hp,55,0,False
368,attack,84,0,False
368,defense,105,0,False
368,special-attack,114,2,False
368,special-defense,75,0,False
368,speed,52,0,False
369,hp,100,1,False
369,attack,90,0,False
369,defense,130,1,False
369,special-attack,45,0,False
369,special-defense,65,0,False
369,speed,55,0,False
370,hp,43,0,False
370,attack,30,0,False
370,defense,55,0,False
370,special-attack,40,0,False
370,special-defense,65,0,False
370,speed,97,1,False
371,hp,45,0,False
371,attack,75,1,False
371,defense,60,0,False
371,special-attack,40,0,False
371,special-defense,30,0,False
371,speed,50,0,False
372,hp,65,0,False
372,attack,95,0,False
372,defense,100,2,False
372,special-attack,60,0,False
372,special-defense,50,0,False
372,speed,50,0,False
373,hp,95,0,False
373,attack,135,3,False
373,defense,80,0,False
373,special-attack,110,0,False
373,special-defense,80,0,False
373,speed,100,0,False
374,hp,40,0,False
374,attack,55,0,False
374,defense,80,1,False
374,special-attack,35,0,False
374,special-defense,60,0,False
374,speed,30,0,False
375,hp,60,0,False
375,attack,75,0,False
375,defense,100,2,False
375,special-attack,55,0,False
375,special-defense,80,0,False
375,speed,50,0,False
376,hp,80,0,False
376,attack,135,0,False
376,defense,130,3,False
376,special-attack,95,0,False
376,special-defense,90,0,False
376,speed,70,0,False
377,hp,80,0,False
377,attack,100,0,False
377,defense,200,3,False
377,special-attack,50,0,False
377,special-defense,100,0,False
377,speed,50,0,False
378,hp,80,0,False
378,attack,50,0,False
378,defense,100,0,False
378,special-attack,100,0,False
378,special-defense,200,3,False
378,speed,50,0,False
379,hp,80,0,False
379,attack,75,0,False
379,defense,150,2,False
379,special-attack,75,0,False
379,special-defense,150,1,False
379,speed,50,0,False
380,hp,80,0,False
380,attack,80,0,False
380,defense,90,0,False
380,special-attack,110,0,False
380,special-defense,130,3,False
380,speed,110,0,False
381,hp,80,0,False
381,attack,90,0,False
381,defense,80,0,False
381,special-attack,130,3,False
381,special-defense,110,0,False
381,speed,110,0,False
382,hp,100,0,False
382,attack,100,0,False
382,defense,90,0,False
382,special-attack,150,3,False
382,special-defense,140,0,False
382,speed,90,0,False
383,hp,100,0,False
383,attack,150,3,False
383,defense,140,0,False
383,special-attack,100,0,False
383,special-defense,90,0,False
383,speed,90,0,False
384,hp,105,0,False
384,attack,150,2,False
384,defense,90,0,False
384,special-attack,150,1,False
384,special-defense,90,0,False
384,speed,95,0,False
385,hp,100,3,False
385,attack,100,0,False
385,defense,100,0,False
385,special-attack,100,0,False
385,special-defense,100,0,False
385,speed,100,0,False
386,hp,50,0,False
386,attack,150,1,False
386,defense,50,0,False
386,special-attack,150,1,False
386,special-defense,50,0,False
386,speed,150,1,False
387,hp,55,0,False
387,attack,68,1,False
387,defense,64,0,False
387,special-attack,45,0,False
387,special-defense,55,0,False
387,speed,31,0,False
388,hp,75,0,False
388,attack,89,1,False
388,defense,85,1,False
388,special-attack,55,0,False
388,special-defense,65,0,False
388,speed,36,0,False
389,hp,95,0,False
389,attack,109,2,False
389,defense,105,1,False
389,special-attack,75,0,False
389,special-defense,85,0,False
389,speed,56,0,False
390,hp,44,0,False
390,attack,58,0,False
390,defense,44,0,False
390,special-attack,58,0,False
390,special-defense,44,0,False
390,speed,61,1,False
391,hp,64,0,False
391,attack,78,0,False
391,defense,52,0,False
391,special-attack,78,1,False
391,special-defense,52,0,False
391,speed,81,1,False
392,hp,76,0,False
392,attack,104,1,False
392,defense,71,0,False
392,special-attack,104,1,False
392,special-defense,71,0,False
392,speed,108,1,False
393,hp,53,0,False
393,attack,51,0,False
393,defense,53,0,False
393,special-attack,61,1,False
393,special-defense,56,0,False
393,speed,40,0,False
394,hp,64,0,False
394,attack,66,0,False
394,defense,68,0,False
394,special-attack,81,2,False
394,special-defense,76,0,False
394,speed,50,0,False
395,hp,84,0,False
395,attack,86,0,False
395,defense,88,0,False
395,special-attack,111,3,False
395,special-defense,101,0,False
395,speed,60,0,False
396,hp,40,0,False
396,attack,55,0,False
396,defense,30,0,False
396,special-attack,30,0,False
396,special-defense,30,0,False
396,speed,60,1,False
397,hp,55,0,False
397,attack,75,0,False
397,defense,50,0,False
397,special-attack,40,0,False
397,special-defense,40,0,False
397,speed,80,2,False
398,hp,85,0,False
398,attack,120,3,False
398,defense,70,0,False
398,special-attack,50,0,False
398,special-defense,60,0,False
398,speed,100,0,False
399,hp,59,1,False
399,attack,45,0,False
399,defense,40,0,False
399,special-attack,35,0,False
399,special-defense,40,0,False
399,speed,31,0,False
400,hp,79,0,False
400,attack,85,2,False
400,defense,60,0,False
400,special-attack,55,0,False
400,special-defense,60,0,False
400,speed,71,0,False
401,hp,37,0,False
401,attack,25,0,False
401,defense,41,1,False
401,special-attack,25,0,False
401,special-defense,41,0,False
401,speed,25,0,False
402,hp,77,0,False
402,attack,85,2,False
402,defense,51,0,False
402,special-attack,55,0,False
402,special-defense,51,0,False
402,speed,65,0,False
403,hp,45,0,False
403,attack,65,1,False
403,defense,34,0,False
403,special-attack,40,0,False
403,special-defense,34,0,False
403,speed,45,0,False
404,hp,60,0,False
404,attack,85,2,False
404,defense,49,0,False
404,special-attack,60,0,False
404,special-defense,49,0,False
404,speed,60,0,False
405,hp,80,0,False
405,attack,120,3,False
405,defense,79,0,False
405,special-attack,95,0,False
405,special-defense,79,0,False
405,speed,70,0,False
406,hp,40,0,False
406,attack,30,0,False
406,defense,35,0,False
406,special-attack,50,1,False
406,special-defense,70,0,False
406,speed,55,0,False
407,hp,60,0,False
407,attack,70,0,False
407,defense,65,0,False
407,special-attack,125,3,False
407,special-defense,105,0,False
407,speed,90,0,False
408,hp,67,0,False
408,attack,125,1,False
408,defense,40,0,False
408,special-attack,30,0,False
408,special-defense,30,0,False
408,speed,58,0,False
409,hp,97,0,False
409,attack,165,2,False
409,defense,60,0,False
409,special-attack,65,0,False
409,special-defense,50,0,False
409,speed,58,0,False
410,hp,30,0,False
410,attack,42,0,False
410,defense,118,1,False
410,special-attack,42,0,False
410,special-defense,88,0,False
410,speed,30,0,False
411,hp,60,0,False
411,attack,52,0,False
411,defense,168,2,False
411,special-attack,47,0,False
411,special-defense,138,0,False
411,speed,30,0,False
412,hp,40,0,False
412,attack,29,0,False
412,defense,45,0,False
412,special-attack,29,0,False
412,special-defense,45,1,False
412,speed,36,0,False
413,hp,60,0,False
413,attack,59,0,False
413,defense,85,0,False
413,special-attack,79,0,False
413,special-defense,105,2,False
413,speed,36,0,False
414,hp,70,0,False
414,attack,94,1,False
414,defense,50,0,False
414,special-attack,94,1,False
414,special-defense,50,0,False
414,speed,66,0,False
415,hp,30,0,False
415,attack,30,0,False
415,defense,42,0,False
415,special-attack,30,0,False
415,special-defense,42,0,False
415,speed,70,1,False
416,hp,70,0,False
416,attack,80,0,False
416,defense,102,1,False
416,special-attack,80,0,False
416,special-defense,102,1,False
416,speed,40,0,False
417,hp,60,0,False
417,attack,45,0,False
417,defense,70,0,False
417,special-attack,45,0,False
417,special-defense,90,0,False
417,speed,95,1,False
418,hp,55,0,False
418,attack,65,0,False
418,defense,35,0,False
418,special-attack,60,0,False
418,special-defense,30,0,False
418,speed,85,1,False
419,hp,85,0,False
419,attack,105,0,False
419,defense,55,0,False
419,special-attack,85,0,False
419,special-defense,50,0,False
419,speed,115,2,False
420,hp,45,0,False
420,attack,35,0,False
420,defense,45,0,False
420,special-attack,62,1,False
420,special-defense,53,0,False
420,speed,35,0,False
421,hp,70,0,False
421,attack,60,0,False
421,defense,70,0,False
421,special-attack,87,2,False
421,special-defense,78,0,False
421,speed,85,0,False
422,hp,76,1,False
422,attack,48,0,False
422,defense,48,0,False
422,special-attack,57,0,False
422,special-defense,62,0,False
422,speed,34,0,False
423,hp,111,2,False
423,attack,83,0,False
423,defense,68,0,False
423,special-attack,92,0,False
423,special-defense,82,0,False
423,speed,39,0,False
424,hp,75,0,False
424,attack,100,0,False
424,defense,66,0,False
424,special-attack,60,0,False
424,special-defense,66,0,False
424,speed,115,2,False
425,hp,90,1,False
425,attack,50,0,False
425,defense,34,0,False
425,special-attack,60,0,False
425,special-defense,44,0,False
425,speed,70,0,False
426,hp,150,2,False
426,attack,80,0,False
426,defense,44,0,False
426,special-attack,90,0,False
426,special-defense,54,0,False
426,speed,80,0,False
427,hp,55,0,False
427,attack,66,0,False
427,defense,44,0,False
427,special-attack,44,0,False
427,special-defense,56,0,False
427,speed,85,1,False
428,hp,65,0,False
428,attack,76,0,False
428,defense,84,0,False
428,special-attack,54,0,False
428,special-defense,96,0,False
428,speed,105,2,False
429,hp,60,0,False
429,attack,60,0,False
429,defense,60,0,False
429,special-attack,105,1,False
429,special-defense,105,1,False
429,speed,105,0,False
430,hp,100,0,False
430,attack,125,2,False
430,defense,52,0,False
430,special-attack,105,0,False
430,special-defense,52,0,False
430,speed,71,0,False
431,hp,49,0,False
431,attack,55,0,False
431,defense,42,0,False
431,special-attack,42,0,False
431,special-defense,37,0,False
431,speed,85,1,False
432,hp,71,0,False
432,attack,82,0,False
432,defense,64,0,False
432,special-attack,64,0,False
432,special-defense,59,0,False
432,speed,112,2,False
433,hp,45,0,False
433,attack,30,0,False
433,defense,50,0,False
433,special-attack,65,1,False
433,special-defense,50,0,False
433,speed,45,0,False
434,hp,63,0,False
434,attack,63,0,False
434,defense,47,0,False
434,special-attack,41,0,False
434,special-defense,41,0,False
434,speed,74,1,False
435,hp,103,2,False
435,attack,93,0,False
435,defense,67,0,False
435,special-attack,71,0,False
435,special-defense,61,0,False
435,speed,84,0,False
436,hp,57,0,False
436,attack,24,0,False
436,defense,86,1,False
436,special-attack,24,0,False
436,special-defense,86,0,False
436,speed,23,0,False
437,hp,67,0,False
437,attack,89,0,False
437,defense,116,1,False
437,special-attack,79,0,False
437,special-defense,116,1,False
437,speed,33,0,False
438,hp,50,0,False
438,attack,80,0,False
438,defense,95,1,False
438,special-attack,10,0,False
438,special-defense,45,0,False
438,speed,10,0,False
439,hp,20,0,False
439,attack,25,0,False
439,defense,45,0,False
439,special-attack,70,0,False
439,special-defense,90,1,False
439,speed,60,0,False
440,hp,100,1,False
440,attack,5,0,False
440,defense,5,0,False
440,special-attack,15,0,False
440,special-defense,65,0,False
440,speed,30,0,False
441,hp,76,0,False
441,attack,65,1,False
441,defense,45,0,False
441,special-attack,92,0,False
441,special-defense,42,0,False
441,speed,91,0,False
442,hp,50,0,False
442,attack,92,0,False
442,defense,108,1,False
442,special-attack,92,0,False
442,special-defense,108,1,False
442,speed,35,0,False
443,hp,58,0,False
443,attack,70,1,False
443,defense,45,0,False
443,special-attack,40,0,False
443,special-defense,45,0,False
443,speed,42,0,False
444,hp,68,0,False
444,attack,90,2,False
444,defense,65,0,False
444,special-attack,50,0,False
444,special-defense,55,0,False
444,speed,82,0,False
445,hp,108,0,False
445,attack,130,3,False
445,defense,95,0,False
445,special-attack,80,0,False
445,special-defense,85,0,False
445,speed,102,0,False
446,hp,135,1,False
446,attack,85,0,False
446,defense,40,0,False
446,special-attack,40,0,False
446,special-defense,85,0,False
446,speed,5,0,False
447,hp,40,0,False
447,attack,70,1,False
447,defense,40,0,False
447,special-attack,35,0,False
447,special-defense,40,0,False
447,speed,60,0,False
448,hp,70,0,False
448,attack,110,1,False
448,defense,70,0,False
448,special-attack,115,1,False
448,special-defense,70,0,False
448,speed,90,0,False
449,hp,68,0,False
449,attack,72,0,False
449,defense,78,1,False
449,special-attack,38,0,False
449,special-defense,42,0,False
449,speed,32,0,False
450,hp,108,0,False
450,attack,112,0,False
450,defense,118,2,False
450,special-attack,68,0,False
450,special-defense,72,0,False
450,speed,47,0,False
451,hp,40,0,False
451,attack,50,0,False
451,defense,90,1,False
451,special-attack,30,0,False
451,special-defense,55,0,False
451,speed,65,0,False
452,hp,70,0,False
452,attack,90,0,False
452,defense,110,2,False
452,special-attack,60,0,False
452,special-defense,75,0,False
452,speed,95,0,False
453,hp,48,0,False
453,attack,61,1,False
453,defense,40,0,False
453,special-attack,61,0,False
453,special-defense,40,0,False
453,speed,50,0,False
454,hp,83,0,False
454,attack,106,2,False
454,defense,65,0,False
454,special-attack,86,0,False
454,special-defense,65,0,False
454,speed,85,0,False
455,hp,74,0,False
455,attack,100,2,False
455,defense,72,0,False
455,special-attack,90,0,False
455,special-defense,72,0,False
455,speed,46,0,False
456,hp,49,0,False
456,attack,49,0,False
456,defense,56,0,False
456,special-attack,49,0,False
456,special-defense,61,0,False
456,speed,66,1,False
457,hp,69,0,False
457,attack,69,0,False
457,defense,76,0,False
457,special-attack,69,0,False
457,special-defense,86,0,False
457,speed,91,2,False
458,hp,45,0,False
458,attack,20,0,False
458,defense,50,0,False
458,special-attack,60,0,False
458,special-defense,120,1,False
458,speed,50,0,False
459,hp,60,0,False
459,attack,62,1,False
459,defense,50,0,False
459,special-attack,62,0,False
459,special-defense,60,0,False
459,speed,40,0,False
460,hp,90,0,False
460,attack,92,1,False
460,defense,75,0,False
460,special-attack,92,1,False
460,special-defense,85,0,False
460,speed,60,0,False
461,hp,70,0,False
461,attack,120,1,False
461,defense,65,0,False
461,special-attack,45,0,False
461,special-defense,85,0,False
461,speed,125,1,False
462,hp,70,0,False
462,attack,70,0,False
462,defense,115,0,False
462,special-attack,130,3,False
462,special-defense,90,0,False
462,speed,60,0,False
463,hp,110,3,False
463,attack,85,0,False
463,defense,95,0,False
463,special-attack,80,0,False
463,special-defense,95,0,False
463,speed,50,0,False
464,hp,115,0,False
464,attack,140,3,False
464,defense,130,0,False
464,special-attack,55,0,False
464,special-defense,55,0,False
464,speed,40,0,False
465,hp,100,0,False
465,attack,100,0,False
465,defense,125,2,False
465,special-attack,110,0,False
465,special-defense,50,0,False
465,speed,50,0,False
466,hp,75,0,False
466,attack,123,3,False
466,defense,67,0,False
466,special-attack,95,0,False
466,special-defense,85,0,False
466,speed,95,0,False
467,hp,75,0,False
467,attack,95,0,False
467,defense,67,0,False
467,special-attack,125,3,False
467,special-defense,95,0,False
467,speed,83,0,False
468,hp,85,0,False
468,attack,50,0,False
468,defense,95,0,False
468,special-attack,120,2,False
468,special-defense,115,1,False
468,speed,80,0,False
469,hp,86,0,False
469,attack,76,2,False
469,defense,86,0,False
469,special-attack,116,0,False
469,special-defense,56,0,False
469,speed,95,0,False
470,hp,65,0,False
470,attack,110,0,False
470,defense,130,2,False
470,special-attack,60,0,False
470,special-defense,65,0,False
470,speed,95,0,False
471,hp,65,0,False
471,attack,60,0,False
471,defense,110,0,False
471,special-attack,130,2,False
471,special-defense,95,0,False
471,speed,65,0,False
472,hp,75,0,False
472,attack,95,0,False
472,defense,125,2,False
472,special-attack,45,0,False
472,special-defense,75,0,False
472,speed,95,0,False
473,hp,110,0,False
473,attack,130,3,False
473,defense,80,0,False
473,special-attack,70,0,False
473,special-defense,60,0,False
473,speed,80,0,False
474,hp,85,0,False
474,attack,80,0,False
474,defense,70,0,False
474,special-attack,135,3,False
474,special-defense,75,0,False
474,speed,90,0,False
475,hp,68,0,False
475,attack,125,3,False
475,defense,65,0,False
475,special-attack,65,0,False
475,special-defense,115,0,False
475,speed,80,0,False
476,hp,60,0,False
476,attack,55,0,False
476,defense,145,1,False
476,special-attack,75,0,False
476,special-defense,150,2,False
476,speed,40,0,False
477,hp,45,0,False
477,attack,100,0,False
477,defense,135,1,False
477,special-attack,65,0,False
477,special-defense,135,2,False
477,speed,45,0,False
478,hp,70,0,False
478,attack,80,0,False
478,defense,70,0,False
478,special-attack,80,0,False
478,special-defense,70,0,False
478,speed,110,2,False
479,hp,50,0,False
479,attack,50,0,False
479,defense,77,0,False
479,special-attack,95,1,False
479,special-defense,77,0,False
479,speed,91,1,False
480,hp,75,0,False
480,attack,75,0,False
480,defense,130,2,False
480,special-attack,75,0,False
480,special-defense,130,1,False
480,speed,95,0,False
481,hp,80,0,False
481,attack,105,1,False
481,defense,105,0,False
481,special-attack,105,1,False
481,special-defense,105,1,False
481,speed,80,0,False
482,hp,75,0,False
482,attack,125,2,False
482,defense,70,0,False
482,special-attack,125,1,False
482,special-defense,70,0,False
482,speed,115,0,False
483,hp,100,0,False
483,attack,120,0,False
483,defense,120,0,False
483,special-attack,150,3,False
483,special-defense,100,0,False
483,speed,90,0,False
484,hp,90,0,False
484,attack,120,0,False
484,defense,100,0,False
484,special-attack,150,3,False
484,special-defense,120,0,False
484,speed,100,0,False
485,hp,91,0,False
485,attack,90,0,False
485,defense,106,0,False
485,special-attack,130,3,False
485,special-defense,106,0,False
485,speed,77,0,False
486,hp,110,0,False
486,attack,160,3,False
486,defense,110,0,False
486,special-attack,80,0,False
486,special-defense,110,0,False
486,speed,100,0,False
487,hp,150,3,False
487,attack,100,0,False
487,defense,120,0,False
487,special-attack,100,0,False
487,special-defense,120,0,False
487,speed,90,0,False
488,hp,120,0,False
488,attack,70,0,False
488,defense,110,0,False
488,special-attack,75,0,False
488,special-defense,120,3,False
488,speed,85,0,False
489,hp,80,1,False
489,attack,80,0,False
489,defense,80,0,False
489,special-attack,80,0,False
489,special-defense,80,0,False
489,speed,80,0,False
490,hp,100,3,False
490,attack,100,0,False
490,defense,100,0,False
490,special-attack,100,0,False
490,special-defense,100,0,False
490,speed,100,0,False
491,hp,70,0,False
491,attack,90,0,False
491,defense,90,0,False
491,special-attack,135,2,False
491,special-defense,90,0,False
491,speed,125,1,False
492,hp,100,3,False
492,attack,100,0,False
492,defense,100,0,False
492,special-attack,100,0,False
492,special-defense,100,0,False
492,speed,100,0,False
493,hp,120,3,False
493,attack,120,0,False
493,defense,120,0,False
493,special-attack,120,0,False
493,special-defense,120,0,False
493,speed,120,0,False
494,hp,100,3,False
494,attack,100,0,False
494,defense,100,0,False
494,special-attack,100,0,False
494,special-defense,100,0,False
494,speed,100,0,False
495,hp,45,0,False
495,attack,45,0,False
495,defense,55,0,False
495,special-attack,45,0,False
495,special-defense,55,0,False
495,speed,63,1,False
496,hp,60,0,False
496,attack,60,0,False
496,defense,75,0,False
496,special-attack,60,0,False
496,special-defense,75,0,False
496,speed,83,2,False
497,hp,75,0,False
497,attack,75,0,False
497,defense,95,0,False
497,special-attack,75,0,False
497,special-defense,95,0,False
497,speed,113,3,False
498,hp,65,1,False
498,attack,63,0,False
498,defense,45,0,False
498,special-attack,45,0,False
498,special-defense,45,0,False
498,speed,45,0,False
499,hp,90,0,False
499,attack,93,2,False
499,defense,55,0,False
499,special-attack,70,0,False
499,special-defense,55,0,False
499,speed,55,0,False
500,hp,110,0,False
500,attack,123,3,False
500,defense,65,0,False
500,special-attack,100,0,False
500,special-defense,65,0,False
500,speed,65,0,False
501,hp,55,0,False
501,attack,55,0,False
501,defense,45,0,False
501,special-attack,63,1,False
501,special-defense,45,0,False
501,speed,45,0,False
502,hp,75,0,False
502,attack,75,0,False
502,defense,60,0,False
502,special-attack,83,2,False
502,special-defense,60,0,False
502,speed,60,0,False
503,hp,95,0,False
503,attack,100,0,False
503,defense,85,0,False
503,special-attack,108,3,False
503,special-defense,70,0,False
503,speed,70,0,False
504,hp,45,0,False
504,attack,55,1,False
504,defense,39,0,False
504,special-attack,35,0,False
504,special-defense,39,0,False
504,speed,42,0,False
505,hp,60,0,False
505,attack,85,2,False
505,defense,69,0,False
505,special-attack,60,0,False
505,special-defense,69,0,False
505,speed,77,0,False
506,hp,45,0,False
506,attack,60,1,False
506,defense,45,0,False
506,special-attack,25,0,False
506,special-defense,45,0,False
506,speed,55,0,False
507,hp,65,0,False
507,attack,80,2,False
507,defense,65,0,False
507,special-attack,35,0,False
507,special-defense,65,0,False
507,speed,60,0,False
508,hp,85,0,False
508,attack,110,3,False
508,defense,90,0,False
508,special-attack,45,0,False
508,special-defense,90,0,False
508,speed,80,0,False
509,hp,41,0,False
509,attack,50,0,False
509,defense,37,0,False
509,special-attack,50,0,False
509,special-defense,37,0,False
509,speed,66,1,False
510,hp,64,0,False
510,attack,88,0,False
510,defense,50,0,False
510,special-attack,88,0,False
510,special-defense,50,0,False
510,speed,106,2,False
511,hp,50,0,False
511,attack,53,0,False
511,defense,48,0,False
511,special-attack,53,0,False
511,special-defense,48,0,False
511,speed,64,1,False
512,hp,75,0,False
512,attack,98,0,False
512,defense,63,0,False
512,special-attack,98,0,False
512,special-defense,63,0,False
512,speed,101,2,False
513,hp,50,0,False
513,attack,53,0,False
513,defense,48,0,False
513,special-attack,53,0,False
513,special-defense,48,0,False
513,speed,64,1,False
514,hp,75,0,False
514,attack,98,0,False
514,defense,63,0,False
514,special-attack,98,0,False
514,special-defense,63,0,False
514,speed,101,2,False
515,hp,50,0,False
515,attack,53,0,False
515,defense,48,0,False
515,special-attack,53,0,False
515,special-defense,48,0,False
515,speed,64,1,False
516,hp,75,0,False
516,attack,98,0,False
516,defense,63,0,False
516,special-attack,98,0,False
516,special-defense,63,0,False
516,speed,101,2,False
517,hp,76,1,False
517,attack,25,0,False
517,defense,45,0,False
517,special-attack,67,0,False
517,special-defense,55,0,False
517,speed,24,0,False
518,hp,116,2,False
518,attack,55,0,False
518,defense,85,0,False
518,special-attack,107,0,False
518,special-defense,95,0,False
518,speed,29,0,False
519,hp,50,0,False
519,attack,55,1,False
519,defense,50,0,False
519,special-attack,36,0,False
519,special-defense,30,0,False
519,speed,43,0,False
520,hp,62,0,False
520,attack,77,2,False
520,defense,62,0,False
520,special-attack,50,0,False
520,special-defense,42,0,False
520,speed,65,0,False
521,hp,80,0,False
521,attack,115,3,False
521,defense,80,0,False
521,special-attack,65,0,False
521,special-defense,55,0,False
521,speed,93,0,False
522,hp,45,0,False
522,attack,60,0,False
522,defense,32,0,False
522,special-attack,50,0,False
522,special-defense,32,0,False
522,speed,76,1,False
523,hp,75,0,False
523,attack,100,0,False
523,defense,63,0,False
523,special-attack,80,0,False
523,special-defense,63,0,False
523,speed,116,2,False
524,hp,55,0,False
524,attack,75,0,False
524,defense,85,1,False
524,special-attack,25,0,False
524,special-defense,25,0,False
524,speed,15,0,False
525,hp,70,0,False
525,attack,105,1,False
525,defense,105,1,False
525,special-attack,50,0,False
525,special-defense,40,0,False
525,speed,20,0,False
526,hp,85,0,False
526,attack,135,3,False
526,defense,130,0,False
526,special-attack,60,0,False
526,special-defense,80,0,False
526,speed,25,0,False
527,hp,65,0,False
527,attack,45,0,False
527,defense,43,0,False
527,special-attack,55,0,False
527,special-defense,43,0,False
527,speed,72,1,False
528,hp,67,0,False
528,attack,57,0,False
528,defense,55,0,False
528,special-attack,77,0,False
528,special-defense,55,0,False
528,speed,114,2,False
529,hp,60,0,False
529,attack,85,1,False
529,defense,40,0,False
529,special-attack,30,0,False
529,special-defense,45,0,False
529,speed,68,0,False
530,hp,110,0,False
530,attack,135,2,False
530,defense,60,0,False
530,special-attack,50,0,False
530,special-defense,65,0,False
530,speed,88,0,False
531,hp,103,2,False
531,attack,60,0,False
531,defense,86,0,False
531,special-attack,60,0,False
531,special-defense,86,0,False
531,speed,50,0,False
532,hp,75,0,False
532,attack,80,1,False
532,defense,55,0,False
532,special-attack,25,0,False
532,special-defense,35,0,False
532,speed,35,0,False
533,hp,85,0,False
533,attack,105,2,False
533,defense,85,0,False
533,special-attack,40,0,False
533,special-defense,50,0,False
533,speed,40,0,False
534,hp,105,0,False
534,attack,140,3,False
534,defense,95,0,False
534,special-attack,55,0,False
534,special-defense,65,0,False
534,speed,45,0,False
535,hp,50,0,False
535,attack,50,0,False
535,defense,40,0,False
535,special-attack,50,0,False
535,special-defense,40,0,False
535,speed,64,1,False
536,hp,75,2,False
536,attack,65,0,False
536,defense,55,0,False
536,special-attack,65,0,False
536,special-defense,55,0,False
536,speed,69,0,False
537,hp,105,3,False
537,attack,95,0,False
537,defense,75,0,False
537,special-attack,85,0,False
537,special-defense,75,0,False
537,speed,74,0,False
538,hp,120,2,False
538,attack,100,0,False
538,defense,85,0,False
538,special-attack,30,0,False
538,special-defense,85,0,False
538,speed,45,0,False
539,hp,75,0,False
539,attack,125,2,False
539,defense,75,0,False
539,special-attack,30,0,False
539,special-defense,75,0,False
539,speed,85,0,False
540,hp,45,0,False
540,attack,53,0,False
540,defense,70,1,False
540,special-attack,40,0,False
540,special-defense,60,0,False
540,speed,42,0,False
541,hp,55,0,False
541,attack,63,0,False
541,defense,90,2,False
541,special-attack,50,0,False
541,special-defense,80,0,False
541,speed,42,0,False
542,hp,75,0,False
542,attack,103,3,False
542,defense,80,0,False
542,special-attack,70,0,False
542,special-defense,80,0,False
542,speed,92,0,False
543,hp,30,0,False
543,attack,45,0,False
543,defense,59,1,False
543,special-attack,30,0,False
543,special-defense,39,0,False
543,speed,57,0,False
544,hp,40,0,False
544,attack,55,0,False
544,defense,99,2,False
544,special-attack,40,0,False
544,special-defense,79,0,False
544,speed,47,0,False
545,hp,60,0,False
545,attack,100,0,False
545,defense,89,0,False
545,special-attack,55,0,False
545,special-defense,69,0,False
545,speed,112,3,False
546,hp,40,0,False
546,attack,27,0,False
546,defense,60,0,False
546,special-attack,37,0,False
546,special-defense,50,0,False
546,speed,66,1,False
547,hp,60,0,False
547,attack,67,0,False
547,defense,85,0,False
547,special-attack,77,0,False
547,special-defense,75,0,False
547,speed,116,2,False
548,hp,45,0,False
548,attack,35,0,False
548,defense,50,0,False
548,special-attack,70,1,False
548,special-defense,50,0,False
548,speed,30,0,False
549,hp,70,0,False
549,attack,60,0,False
549,defense,75,0,False
549,special-attack,110,2,False
549,special-defense,75,0,False
549,speed,90,0,False
550,hp,70,0,False
550,attack,92,0,False
550,defense,65,0,False
550,special-attack,80,0,False
550,special-defense,55,0,False
550,speed,98,2,False
551,hp,50,0,False
551,attack,72,1,False
551,defense,35,0,False
551,special-attack,35,0,False
551,special-defense,35,0,False
551,speed,65,0,False
552,hp,60,0,False
552,attack,82,2,False
552,defense,45,0,False
552,special-attack,45,0,False
552,special-defense,45,0,False
552,speed,74,0,False
553,hp,95,0,False
553,attack,117,3,False
553,defense,80,0,False
553,special-attack,65,0,False
553,special-defense,70,0,False
553,speed,92,0,False
554,hp,70,0,False
554,attack,90,1,False
554,defense,45,0,False
554,special-attack,15,0,False
554,special-defense,45,0,False
554,speed,50,0,False
555,hp,105,0,False
555,attack,140,2,False
555,defense,55,0,False
555,special-attack,30,0,False
555,special-defense,55,0,False
555,speed,95,0,False
556,hp,75,0,False
556,attack,86,0,False
556,defense,67,0,False
556,special-attack,106,2,False
556,special-defense,67,0,False
556,speed,60,0,False
557,hp,50,0,False
557,attack,65,0,False
557,defense,85,1,False
557,special-attack,35,0,False
557,special-defense,35,0,False
557,speed,55,0,False
558,hp,70,0,False
558,attack,105,0,False
558,defense,125,2,False
558,special-attack,65,0,False
558,special-defense,75,0,False
558,speed,45,0,False
559,hp,50,0,False
559,attack,75,1,False
559,defense,70,0,False
559,special-attack,35,0,False
559,special-defense,70,0,False
559,speed,48,0,False
560,hp,65,0,False
560,attack,90,0,False
560,defense,115,1,False
560,special-attack,45,0,False
560,special-defense,115,1,False
560,speed,58,0,False
561,hp,72,0,False
561,attack,58,0,False
561,defense,80,0,False
561,special-attack,103,2,False
561,special-defense,80,0,False
561,speed,97,0,False
562,hp,38,0,False
562,attack,30,0,False
562,defense,85,1,False
562,special-attack,55,0,False
562,special-defense,65,0,False
562,speed,30,0,False
563,hp,58,0,False
563,attack,50,0,False
563,defense,145,2,False
563,special-attack,95,0,False
563,special-defense,105,0,False
563,speed,30,0,False
564,hp,54,0,False
564,attack,78,0,False
564,defense,103,1,False
564,special-attack,53,0,False
564,special-defense,45,0,False
564,speed,22,0,False
565,hp,74,0,False
565,attack,108,0,False
565,defense,133,2,False
565,special-attack,83,0,False
565,special-defense,65,0,False
565,speed,32,0,False
566,hp,55,0,False
566,attack,112,1,False
566,defense,45,0,False
566,special-attack,74,0,False
566,special-defense,45,0,False
566,speed,70,0,False
567,hp,75,0,False
567,attack,140,2,False
567,defense,65,0,False
567,special-attack,112,0,False
567,special-defense,65,0,False
567,speed,110,0,False
568,hp,50,0,False
568,attack,50,0,False
568,defense,62,0,False
568,special-attack,40,0,False
568,special-defense,62,0,False
568,speed,65,1,False
569,hp,80,0,False
569,attack,95,2,False
569,defense,82,0,False
569,special-attack,60,0,False
569,special-defense,82,0,False
569,speed,75,0,False
570,hp,40,0,False
570,attack,65,0,False
570,defense,40,0,False
570,special-attack,80,1,False
570,special-defense,40,0,False
570,speed,65,0,False
571,hp,60,0,False
571,attack,105,0,False
571,defense,60,0,False
571,special-attack,120,2,False
571,special-defense,60,0,False
571,speed,105,0,False
572,hp,55,0,False
572,attack,50,0,False
572,defense,40,0,False
572,special-attack,40,0,False
572,special-defense,40,0,False
572,speed,75,1,False
573,hp,75,0,False
573,attack,95,0,False
573,defense,60,0,False
573,special-attack,65,0,False
573,special-defense,60,0,False
573,speed,115,2,False
574,hp,45,0,False
574,attack,30,0,False
574,defense,50,0,False
574,special-attack,55,0,False
574,special-defense,65,1,False
574,speed,45,0,False
575,hp,60,0,False
575,attack,45,0,False
575,defense,70,0,False
575,special-attack,75,0,False
575,special-defense,85,2,False
575,speed,55,0,False
576,hp,70,0,False
576,attack,55,0,False
576,defense,95,0,False
576,special-attack,95,0,False
576,special-defense,110,3,False
576,speed,65,0,False
577,hp,45,0,False
577,attack,30,0,False
577,defense,40,0,False
577,special-attack,105,1,False
577,special-defense,50,0,False
577,speed,20,0,False
578,hp,65,0,False
578,attack,40,0,False
578,defense,50,0,False
578,special-attack,125,2,False
578,special-defense,60,0,False
578,speed,30,0,False
579,hp,110,0,False
579,attack,65,0,False
579,defense,75,0,False
579,special-attack,125,3,False
579,special-defense,85,0,False
579,speed,30,0,False
580,hp,62,1,False
580,attack,44,0,False
580,defense,50,0,False
580,special-attack,44,0,False
580,special-defense,50,0,False
580,speed,55,0,False
581,hp,75,0,False
581,attack,87,0,False
581,defense,63,0,False
581,special-attack,87,0,False
581,special-defense,63,0,False
581,speed,98,2,False
582,hp,36,0,False
582,attack,50,0,False
582,defense,50,0,False
582,special-attack,65,1,False
582,special-defense,60,0,False
582,speed,44,0,False
583,hp,51,0,False
583,attack,65,0,False
583,defense,65,0,False
583,special-attack,80,2,False
583,special-defense,75,0,False
583,speed,59,0,False
584,hp,71,0,False
584,attack,95,0,False
584,defense,85,0,False
584,special-attack,110,3,False
584,special-defense,95,0,False
584,speed,79,0,False
585,hp,60,0,False
585,attack,60,0,False
585,defense,50,0,False
585,special-attack,40,0,False
585,special-defense,50,0,False
585,speed,75,1,False
586,hp,80,0,False
586,attack,100,2,False
586,defense,70,0,False
586,special-attack,60,0,False
586,special-defense,70,0,False
586,speed,95,0,False
587,hp,55,0,False
587,attack,75,0,False
587,defense,60,0,False
587,special-attack,75,0,False
587,special-defense,60,0,False
587,speed,103,2,False
588,hp,50,0,False
588,attack,75,1,False
588,defense,45,0,False
588,special-attack,40,0,False
588,special-defense,45,0,False
588,speed,60,0,False
589,hp,70,0,False
589,attack,135,2,False
589,defense,105,0,False
589,special-attack,60,0,False
589,special-defense,105,0,False
589,speed,20,0,False
590,hp,69,1,False
590,attack,55,0,False
590,defense,45,0,False
590,special-attack,55,0,False
590,special-defense,55,0,False
590,speed,15,0,False
591,hp,114,2,False
591,attack,85,0,False
591,defense,70,0,False
591,special-attack,85,0,False
591,special-defense,80,0,False
591,speed,30,0,False
592,hp,55,0,False
592,attack,40,0,False
592,defense,50,0,False
592,special-attack,65,0,False
592,special-defense,85,1,False
592,speed,40,0,False
593,hp,100,0,False
593,attack,60,0,False
593,defense,70,0,False
593,special-attack,85,0,False
593,special-defense,105,2,False
593,speed,60,0,False
594,hp,165,2,False
594,attack,75,0,False
594,defense,80,0,False
594,special-attack,40,0,False
594,special-defense,45,0,False
594,speed,65,0,False
595,hp,50,0,False
595,attack,47,0,False
595,defense,50,0,False
595,special-attack,57,0,False
595,special-defense,50,0,False
595,speed,65,1,False
596,hp,70,0,False
596,attack,77,0,False
596,defense,60,0,False
596,special-attack,97,0,False
596,special-defense,60,0,False
596,speed,108,2,False
597,hp,44,0,False
597,attack,50,0,False
597,defense,91,1,False
597,special-attack,24,0,False
597,special-defense,86,0,False
597,speed,10,0,False
598,hp,74,0,False
598,attack,94,0,False
598,defense,131,2,False
598,special-attack,54,0,False
598,special-defense,116,0,False
598,speed,20,0,False
599,hp,40,0,False
599,attack,55,0,False
599,defense,70,1,False
599,special-attack,45,0,False
599,special-defense,60,0,False
599,speed,30,0,False
600,hp,60,0,False
600,attack,80,0,False
600,defense,95,2,False
600,special-attack,70,0,False
600,special-defense,85,0,False
600,speed,50,0,False
601,hp,60,0,False
601,attack,100,0,False
601,defense,115,3,False
601,special-attack,70,0,False
601,special-defense,85,0,False
601,speed,90,0,False
602,hp,35,0,False
602,attack,55,0,False
602,defense,40,0,False
602,special-attack,45,0,False
602,special-defense,40,0,False
602,speed,60,1,False
603,hp,65,0,False
603,attack,85,2,False
603,defense,70,0,False
603,special-attack,75,0,False
603,special-defense,70,0,False
603,speed,40,0,False
604,hp,85,0,False
604,attack,115,3,False
604,defense,80,0,False
604,special-attack,105,0,False
604,special-defense,80,0,False
604,speed,50,0,False
605,hp,55,0,False
605,attack,55,0,False
605,defense,55,0,False
605,special-attack,85,1,False
605,special-defense,55,0,False
605,speed,30,0,False
606,hp,75,0,False
606,attack,75,0,False
606,defense,75,0,False
606,special-attack,125,2,False
606,special-defense,95,0,False
606,speed,40,0,False
607,hp,50,0,False
607,attack,30,0,False
607,defense,55,0,False
607,special-attack,65,1,False
607,special-defense,55,0,False
607,speed,20,0,False
608,hp,60,0,False
608,attack,40,0,False
608,defense,60,0,False
608,special-attack,95,2,False
608,special-defense,60,0,False
608,speed,55,0,False
609,hp,60,0,False
609,attack,55,0,False
609,defense,90,0,False
609,special-attack,145,3,False
609,special-defense,90,0,False
609,speed,80,0,False
610,hp,46,0,False
610,attack,87,1,False
610,defense,60,0,False
610,special-attack,30,0,False
610,special-defense,40,0,False
610,speed,57,0,False
611,hp,66,0,False
611,attack,117,2,False
611,defense,70,0,False
611,special-attack,40,0,False
611,special-defense,50,0,False
611,speed,67,0,False
612,hp,76,0,False
612,attack,147,3,False
612,defense,90,0,False
612,special-attack,60,0,False
612,special-defense,70,0,False
612,speed,97,0,False
613,hp,55,0,False
613,attack,70,1,False
613,defense,40,0,False
613,special-attack,60,0,False
613,special-defense,40,0,False
613,speed,40,0,False
614,hp,95,0,False
614,attack,130,2,False
614,defense,80,0,False
614,special-attack,70,0,False
614,special-defense,80,0,False
614,speed,50,0,False
615,hp,80,0,False
615,attack,50,0,False
615,defense,50,0,False
615,special-attack,95,0,False
615,special-defense,135,2,False
615,speed,105,0,False
616,hp,50,0,False
616,attack,40,0,False
616,defense,85,1,False
616,special-attack,40,0,False
616,special-defense,65,0,False
616,speed,25,0,False
617,hp,80,0,False
617,attack,70,0,False
617,defense,40,0,False
617,special-attack,100,0,False
617,special-defense,60,0,False
617,speed,145,2,False
618,hp,109,2,False
618,attack,66,0,False
618,defense,84,0,False
618,special-attack,81,0,False
618,special-defense,99,0,False
618,speed,32,0,False
619,hp,45,0,False
619,attack,85,1,False
619,defense,50,0,False
619,special-attack,55,0,False
619,special-defense,50,0,False
619,speed,65,0,False
620,hp,65,0,False
620,attack,125,2,False
620,defense,60,0,False
620,special-attack,95,0,False
620,special-defense,60,0,False
620,speed,105,0,False
621,hp,77,0,False
621,attack,120,2,False
621,defense,90,0,False
621,special-attack,60,0,False
621,special-defense,90,0,False
621,speed,48,0,False
622,hp,59,0,False
622,attack,74,1,False
622,defense,50,0,False
622,special-attack,35,0,False
622,special-defense,50,0,False
622,speed,35,0,False
623,hp,89,0,False
623,attack,124,2,False
623,defense,80,0,False
623,special-attack,55,0,False
623,special-defense,80,0,False
623,speed,55,0,False
624,hp,45,0,False
624,attack,85,1,False
624,defense,70,0,False
624,special-attack,40,0,False
624,special-defense,40,0,False
624,speed,60,0,False
625,hp,65,0,False
625,attack,125,2,False
625,defense,100,0,False
625,special-attack,60,0,False
625,special-defense,70,0,False
625,speed,70,0,False
626,hp,95,0,False
626,attack,110,2,False
626,defense,95,0,False
626,special-attack,40,0,False
626,special-defense,95,0,False
626,speed,55,0,False
627,hp,70,0,False
627,attack,83,1,False
627,defense,50,0,False
627,special-attack,37,0,False
627,special-defense,50,0,False
627,speed,60,0,False
628,hp,100,0,False
628,attack,123,2,False
628,defense,75,0,False
628,special-attack,57,0,False
628,special-defense,75,0,False
628,speed,80,0,False
629,hp,70,0,False
629,attack,55,0,False
629,defense,75,1,False
629,special-attack,45,0,False
629,special-defense,65,0,False
629,speed,60,0,False
630,hp,110,0,False
630,attack,65,0,False
630,defense,105,0,False
630,special-attack,55,2,False
630,special-defense,95,0,False
630,speed,80,0,False
631,hp,85,0,False
631,attack,97,0,False
631,defense,66,0,False
631,special-attack,105,2,False
631,special-defense,66,0,False
631,speed,65,0,False
632,hp,58,0,False
632,attack,109,0,False
632,defense,112,2,False
632,special-attack,48,0,False
632,special-defense,48,0,False
632,speed,109,0,False
633,hp,52,0,False
633,attack,65,1,False
633,defense,50,0,False
633,special-attack,45,0,False
633,special-defense,50,0,False
633,speed,38,0,False
634,hp,72,0,False
634,attack,85,2,False
634,defense,70,0,False
634,special-attack,65,0,False
634,special-defense,70,0,False
634,speed,58,0,False
635,hp,92,0,False
635,attack,105,0,False
635,defense,90,0,False
635,special-attack,125,3,False
635,special-defense,90,0,False
635,speed,98,0,False
636,hp,55,0,False
636,attack,85,1,False
636,defense,55,0,False
636,special-attack,50,0,False
636,special-defense,55,0,False
636,speed,60,0,False
637,hp,85,0,False
637,attack,60,0,False
637,defense,65,0,False
637,special-attack,135,3,False
637,special-defense,105,0,False
637,speed,100,0,False
638,hp,91,0,False
638,attack,90,0,False
638,defense,129,3,False
638,special-attack,90,0,False
638,special-defense,72,0,False
638,speed,108,0,False
639,hp,91,0,False
639,attack,129,3,False
639,defense,90,0,False
639,special-attack,72,0,False
639,special-defense,90,0,False
639,speed,108,0,False
640,hp,91,0,False
640,attack,90,0,False
640,defense,72,0,False
640,special-attack,90,0,False
640,special-defense,129,3,False
640,speed,108,0,False
641,hp,79,0,False
641,attack,115,3,False
641,defense,70,0,False
641,special-attack,125,0,False
641,special-defense,80,0,False
641,speed,111,0,False
642,hp,79,0,False
642,attack,115,3,False
642,defense,70,0,False
642,special-attack,125,0,False
642,special-defense,80,0,False
642,speed,111,0,False
643,hp,100,0,False
643,attack,120,0,False
643,defense,100,0,False
643,special-attack,150,3,False
643,special-defense,120,0,False
643,speed,90,0,False
644,hp,100,0,False
644,attack,150,3,False
644,defense,120,0,False
644,special-attack,120,0,False
644,special-defense,100,0,False
644,speed,90,0,False
645,hp,89,0,False
645,attack,125,0,False
645,defense,90,0,False
645,special-attack,115,3,False
645,special-defense,80,0,False
645,speed,101,0,False
646,hp,125,1,False
646,attack,130,1,False
646,defense,90,0,False
646,special-attack,130,1,False
646,special-defense,90,0,False
646,speed,95,0,False
647,hp,91,0,False
647,attack,72,0,False
647,defense,90,0,False
647,special-attack,129,3,False
647,special-defense,90,0,False
647,speed,108,0,False
648,hp,100,0,False
648,attack,77,0,False
648,defense,77,0,False
648,special-attack,128,1,False
648,special-defense,128,1,False
648,speed,90,1,False
649,hp,71,0,False
649,attack,120,1,False
649,defense,95,0,False
649,special-attack,120,1,False
649,special-defense,95,0,False
649,speed,99,1,False
650,hp,56,0,False
650,attack,61,0,False
650,defense,65,1,False
650,special-attack,48,0,False
650,special-defense,45,0,False
650,speed,38,0,False
651,hp,61,0,False
651,attack,78,0,False
651,defense,95,2,False
651,special-attack,56,0,False
651,special-defense,58,0,False
651,speed,57,0,False
652,hp,88,0,False
652,attack,107,0,False
652,defense,122,3,False
652,special-attack,74,0,False
652,special-defense,75,0,False
652,speed,64,0,False
653,hp,40,0,False
653,attack,45,0,False
653,defense,40,0,False
653,special-attack,62,1,False
653,special-defense,60,0,False
653,speed,60,0,False
654,hp,59,0,False
654,attack,59,0,False
654,defense,58,0,False
654,special-attack,90,2,False
654,special-defense,70,0,False
654,speed,73,0,False
655,hp,75,0,False
655,attack,69,0,False
655,defense,72,0,False
655,special-attack,114,3,False
655,special-defense,100,0,False
655,speed,104,0,False
656,hp,41,0,False
656,attack,56,0,False
656,defense,40,0,False
656,special-attack,62,0,False
656,special-defense,44,0,False
656,speed,71,1,False
657,hp,54,0,False
657,attack,63,0,False
657,defense,52,0,False
657,special-attack,83,0,False
657,special-defense,56,0,False
657,speed,97,2,False
658,hp,72,0,False
658,attack,95,0,False
658,defense,67,0,False
658,special-attack,103,0,False
658,special-defense,71,0,False
658,speed,122,3,False
659,hp,38,0,False
659,attack,36,0,False
659,defense,38,0,False
659,special-attack,32,0,False
659,special-defense,36,0,False
659,speed,57,1,False
660,hp,85,2,False
660,attack,56,0,False
660,defense,77,0,False
660,special-attack,50,0,False
660,special-defense,77,0,False
660,speed,78,0,False
661,hp,45,0,False
661,attack,50,0,False
661,defense,43,0,False
661,special-attack,40,0,False
661,special-defense,38,0,False
661,speed,62,1,False
662,hp,62,0,False
662,attack,73,0,False
662,defense,55,0,False
662,special-attack,56,0,False
662,special-defense,52,0,False
662,speed,84,2,False
663,hp,78,0,False
663,attack,81,0,False
663,defense,71,0,False
663,special-attack,74,0,False
663,special-defense,69,0,False
663,speed,126,3,False
664,hp,38,0,False
664,attack,35,0,False
664,defense,40,1,False
664,special-attack,27,0,False
664,special-defense,25,0,False
664,speed,35,0,False
665,hp,45,0,False
665,attack,22,0,False
665,defense,60,2,False
665,special-attack,27,0,False
665,special-defense,30,0,False
665,speed,29,0,False
666,hp,80,1,False
666,attack,52,0,False
666,defense,50,0,False
666,special-attack,90,1,False
666,special-defense,50,0,False
666,speed,89,1,False
667,hp,62,0,False
667,attack,50,0,False
667,defense,58,0,False
667,special-attack,73,1,False
667,special-defense,54,0,False
667,speed,72,0,False
668,hp,86,0,False
668,attack,68,0,False
668,defense,72,0,False
668,special-attack,109,2,False
668,special-defense,66,0,False
668,speed,106,0,False
669,hp,44,0,False
669,attack,38,0,False
669,defense,39,0,False
669,special-attack,61,0,False
669,special-defense,79,1,False
669,speed,42,0,False
670,hp,54,0,False
670,attack,45,0,False
670,defense,47,0,False
670,special-attack,75,0,False
670,special-defense,98,2,False
670,speed,52,0,False
671,hp,78,0,False
671,attack,65,0,False
671,defense,68,0,False
671,special-attack,112,0,False
671,special-defense,154,3,False
671,speed,75,0,False
672,hp,66,1,False
672,attack,65,0,False
672,defense,48,0,False
672,special-attack,62,0,False
672,special-defense,57,0,False
672,speed,52,0,False
673,hp,123,2,False
673,attack,100,0,False
673,defense,62,0,False
673,special-attack,97,0,False
673,special-defense,81,0,False
673,speed,68,0,False
674,hp,67,0,False
674,attack,82,1,False
674,defense,62,0,False
674,special-attack,46,0,False
674,special-defense,48,0,False
674,speed,43,0,False
675,hp,95,0,False
675,attack,124,2,False
675,defense,78,0,False
675,special-attack,69,0,False
675,special-defense,71,0,False
675,speed,58,0,False
676,hp,75,0,False
676,attack,80,0,False
676,defense,60,0,False
676,special-attack,65,0,False
676,special-defense,90,0,False
676,speed,102,1,False
677,hp,62,0,False
677,attack,48,0,False
677,defense,54,0,False
677,special-attack,63,0,False
677,special-defense,60,0,False
677,speed,68,1,False
678,hp,74,0,False
678,attack,48,0,False
678,defense,76,0,False
678,special-attack,83,0,False
678,special-defense,81,0,False
678,speed,104,2,False
679,hp,45,0,False
679,attack,80,0,False
679,defense,100,1,False
679,special-attack,35,0,False
679,special-defense,37,0,False
679,speed,28,0,False
680,hp,59,0,False
680,attack,110,0,False
680,defense,150,2,False
680,special-attack,45,0,False
680,special-defense,49,0,False
680,speed,35,0,False
681,hp,60,0,False
681,attack,50,0,False
681,defense,140,2,False
681,special-attack,50,0,False
681,special-defense,140,1,False
681,speed,60,0,False
682,hp,78,1,False
682,attack,52,0,False
682,defense,60,0,False
682,special-attack,63,0,False
682,special-defense,65,0,False
682,speed,23,0,False
683,hp,101,2,False
683,attack,72,0,False
683,defense,72,0,False
683,special-attack,99,0,False
683,special-defense,89,0,False
683,speed,29,0,False
684,hp,62,0,False
684,attack,48,0,False
684,defense,66,1,False
684,special-attack,59,0,False
684,special-defense,57,0,False
684,speed,49,0,False
685,hp,82,0,False
685,attack,80,0,False
685,defense,86,2,False
685,special-attack,85,0,False
685,special-defense,75,0,False
685,speed,72,0,False
686,hp,53,0,False
686,attack,54,1,False
686,defense,53,0,False
686,special-attack,37,0,False
686,special-defense,46,0,False
686,speed,45,0,False
687,hp,86,0,False
687,attack,92,2,False
687,defense,88,0,False
687,special-attack,68,0,False
687,special-defense,75,0,False
687,speed,73,0,False
688,hp,42,0,False
688,attack,52,1,False
688,defense,67,0,False
688,special-attack,39,0,False
688,special-defense,56,0,False
688,speed,50,0,False
689,hp,72,0,False
689,attack,105,2,False
689,defense,115,0,False
689,special-attack,54,0,False
689,special-defense,86,0,False
689,speed,68,0,False
690,hp,50,0,False
690,attack,60,0,False
690,defense,60,0,False
690,special-attack,60,0,False
690,special-defense,60,1,False
690,speed,30,0,False
691,hp,65,0,False
691,attack,75,0,False
691,defense,90,0,False
691,special-attack,97,0,False
691,special-defense,123,2,False
691,speed,44,0,False
692,hp,50,0,False
692,attack,53,0,False
692,defense,62,0,False
692,special-attack,58,1,False
692,special-defense,63,0,False
692,speed,44,0,False
693,hp,71,0,False
693,attack,73,0,False
693,defense,88,0,False
693,special-attack,120,2,False
693,special-defense,89,0,False
693,speed,59,0,False
694,hp,44,0,False
694,attack,38,0,False
694,defense,33,0,False
694,special-attack,61,0,False
694,special-defense,43,0,False
694,speed,70,1,False
695,hp,62,0,False
695,attack,55,0,False
695,defense,52,0,False
695,special-attack,109,1,False
695,special-defense,94,0,False
695,speed,109,1,False
696,hp,58,0,False
696,attack,89,1,False
696,defense,77,0,False
696,special-attack,45,0,False
696,special-defense,45,0,False
696,speed,48,0,False
697,hp,82,0,False
697,attack,121,2,False
697,defense,119,0,False
697,special-attack,69,0,False
697,special-defense,59,0,False
697,speed,71,0,False
698,hp,77,1,False
698,attack,59,0,False
698,defense,50,0,False
698,special-attack,67,0,False
698,special-defense,63,0,False
698,speed,46,0,False
699,hp,123,2,False
699,attack,77,0,False
699,defense,72,0,False
699,special-attack,99,0,False
699,special-defense,92,0,False
699,speed,58,0,False
700,hp,95,0,False
700,attack,65,0,False
700,defense,65,0,False
700,special-attack,110,0,False
700,special-defense,130,2,False
700,speed,60,0,False
701,hp,78,0,False
701,attack,92,2,False
701,defense,75,0,False
701,special-attack,74,0,False
701,special-defense,63,0,False
701,speed,118,0,False
702,hp,67,0,False
702,attack,58,0,False
702,defense,57,0,False
702,special-attack,81,0,False
702,special-defense,67,0,False
702,speed,101,2,False
703,hp,50,0,False
703,attack,50,0,False
703,defense,150,1,False
703,special-attack,50,0,False
703,special-defense,150,1,False
703,speed,50,0,False
704,hp,45,0,False
704,attack,50,0,False
704,defense,35,0,False
704,special-attack,55,0,False
704,special-defense,75,1,False
704,speed,40,0,False
705,hp,68,0,False
705,attack,75,0,False
705,defense,53,0,False
705,special-attack,83,0,False
705,special-defense,113,2,False
705,speed,60,0,False
706,hp,90,0,False
706,attack,100,0,False
706,defense,70,0,False
706,special-attack,110,0,False
706,special-defense,150,3,False
706,speed,80,0,False
707,hp,57,0,False
707,attack,80,0,False
707,defense,91,1,False
707,special-attack,80,0,False
707,special-defense,87,0,False
707,speed,75,0,False
708,hp,43,0,False
708,attack,70,1,False
708,defense,48,0,False
708,special-attack,50,0,False
708,special-defense,60,0,False
708,speed,38,0,False
709,hp,85,0,False
709,attack,110,2,False
709,defense,76,0,False
709,special-attack,65,0,False
709,special-defense,82,0,False
709,speed,56,0,False
710,hp,49,0,False
710,attack,66,0,False
710,defense,70,1,False
710,special-attack,44,0,False
710,special-defense,55,0,False
710,speed,51,0,False
711,hp,65,0,False
711,attack,90,0,False
711,defense,122,2,False
711,special-attack,58,0,False
711,special-defense,75,0,False
711,speed,84,0,False
712,hp,55,0,False
712,attack,69,0,False
712,defense,85,1,False
712,special-attack,32,0,False
712,special-defense,35,0,False
712,speed,28,0,False
713,hp,95,0,False
713,attack,117,0,False
713,defense,184,2,False
713,special-attack,44,0,False
713,special-defense,46,0,False
713,speed,28,0,False
714,hp,40,0,False
714,attack,30,0,False
714,defense,35,0,False
714,special-attack,45,0,False
714,special-defense,40,0,False
714,speed,55,1,False
715,hp,85,0,False
715,attack,70,0,False
715,defense,80,0,False
715,special-attack,97,0,False
715,special-defense,80,0,False
715,speed,123,2,False
716,hp,126,3,False
716,attack,131,0,False
716,defense,95,0,False
716,special-attack,131,0,False
716,special-defense,98,0,False
716,speed,99,0,False
717,hp,126,3,False
717,attack,131,0,False
717,defense,95,0,False
717,special-attack,131,0,False
717,special-defense,98,0,False
717,speed,99,0,False
718,hp,108,3,False
718,attack,100,0,False
718,defense,121,0,False
718,special-attack,81,0,False
718,special-defense,95,0,False
718,speed,95,0,False
719,hp,50,0,False
719,attack,100,0,False
719,defense,150,1,False
719,special-attack,100,0,False
719,special-defense,150,2,False
719,speed,50,0,False
720,hp,80,0,False
720,attack,110,0,False
720,defense,60,0,False
720,special-attack,150,3,False
720,special-defense,130,0,False
720,speed,70,0,False
721,hp,80,0,False
721,attack,110,0,False
721,defense,120,0,False
721,special-attack,130,3,False
721,special-defense,90,0,False
721,speed,70,0,False
722,hp,68,1,False
722,attack,55,0,False
722,defense,55,0,False
722,special-attack,50,0,False
722,special-defense,50,0,False
722,speed,42,0,False
723,hp,78,2,False
723,attack,75,0,False
723,defense,75,0,False
723,special-attack,70,0,False
723,special-defense,70,0,False
723,speed,52,0,False
724,hp,78,0,False
724,attack,107,3,False
724,defense,75,0,False
724,special-attack,100,0,False
724,special-defense,100,0,False
724,speed,70,0,False
725,hp,45,0,False
725,attack,65,0,False
725,defense,40,0,False
725,special-attack,60,0,False
725,special-defense,40,0,False
725,speed,70,1,False
726,hp,65,0,False
726,attack,85,0,False
726,defense,50,0,False
726,special-attack,80,0,False
726,special-defense,50,0,False
726,speed,90,2,False
727,hp,95,0,False
727,attack,115,3,False
727,defense,90,0,False
727,special-attack,80,0,False
727,special-defense,90,0,False
727,speed,60,0,False
728,hp,50,0,False
728,attack,54,0,False
728,defense,54,0,False
728,special-attack,66,1,False
728,special-defense,56,0,False
728,speed,40,0,False
729,hp,60,0,False
729,attack,69,0,False
729,defense,69,0,False
729,special-attack,91,2,False
729,special-defense,81,0,False
729,speed,50,0,False
730,hp,80,0,False
730,attack,74,0,False
730,defense,74,0,False
730,special-attack,126,3,False
730,special-defense,116,0,False
730,speed,60,0,False
731,hp,35,0,False
731,attack,75,1,False
731,defense,30,0,False
731,special-attack,30,0,False
731,special-defense,30,0,False
731,speed,65,0,False
732,hp,55,0,False
732,attack,85,2,False
732,defense,50,0,False
732,special-attack,40,0,False
732,special-defense,50,0,False
732,speed,75,0,False
733,hp,80,0,False
733,attack,120,3,False
733,defense,75,0,False
733,special-attack,75,0,False
733,special-defense,75,0,False
733,speed,60,0,False
734,hp,48,0,False
734,attack,70,1,False
734,defense,30,0,False
734,special-attack,30,0,False
734,special-defense,30,0,False
734,speed,45,0,False
735,hp,88,0,False
735,attack,110,2,False
735,defense,60,0,False
735,special-attack,55,0,False
735,special-defense,60,0,False
735,speed,45,0,False
736,hp,47,0,False
736,attack,62,1,False
736,defense,45,0,False
736,special-attack,55,0,False
736,special-defense,45,0,False
736,speed,46,0,False
737,hp,57,0,False
737,attack,82,0,False
737,defense,95,2,False
737,special-attack,55,0,False
737,special-defense,75,0,False
737,speed,36,0,False
738,hp,77,0,False
738,attack,70,0,False
738,defense,90,0,False
738,special-attack,145,3,False
738,special-defense,75,0,False
738,speed,43,0,False
739,hp,47,0,False
739,attack,82,1,False
739,defense,57,0,False
739,special-attack,42,0,False
739,special-defense,47,0,False
739,speed,63,0,False
740,hp,97,0,False
740,attack,132,2,False
740,defense,77,0,False
740,special-attack,62,0,False
740,special-defense,67,0,False
740,speed,43,0,False
741,hp,75,0,False
741,attack,70,0,False
741,defense,70,0,False
741,special-attack,98,2,False
741,special-defense,70,0,False
741,speed,93,0,False
742,hp,40,0,False
742,attack,45,0,False
742,defense,40,0,False
742,special-attack,55,0,False
742,special-defense,40,0,False
742,speed,84,1,False
743,hp,60,0,False
743,attack,55,0,False
743,defense,60,0,False
743,special-attack,95,0,False
743,special-defense,70,0,False
743,speed,124,2,False
744,hp,45,0,False
744,attack,65,1,False
744,defense,40,0,False
744,special-attack,30,0,False
744,special-defense,40,0,False
744,speed,60,0,False
745,hp,75,0,False
745,attack,115,2,False
745,defense,65,0,False
745,special-attack,55,0,False
745,special-defense,65,0,False
745,speed,112,0,False
746,hp,45,1,False
746,attack,20,0,False
746,defense,20,0,False
746,special-attack,25,0,False
746,special-defense,25,0,False
746,speed,40,0,False
747,hp,50,0,False
747,attack,53,0,False
747,defense,62,1,False
747,special-attack,43,0,False
747,special-defense,52,0,False
747,speed,45,0,False
748,hp,50,0,False
748,attack,63,0,False
748,defense,152,2,False
748,special-attack,53,0,False
748,special-defense,142,0,False
748,speed,35,0,False
749,hp,70,0,False
749,attack,100,1,False
749,defense,70,0,False
749,special-attack,45,0,False
749,special-defense,55,0,False
749,speed,45,0,False
750,hp,100,0,False
750,attack,125,2,False
750,defense,100,0,False
750,special-attack,55,0,False
750,special-defense,85,0,False
750,speed,35,0,False
751,hp,38,0,False
751,attack,40,0,False
751,defense,52,0,False
751,special-attack,40,0,False
751,special-defense,72,1,False
751,speed,27,0,False
752,hp,68,0,False
752,attack,70,0,False
752,defense,92,0,False
752,special-attack,50,0,False
752,special-defense,132,2,False
752,speed,42,0,False
753,hp,40,0,False
753,attack,55,1,False
753,defense,35,0,False
753,special-attack,50,0,False
753,special-defense,35,0,False
753,speed,35,0,False
754,hp,70,0,False
754,attack,105,2,False
754,defense,90,0,False
754,special-attack,80,0,False
754,special-defense,90,0,False
754,speed,45,0,False
755,hp,40,0,False
755,attack,35,0,False
755,defense,55,0,False
755,special-attack,65,0,False
755,special-defense,75,1,False
755,speed,15,0,False
756,hp,60,0,False
756,attack,45,0,False
756,defense,80,0,False
756,special-attack,90,0,False
756,special-defense,100,2,False
756,speed,30,0,False
757,hp,48,0,False
757,attack,44,0,False
757,defense,40,0,False
757,special-attack,71,0,False
757,special-defense,40,0,False
757,speed,77,1,False
758,hp,68,0,False
758,attack,64,0,False
758,defense,60,0,False
758,special-attack,111,0,False
758,special-defense,60,0,False
758,speed,117,2,False
759,hp,70,0,False
759,attack,75,1,False
759,defense,50,0,False
759,special-attack,45,0,False
759,special-defense,50,0,False
759,speed,50,0,False
760,hp,120,0,False
760,attack,125,2,False
760,defense,80,0,False
760,special-attack,55,0,False
760,special-defense,60,0,False
760,speed,60,0,False
761,hp,42,1,False
761,attack,30,0,False
761,defense,38,0,False
761,special-attack,30,0,False
761,special-defense,38,0,False
761,speed,32,0,False
762,hp,52,0,False
762,attack,40,0,False
762,defense,48,0,False
762,special-attack,40,0,False
762,special-defense,48,0,False
762,speed,62,2,False
763,hp,72,0,False
763,attack,120,3,False
763,defense,98,0,False
763,special-attack,50,0,False
763,special-defense,98,0,False
763,speed,72,0,False
764,hp,51,0,False
764,attack,52,0,False
764,defense,90,0,False
764,special-attack,82,0,False
764,special-defense,110,2,False
764,speed,100,0,False
765,hp,90,0,False
765,attack,60,0,False
765,defense,80,0,False
765,special-attack,90,0,False
765,special-defense,110,2,False
765,speed,60,0,False
766,hp,100,0,False
766,attack,120,2,False
766,defense,90,0,False
766,special-attack,40,0,False
766,special-defense,60,0,False
766,speed,80,0,False
767,hp,25,0,False
767,attack,35,0,False
767,defense,40,0,False
767,special-attack,20,0,False
767,special-defense,30,0,False
767,speed,80,1,False
768,hp,75,0,False
768,attack,125,0,False
768,defense,140,2,False
768,special-attack,60,0,False
768,special-defense,90,0,False
768,speed,40,0,False
769,hp,55,0,False
769,attack,55,0,False
769,defense,80,1,False
769,special-attack,70,0,False
769,special-defense,45,0,False
769,speed,15,0,False
770,hp,85,0,False
770,attack,75,0,False
770,defense,110,2,False
770,special-attack,100,0,False
770,special-defense,75,0,False
770,speed,35,0,False
771,hp,55,0,False
771,attack,60,0,False
771,defense,130,0,False
771,special-attack,30,0,False
771,special-defense,130,2,False
771,speed,5,0,False
772,hp,95,2,False
772,attack,95,0,False
772,defense,95,0,False
772,special-attack,95,0,False
772,special-defense,95,0,False
772,speed,59,0,False
773,hp,95,3,False
773,attack,95,0,False
773,defense,95,0,False
773,special-attack,95,0,False
773,special-defense,95,0,False
773,speed,95,0,False
774,hp,60,0,False
774,attack,60,0,False
774,defense,100,1,False
774,special-attack,60,0,False
774,special-defense,100,1,False
774,speed,60,0,False
775,hp,65,0,False
775,attack,115,2,False
775,defense,65,0,False
775,special-attack,75,0,False
775,special-defense,95,0,False
775,speed,65,0,False
776,hp,60,0,False
776,attack,78,0,False
776,defense,135,2,False
776,special-attack,91,0,False
776,special-defense,85,0,False
776,speed,36,0,False
777,hp,65,0,False
777,attack,98,2,False
777,defense,63,0,False
777,special-attack,40,0,False
777,special-defense,73,0,False
777,speed,96,0,False
778,hp,55,0,False
778,attack,90,0,False
778,defense,80,0,False
778,special-attack,50,0,False
778,special-defense,105,2,False
778,speed,96,0,False
779,hp,68,0,False
779,attack,105,2,False
779,defense,70,0,False
779,special-attack,70,0,False
779,special-defense,70,0,False
779,speed,92,0,False
780,hp,78,0,False
780,attack,60,0,False
780,defense,85,0,False
780,special-attack,135,2,False
780,special-defense,91,0,False
780,speed,36,0,False
781,hp,70,0,False
781,attack,131,2,False
781,defense,100,0,False
781,special-attack,86,0,False
781,special-defense,90,0,False
781,speed,40,0,False
782,hp,45,0,False
782,attack,55,0,False
782,defense,65,1,False
782,special-attack,45,0,False
782,special-defense,45,0,False
782,speed,45,0,False
783,hp,55,0,False
783,attack,75,0,False
783,defense,90,2,False
783,special-attack,65,0,False
783,special-defense,70,0,False
783,speed,65,0,False
784,hp,75,0,False
784,attack,110,0,False
784,defense,125,3,False
784,special-attack,100,0,False
784,special-defense,105,0,False
784,speed,85,0,False
785,hp,70,0,False
785,attack,115,0,False
785,defense,85,0,False
785,special-attack,95,0,False
785,special-defense,75,0,False
785,speed,130,3,False
786,hp,70,0,False
786,attack,85,0,False
786,defense,75,0,False
786,special-attack,130,3,False
786,special-defense,115,0,False
786,speed,95,0,False
787,hp,70,0,False
787,attack,130,3,False
787,defense,115,0,False
787,special-attack,85,0,False
787,special-defense,95,0,False
787,speed,75,0,False
788,hp,70,0,False
788,attack,75,0,False
788,defense,115,0,False
788,special-attack,95,0,False
788,special-defense,130,3,False
788,speed,85,0,False
789,hp,43,1,False
789,attack,29,0,False
789,defense,31,0,False
789,special-attack,29,0,False
789,special-defense,31,0,False
789,speed,37,0,False
790,hp,43,0,False
790,attack,29,0,False
790,defense,131,1,False
790,special-attack,29,0,False
790,special-defense,131,1,False
790,speed,37,0,False
791,hp,137,0,False
791,attack,137,3,False
791,defense,107,0,False
791,special-attack,113,0,False
791,special-defense,89,0,False
791,speed,97,0,False
792,hp,137,0,False
792,attack,113,0,False
792,defense,89,0,False
792,special-attack,137,3,False
792,special-defense,107,0,False
792,speed,97,0,False
793,hp,109,0,False
793,attack,53,0,False
793,defense,47,0,False
793,special-attack,127,0,False
793,special-defense,131,3,False
793,speed,103,0,False
794,hp,107,0,False
794,attack,139,1,False
794,defense,139,2,False
794,special-attack,53,0,False
794,special-defense,53,0,False
794,speed,79,0,False
795,hp,71,0,False
795,attack,137,0,False
795,defense,37,0,False
795,special-attack,137,0,False
795,special-defense,37,0,False
795,speed,151,3,False
796,hp,83,0,False
796,attack,89,0,False
796,defense,71,0,False
796,special-attack,173,3,False
796,special-defense,71,0,False
796,speed,83,0,False
797,hp,97,0,False
797,attack,101,1,False
797,defense,103,1,False
797,special-attack,107,1,False
797,special-defense,101,0,False
797,speed,61,0,False
798,hp,59,0,False
798,attack,181,3,False
798,defense,131,0,False
798,special-attack,59,0,False
798,special-defense,31,0,False
798,speed,109,0,False
799,hp,223,3,False
799,attack,101,0,False
799,defense,53,0,False
799,special-attack,97,0,False
799,special-defense,53,0,False
799,speed,43,0,False
800,hp,97,0,False
800,attack,107,1,False
800,defense,101,0,False
800,special-attack,127,2,False
800,special-defense,89,0,False
800,speed,79,0,False
801,hp,80,0,False
801,attack,95,0,False
801,defense,115,0,False
801,special-attack,130,3,False
801,special-defense,115,0,False
801,speed,65,0,False
802,hp,90,0,False
802,attack,125,2,False
802,defense,80,0,False
802,special-attack,90,0,False
802,special-defense,90,0,False
802,speed,125,1,False
803,hp,67,0,False
803,attack,73,0,False
803,defense,67,0,False
803,special-attack,73,0,False
803,special-defense,67,0,False
803,speed,73,1,False
804,hp,73,0,False
804,attack,73,0,False
804,defense,73,0,False
804,special-attack,127,3,False
804,special-defense,73,0,False
804,speed,121,0,False
805,hp,61,0,False
805,attack,131,0,False
805,defense,211,3,False
805,special-attack,53,0,False
805,special-defense,101,0,False
805,speed,13,0,False
806,hp,53,0,False
806,attack,127,0,False
806,defense,53,0,False
806,special-attack,151,3,False
806,special-defense,79,0,False
806,speed,107,0,False
807,hp,88,0,False
807,attack,112,0,False
807,defense,75,0,False
807,special-attack,102,0,False
807,special-defense,80,0,False
807,speed,143,3,False
808,hp,46,0,False
808,attack,65,1,False
808,defense,65,0,False
808,special-attack,55,0,False
808,special-defense,35,0,False
808,speed,34,0,False
809,hp,135,0,False
809,attack,143,3,False
809,defense,143,0,False
809,special-attack,80,0,False
809,special-defense,65,0,False
809,speed,34,0,False
810,hp,50,0,False
810,attack,65,1,False
810,defense,50,0,False
810,special-attack,40,0,False
810,special-defense,40,0,False
810,speed,65,0,False
811,hp,70,0,False
811,attack,85,2,False
811,defense,70,0,False
811,special-attack,55,0,False
811,special-defense,60,0,False
811,speed,80,0,False
812,hp,100,0,False
812,attack,125,3,False
812,defense,90,0,False
812,special-attack,60,0,False
812,special-defense,70,0,False
812,speed,85,0,False
813,hp,50,0,False
813,attack,71,0,False
813,defense,40,0,False
813,special-attack,40,0,False
813,special-defense,40,0,False
813,speed,69,1,False
814,hp,65,0,False
814,attack,86,0,False
814,defense,60,0,False
814,special-attack,55,0,False
814,special-defense,60,0,False
814,speed,94,2,False
815,hp,80,0,False
815,attack,116,0,False
815,defense,75,0,False
815,special-attack,65,0,False
815,special-defense,75,0,False
815,speed,119,3,False
816,hp,50,0,False
816,attack,40,0,False
816,defense,40,0,False
816,special-attack,70,0,False
816,special-defense,40,1,False
816,speed,70,1,False
817,hp,65,0,False
817,attack,60,0,False
817,defense,55,0,False
817,special-attack,95,2,False
817,special-defense,55,0,False
817,speed,90,0,False
818,hp,70,0,False
818,attack,85,0,False
818,defense,65,0,False
818,special-attack,125,0,False
818,special-defense,65,0,False
818,speed,120,3,False
819,hp,70,1,False
819,attack,55,0,False
819,defense,55,0,False
819,special-attack,35,0,False
819,special-defense,35,0,False
819,speed,25,0,False
820,hp,120,2,False
820,attack,95,0,False
820,defense,95,0,False
820,special-attack,55,0,False
820,special-defense,75,0,False
820,speed,20,0,False
821,hp,38,0,False
821,attack,47,0,False
821,defense,35,0,False
821,special-attack,33,0,False
821,special-defense,35,0,False
821,speed,57,1,False
822,hp,68,0,False
822,attack,67,0,False
822,defense,55,0,False
822,special-attack,43,0,False
822,special-defense,55,0,False
822,speed,77,2,False
823,hp,98,0,False
823,attack,87,0,False
823,defense,105,3,False
823,special-attack,53,0,False
823,special-defense,85,0,False
823,speed,67,0,False
824,hp,25,0,False
824,attack,20,0,False
824,defense,20,0,False
824,special-attack,25,0,False
824,special-defense,45,1,False
824,speed,45,0,False
825,hp,50,0,False
825,attack,35,0,False
825,defense,80,0,False
825,special-attack,50,0,False
825,special-defense,90,2,False
825,speed,30,0,False
826,hp,60,0,False
826,attack,45,0,False
826,defense,110,0,False
826,special-attack,80,0,False
826,special-defense,120,3,False
826,speed,90,0,False
827,hp,40,0,False
827,attack,28,0,False
827,defense,28,0,False
827,special-attack,47,0,False
827,special-defense,52,1,False
827,speed,50,0,False
828,hp,70,0,False
828,attack,58,0,False
828,defense,58,0,False
828,special-attack,87,0,False
828,special-defense,92,2,False
828,speed,90,0,False
829,hp,40,0,False
829,attack,40,0,False
829,defense,60,0,False
829,special-attack,40,0,False
829,special-defense,60,1,False
829,speed,10,0,False
830,hp,60,0,False
830,attack,50,0,False
830,defense,90,0,False
830,special-attack,80,0,False
830,special-defense,120,2,False
830,speed,60,0,False
831,hp,42,0,False
831,attack,40,0,False
831,defense,55,1,False
831,special-attack,40,0,False
831,special-defense,45,0,False
831,speed,48,0,False
832,hp,72,0,False
832,attack,80,0,False
832,defense,100,2,False
832,special-attack,60,0,False
832,special-defense,90,0,False
832,speed,88,0,False
833,hp,50,0,False
833,attack,64,1,False
833,defense,50,0,False
833,special-attack,38,0,False
833,special-defense,38,0,False
833,speed,44,0,False
834,hp,90,0,False
834,attack,115,2,False
834,defense,90,0,False
834,special-attack,48,0,False
834,special-defense,68,0,False
834,speed,74,0,False
835,hp,59,1,False
835,attack,45,0,False
835,defense,50,0,False
835,special-attack,40,0,False
835,special-defense,50,0,False
835,speed,26,0,False
836,hp,69,0,False
836,attack,90,0,False
836,defense,60,0,False
836,special-attack,90,0,False
836,special-defense,60,0,False
836,speed,121,2,False
837,hp,30,0,False
837,attack,40,0,False
837,defense,50,1,False
837,special-attack,40,0,False
837,special-defense,50,0,False
837,speed,30,0,False
838,hp,80,0,False
838,attack,60,0,False
838,defense,90,2,False
838,special-attack,60,0,False
838,special-defense,70,0,False
838,speed,50,0,False
839,hp,110,0,False
839,attack,80,0,False
839,defense,120,3,False
839,special-attack,80,0,False
839,special-defense,90,0,False
839,speed,30,0,False
840,hp,40,0,False
840,attack,40,0,False
840,defense,80,1,False
840,special-attack,40,0,False
840,special-defense,40,0,False
840,speed,20,0,False
841,hp,70,0,False
841,attack,110,2,False
841,defense,80,0,False
841,special-attack,95,0,False
841,special-defense,60,0,False
841,speed,70,0,False
842,hp,110,2,False
842,attack,85,0,False
842,defense,80,0,False
842,special-attack,100,0,False
842,special-defense,80,0,False
842,speed,30,0,False
843,hp,52,0,False
843,attack,57,0,False
843,defense,75,1,False
843,special-attack,35,0,False
843,special-defense,50,0,False
843,speed,46,0,False
844,hp,72,0,False
844,attack,107,0,False
844,defense,125,2,False
844,special-attack,65,0,False
844,special-defense,70,0,False
844,speed,71,0,False
845,hp,70,0,False
845,attack,85,0,False
845,defense,55,0,False
845,special-attack,85,0,False
845,special-defense,95,2,False
845,speed,85,0,False
846,hp,41,0,False
846,attack,63,0,False
846,defense,40,0,False
846,special-attack,40,0,False
846,special-defense,30,0,False
846,speed,66,1,False
847,hp,61,0,False
847,attack,123,0,False
847,defense,60,0,False
847,special-attack,60,0,False
847,special-defense,50,0,False
847,speed,136,2,False
848,hp,40,0,False
848,attack,38,0,False
848,defense,35,0,False
848,special-attack,54,1,False
848,special-defense,35,0,False
848,speed,40,0,False
849,hp,75,0,False
849,attack,98,0,False
849,defense,70,0,False
849,special-attack,114,2,False
849,special-defense,70,0,False
849,speed,75,0,False
850,hp,50,0,False
850,attack,65,1,False
850,defense,45,0,False
850,special-attack,50,0,False
850,special-defense,50,0,False
850,speed,45,0,False
851,hp,100,0,False
851,attack,115,2,False
851,defense,65,0,False
851,special-attack,90,0,False
851,special-defense,90,0,False
851,speed,65,0,False
852,hp,50,0,False
852,attack,68,1,False
852,defense,60,0,False
852,special-attack,50,0,False
852,special-defense,50,0,False
852,speed,32,0,False
853,hp,80,0,False
853,attack,118,2,False
853,defense,90,0,False
853,special-attack,70,0,False
853,special-defense,80,0,False
853,speed,42,0,False
854,hp,40,0,False
854,attack,45,0,False
854,defense,45,0,False
854,special-attack,74,1,False
854,special-defense,54,0,False
854,speed,50,0,False
855,hp,60,0,False
855,attack,65,0,False
855,defense,65,0,False
855,special-attack,134,2,False
855,special-defense,114,0,False
855,speed,70,0,False
856,hp,42,0,False
856,attack,30,0,False
856,defense,45,0,False
856,special-attack,56,1,False
856,special-defense,53,0,False
856,speed,39,0,False
857,hp,57,0,False
857,attack,40,0,False
857,defense,65,0,False
857,special-attack,86,2,False
857,special-defense,73,0,False
857,speed,49,0,False
858,hp,57,0,False
858,attack,90,0,False
858,defense,95,0,False
858,special-attack,136,3,False
858,special-defense,103,0,False
858,speed,29,0,False
859,hp,45,0,False
859,attack,45,0,False
859,defense,30,0,False
859,special-attack,55,1,False
859,special-defense,40,0,False
859,speed,50,0,False
860,hp,65,0,False
860,attack,60,0,False
860,defense,45,0,False
860,special-attack,75,2,False
860,special-defense,55,0,False
860,speed,70,0,False
861,hp,95,0,False
861,attack,120,3,False
861,defense,65,0,False
861,special-attack,95,0,False
861,special-defense,75,0,False
861,speed,60,0,False
862,hp,93,0,False
862,attack,90,0,False
862,defense,101,3,False
862,special-attack,60,0,False
862,special-defense,81,0,False
862,speed,95,0,False
863,hp,70,0,False
863,attack,110,2,False
863,defense,100,0,False
863,special-attack,50,0,False
863,special-defense,60,0,False
863,speed,50,0,False
864,hp,60,0,False
864,attack,95,0,False
864,defense,50,0,False
864,special-attack,145,2,False
864,special-defense,130,0,False
864,speed,30,0,False
865,hp,62,0,False
865,attack,135,2,False
865,defense,95,0,False
865,special-attack,68,0,False
865,special-defense,82,0,False
865,speed,65,0,False
866,hp,80,0,False
866,attack,85,0,False
866,defense,75,0,False
866,special-attack,110,3,False
866,special-defense,100,0,False
866,speed,70,0,False
867,hp,58,0,False
867,attack,95,0,False
867,defense,145,2,False
867,special-attack,50,0,False
867,special-defense,105,0,False
867,speed,30,0,False
868,hp,45,0,False
868,attack,40,0,False
868,defense,40,0,False
868,special-attack,50,0,False
868,special-defense,61,1,False
868,speed,34,0,False
869,hp,65,0,False
869,attack,60,0,False
869,defense,75,0,False
869,special-attack,110,0,False
869,special-defense,121,2,False
869,speed,64,0,False
870,hp,65,0,False
870,attack,100,2,False
870,defense,100,0,False
870,special-attack,70,0,False
870,special-defense,60,1,False
870,speed,75,0,False
871,hp,48,0,False
871,attack,101,2,False
871,defense,95,0,False
871,special-attack,91,0,False
871,special-defense,85,0,False
871,speed,15,0,False
872,hp,30,0,False
872,attack,25,0,False
872,defense,35,0,False
872,special-attack,45,1,False
872,special-defense,30,0,False
872,speed,20,0,False
873,hp,70,0,False
873,attack,65,0,False
873,defense,60,0,False
873,special-attack,125,2,False
873,special-defense,90,0,False
873,speed,65,0,False
874,hp,100,0,False
874,attack,125,0,False
874,defense,135,2,False
874,special-attack,20,0,False
874,special-defense,20,0,False
874,speed,70,0,False
875,hp,75,0,False
875,attack,80,0,False
875,defense,110,2,False
875,special-attack,65,0,False
875,special-defense,90,0,False
875,speed,50,0,False
876,hp,60,0,False
876,attack,65,0,False
876,defense,55,0,False
876,special-attack,105,2,False
876,special-defense,95,0,False
876,speed,95,0,False
877,hp,58,0,False
877,attack,95,0,False
877,defense,58,0,False
877,special-attack,70,0,False
877,special-defense,58,0,False
877,speed,97,2,False
878,hp,72,0,False
878,attack,80,1,False
878,defense,49,0,False
878,special-attack,40,0,False
878,special-defense,49,0,False
878,speed,40,0,False
879,hp,122,0,False
879,attack,130,2,False
879,defense,69,0,False
879,special-attack,80,0,False
879,special-defense,69,0,False
879,speed,30,0,False
880,hp,90,0,False
880,attack,100,2,False
880,defense,90,0,False
880,special-attack,80,0,False
880,special-defense,70,0,False
880,speed,75,0,False
881,hp,90,0,False
881,attack,100,2,False
881,defense,90,0,False
881,special-attack,90,0,False
881,special-defense,80,0,False
881,speed,55,0,False
882,hp,90,0,False
882,attack,90,0,False
882,defense,100,2,False
882,special-attack,70,0,False
882,special-defense,80,0,False
882,speed,75,0,False
883,hp,90,0,False
883,attack,90,0,False
883,defense,100,2,False
883,special-attack,80,0,False
883,special-defense,90,0,False
883,speed,55,0,False
884,hp,70,0,False
884,attack,95,0,False
884,defense,115,0,False
884,special-attack,120,2,False
884,special-defense,50,0,False
884,speed,85,0,False
885,hp,28,0,False
885,attack,60,0,False
885,defense,30,0,False
885,special-attack,40,0,False
885,special-defense,30,0,False
885,speed,82,1,False
886,hp,68,0,False
886,attack,80,0,False
886,defense,50,0,False
886,special-attack,60,0,False
886,special-defense,50,0,False
886,speed,102,2,False
887,hp,88,0,False
887,attack,120,0,False
887,defense,75,0,False
887,special-attack,100,0,False
887,special-defense,75,0,False
887,speed,142,3,False
888,hp,92,0,False
888,attack,120,0,False
888,defense,115,0,False
888,special-attack,80,0,False
888,special-defense,115,0,False
888,speed,138,3,False
889,hp,92,0,False
889,attack,120,0,False
889,defense,115,0,False
889,special-attack,80,0,False
889,special-defense,115,0,False
889,speed,138,3,False
890,hp,140,3,False
890,attack,85,0,False
890,defense,95,0,False
890,special-attack,145,0,False
890,special-defense,95,0,False
890,speed,130,0,False
891,hp,60,0,False
891,attack,90,1,False
891,defense,60,0,False
891,special-attack,53,0,False
891,special-defense,50,0,False
891,speed,72,0,False
892,hp,100,0,False
892,attack,130,3,False
892,defense,100,0,False
892,special-attack,63,0,False
892,special-defense,60,0,False
892,speed,97,0,False
893,hp,105,0,False
893,attack,120,3,False
893,defense,105,0,False
893,special-attack,70,0,False
893,special-defense,95,0,False
893,speed,105,0,False
894,hp,80,0,False
894,attack,100,0,False
894,defense,50,0,False
894,special-attack,100,0,False
894,special-defense,50,0,False
894,speed,200,3,False
895,hp,200,3,False
895,attack,100,0,False
895,defense,50,0,False
895,special-attack,100,0,False
895,special-defense,50,0,False
895,speed,80,0,False
896,hp,100,0,False
896,attack,145,3,False
896,defense,130,0,False
896,special-attack,65,0,False
896,special-defense,110,0,False
896,speed,30,0,False
897,hp,100,0,False
897,attack,65,0,False
897,defense,60,0,False
897,special-attack,145,3,False
897,special-defense,80,0,False
897,speed,130,0,False
898,hp,100,3,False
898,attack,80,0,False
898,defense,80,0,False
898,special-attack,80,0,False
898,special-defense,80,0,False
898,speed,80,0,False
899,hp,103,0,False
899,attack,105,1,False
899,defense,72,0,False
899,special-attack,105,0,False
899,special-defense,75,0,False
899,speed,65,0,False
900,hp,70,0,False
900,attack,135,2,False
900,defense,95,0,False
900,special-attack,45,0,False
900,special-defense,70,0,False
900,speed,85,0,False
901,hp,130,0,False
901,attack,140,3,False
901,defense,105,0,False
901,special-attack,45,0,False
901,special-defense,80,0,False
901,speed,50,0,False
902,hp,120,2,False
902,attack,112,0,False
902,defense,65,0,False
902,special-attack,80,0,False
902,special-defense,75,0,False
902,speed,78,0,False
903,hp,80,0,False
903,attack,130,1,False
903,defense,60,0,False
903,special-attack,40,0,False
903,special-defense,80,0,False
903,speed,120,1,False
904,hp,85,0,False
904,attack,115,1,False
904,defense,95,0,False
904,special-attack,65,0,False
904,special-defense,65,0,False
904,speed,85,0,False
905,hp,74,0,False
905,attack,115,0,False
905,defense,70,0,False
905,special-attack,135,3,False
905,special-defense,80,0,False
905,speed,106,0,False
906,hp,40,0,False
906,attack,61,0,False
906,defense,54,0,False
906,special-attack,45,0,False
906,special-defense,45,0,False
906,speed,65,1,False
907,hp,61,0,False
907,attack,80,0,False
907,defense,63,0,False
907,special-attack,60,0,False
907,special-defense,63,0,False
907,speed,83,2,False
908,hp,76,0,False
908,attack,110,0,False
908,defense,70,0,False
908,special-attack,81,0,False
908,special-defense,70,0,False
908,speed,123,3,False
909,hp,67,1,False
909,attack,45,0,False
909,defense,59,0,False
909,special-attack,63,0,False
909,special-defense,40,0,False
909,speed,36,0,False
910,hp,81,0,False
910,attack,55,0,False
910,defense,78,0,False
910,special-attack,90,2,False
910,special-defense,58,0,False
910,speed,49,0,False
911,hp,104,0,False
911,attack,75,0,False
911,defense,100,0,False
911,special-attack,110,3,False
911,special-defense,75,0,False
911,speed,66,0,False
912,hp,55,0,False
912,attack,65,1,False
912,defense,45,0,False
912,special-attack,50,0,False
912,special-defense,45,0,False
912,speed,50,0,False
913,hp,70,0,False
913,attack,85,2,False
913,defense,65,0,False
913,special-attack,65,0,False
913,special-defense,60,0,False
913,speed,65,0,False
914,hp,85,0,False
914,attack,120,3,False
914,defense,80,0,False
914,special-attack,85,0,False
914,special-defense,75,0,False
914,speed,85,0,False
915,hp,54,1,False
915,attack,45,0,False
915,defense,40,0,False
915,special-attack,35,0,False
915,special-defense,45,0,False
915,speed,35,0,False
916,hp,110,2,False
916,attack,100,0,False
916,defense,75,0,False
916,special-attack,59,0,False
916,special-defense,80,0,False
916,speed,65,0,False
917,hp,35,0,False
917,attack,41,0,False
917,defense,45,1,False
917,special-attack,29,0,False
917,special-defense,40,0,False
917,speed,20,0,False
918,hp,60,0,False
918,attack,79,0,False
918,defense,92,2,False
918,special-attack,52,0,False
918,special-defense,86,0,False
918,speed,35,0,False
919,hp,33,0,False
919,attack,46,1,False
919,defense,40,0,False
919,special-attack,21,0,False
919,special-defense,25,0,False
919,speed,45,0,False
920,hp,71,0,False
920,attack,102,2,False
920,defense,78,0,False
920,special-attack,52,0,False
920,special-defense,55,0,False
920,speed,92,0,False
921,hp,45,0,False
921,attack,50,0,False
921,defense,20,0,False
921,special-attack,40,0,False
921,special-defense,25,0,False
921,speed,60,1,False
922,hp,60,0,False
922,attack,75,0,False
922,defense,40,0,False
922,special-attack,50,0,False
922,special-defense,40,0,False
922,speed,85,2,False
923,hp,70,0,False
923,attack,115,3,False
923,defense,70,0,False
923,special-attack,70,0,False
923,special-defense,60,0,False
923,speed,105,0,False
924,hp,50,0,False
924,attack,50,0,False
924,defense,45,0,False
924,special-attack,40,0,False
924,special-defense,45,0,False
924,speed,75,1,False
925,hp,74,0,False
925,attack,75,0,False
925,defense,70,0,False
925,special-attack,65,0,False
925,special-defense,75,0,False
925,speed,111,2,False
926,hp,37,0,False
926,attack,55,0,False
926,defense,70,0,False
926,special-attack,30,0,False
926,special-defense,55,0,False
926,speed,65,1,False
927,hp,57,0,False
927,attack,80,0,False
927,defense,115,0,False
927,special-attack,50,0,False
927,special-defense,80,0,False
927,speed,95,2,False
928,hp,41,0,False
928,attack,35,0,False
928,defense,45,0,False
928,special-attack,58,1,False
928,special-defense,51,0,False
928,speed,30,0,False
929,hp,52,0,False
929,attack,53,0,False
929,defense,60,0,False
929,special-attack,78,2,False
929,special-defense,78,0,False
929,speed,33,0,False
930,hp,78,0,False
930,attack,69,0,False
930,defense,90,0,False
930,special-attack,125,3,False
930,special-defense,109,0,False
930,speed,39,0,False
931,hp,82,0,False
931,attack,96,1,False
931,defense,51,0,False
931,special-attack,45,0,False
931,special-defense,51,0,False
931,speed,92,0,False
932,hp,55,0,False
932,attack,55,0,False
932,defense,75,1,False
932,special-attack,35,0,False
932,special-defense,35,0,False
932,speed,25,0,False
933,hp,60,0,False
933,attack,60,0,False
933,defense,100,2,False
933,special-attack,35,0,False
933,special-defense,65,0,False
933,speed,35,0,False
934,hp,100,0,False
934,attack,100,0,False
934,defense,130,3,False
934,special-attack,45,0,False
934,special-defense,90,0,False
934,speed,35,0,False
935,hp,40,0,False
935,attack,50,0,False
935,defense,40,0,False
935,special-attack,50,1,False
935,special-defense,40,0,False
935,speed,35,0,False
936,hp,85,0,False
936,attack,60,0,False
936,defense,100,0,False
936,special-attack,125,2,False
936,special-defense,80,0,False
936,speed,75,0,False
937,hp,75,0,False
937,attack,125,2,False
937,defense,80,0,False
937,special-attack,60,0,False
937,special-defense,100,0,False
937,speed,85,0,False
938,hp,61,1,False
938,attack,31,0,False
938,defense,41,0,False
938,special-attack,59,0,False
938,special-defense,35,0,False
938,speed,45,0,False
939,hp,109,2,False
939,attack,64,0,False
939,defense,91,0,False
939,special-attack,103,0,False
939,special-defense,83,0,False
939,speed,45,0,False
940,hp,40,0,False
940,attack,40,0,False
940,defense,35,0,False
940,special-attack,55,0,False
940,special-defense,40,0,False
940,speed,70,1,False
941,hp,70,0,False
941,attack,70,0,False
941,defense,60,0,False
941,special-attack,105,0,False
941,special-defense,60,0,False
941,speed,125,2,False
942,hp,60,0,False
942,attack,78,1,False
942,defense,60,0,False
942,special-attack,40,0,False
942,special-defense,51,0,False
942,speed,51,0,False
943,hp,80,0,False
943,attack,120,2,False
943,defense,90,0,False
943,special-attack,60,0,False
943,special-defense,70,0,False
943,speed,85,0,False
944,hp,40,0,False
944,attack,65,0,False
944,defense,35,0,False
944,special-attack,40,0,False
944,special-defense,35,0,False
944,speed,75,1,False
945,hp,63,0,False
945,attack,95,0,False
945,defense,65,0,False
945,special-attack,80,0,False
945,special-defense,72,0,False
945,speed,110,2,False
946,hp,40,0,False
946,attack,65,1,False
946,defense,30,0,False
946,special-attack,45,0,False
946,special-defense,35,0,False
946,speed,60,0,False
947,hp,55,0,False
947,attack,115,2,False
947,defense,70,0,False
947,special-attack,80,0,False
947,special-defense,70,0,False
947,speed,90,0,False
948,hp,40,0,False
948,attack,40,0,False
948,defense,35,0,False
948,special-attack,50,0,False
948,special-defense,100,1,False
948,speed,70,0,False
949,hp,80,0,False
949,attack,70,0,False
949,defense,65,0,False
949,special-attack,80,0,False
949,special-defense,120,2,False
949,speed,100,0,False
950,hp,70,0,False
950,attack,100,0,False
950,defense,115,2,False
950,special-attack,35,0,False
950,special-defense,55,0,False
950,speed,75,0,False
951,hp,50,0,False
951,attack,62,1,False
951,defense,40,0,False
951,special-attack,62,0,False
951,special-defense,40,0,False
951,speed,50,0,False
952,hp,65,0,False
952,attack,108,2,False
952,defense,65,0,False
952,special-attack,108,0,False
952,special-defense,65,0,False
952,speed,75,0,False
953,hp,41,0,False
953,attack,50,0,False
953,defense,60,1,False
953,special-attack,31,0,False
953,special-defense,58,0,False
953,speed,30,0,False
954,hp,75,0,False
954,attack,50,0,False
954,defense,85,0,False
954,special-attack,115,2,False
954,special-defense,100,0,False
954,speed,45,0,False
955,hp,30,0,False
955,attack,35,0,False
955,defense,30,0,False
955,special-attack,55,0,False
955,special-defense,30,0,False
955,speed,75,1,False
956,hp,95,0,False
956,attack,60,0,False
956,defense,60,0,False
956,special-attack,101,0,False
956,special-defense,60,0,False
956,speed,105,2,False
957,hp,50,0,False
957,attack,45,0,False
957,defense,45,0,False
957,special-attack,35,0,False
957,special-defense,64,1,False
957,speed,58,0,False
958,hp,65,0,False
958,attack,55,0,False
958,defense,55,0,False
958,special-attack,45,0,False
958,special-defense,82,2,False
958,speed,78,0,False
959,hp,85,0,False
959,attack,75,0,False
959,defense,77,0,False
959,special-attack,70,0,False
959,special-defense,105,3,False
959,speed,94,0,False
960,hp,10,0,False
960,attack,55,0,False
960,defense,25,0,False
960,special-attack,35,0,False
960,special-defense,25,0,False
960,speed,95,1,False
961,hp,35,0,False
961,attack,100,0,False
961,defense,50,0,False
961,special-attack,50,0,False
961,special-defense,70,0,False
961,speed,120,2,False
962,hp,70,0,False
962,attack,103,2,False
962,defense,85,0,False
962,special-attack,60,0,False
962,special-defense,85,0,False
962,speed,82,0,False
963,hp,70,0,False
963,attack,45,0,False
963,defense,40,0,False
963,special-attack,45,0,False
963,special-defense,40,0,False
963,speed,75,1,False
964,hp,100,2,False
964,attack,70,0,False
964,defense,72,0,False
964,special-attack,53,0,False
964,special-defense,62,0,False
964,speed,100,0,False
965,hp,45,0,False
965,attack,70,1,False
965,defense,63,0,False
965,special-attack,30,0,False
965,special-defense,45,0,False
965,speed,47,0,False
966,hp,80,0,False
966,attack,119,2,False
966,defense,90,0,False
966,special-attack,54,0,False
966,special-defense,67,0,False
966,speed,90,0,False
967,hp,70,0,False
967,attack,95,0,False
967,defense,65,0,False
967,special-attack,85,0,False
967,special-defense,65,0,False
967,speed,121,2,False
968,hp,70,0,False
968,attack,85,0,False
968,defense,145,2,False
968,special-attack,60,0,False
968,special-defense,55,0,False
968,speed,65,0,False
969,hp,48,0,False
969,attack,35,0,False
969,defense,42,0,False
969,special-attack,105,1,False
969,special-defense,60,0,False
969,speed,60,0,False
970,hp,83,0,False
970,attack,55,0,False
970,defense,90,0,False
970,special-attack,130,2,False
970,special-defense,81,0,False
970,speed,86,0,False
971,hp,50,0,False
971,attack,61,1,False
971,defense,60,0,False
971,special-attack,30,0,False
971,special-defense,55,0,False
971,speed,34,0,False
972,hp,72,0,False
972,attack,101,2,False
972,defense,100,0,False
972,special-attack,50,0,False
972,special-defense,97,0,False
972,speed,68,0,False
973,hp,82,0,False
973,attack,115,2,False
973,defense,74,0,False
973,special-attack,75,0,False
973,special-defense,64,0,False
973,speed,90,0,False
974,hp,108,1,False
974,attack,68,0,False
974,defense,45,0,False
974,special-attack,30,0,False
974,special-defense,40,0,False
974,speed,43,0,False
975,hp,170,2,False
975,attack,113,0,False
975,defense,65,0,False
975,special-attack,45,0,False
975,special-defense,55,0,False
975,speed,73,0,False
976,hp,90,0,False
976,attack,102,2,False
976,defense,73,0,False
976,special-attack,78,0,False
976,special-defense,65,0,False
976,speed,70,0,False
977,hp,150,3,False
977,attack,100,0,False
977,defense,115,0,False
977,special-attack,65,0,False
977,special-defense,65,0,False
977,speed,35,0,False
978,hp,68,0,False
978,attack,50,0,False
978,defense,60,0,False
978,special-attack,120,2,False
978,special-defense,95,0,False
978,speed,82,0,False
979,hp,110,0,False
979,attack,115,3,False
979,defense,80,0,False
979,special-attack,50,0,False
979,special-defense,90,0,False
979,speed,90,0,False
980,hp,130,2,False
980,attack,75,0,False
980,defense,60,0,False
980,special-attack,45,0,False
980,special-defense,100,0,False
980,speed,20,0,False
981,hp,120,3,False
981,attack,90,0,False
981,defense,70,0,False
981,special-attack,110,0,False
981,special-defense,70,0,False
981,speed,60,0,False
982,hp,125,2,False
982,attack,100,0,False
982,defense,80,0,False
982,special-attack,85,0,False
982,special-defense,75,0,False
982,speed,55,0,False
983,hp,100,0,False
983,attack,135,3,False
983,defense,120,0,False
983,special-attack,60,0,False
983,special-defense,85,0,False
983,speed,50,0,False
984,hp,115,0,False
984,attack,131,3,False
984,defense,131,0,False
984,special-attack,53,0,False
984,special-defense,53,0,False
984,speed,87,0,False
985,hp,115,3,False
985,attack,65,0,False
985,defense,99,0,False
985,special-attack,65,0,False
985,special-defense,115,0,False
985,speed,111,0,False
986,hp,111,0,False
986,attack,127,3,False
986,defense,99,0,False
986,special-attack,79,0,False
986,special-defense,99,0,False
986,speed,55,0,False
987,hp,55,0,False
987,attack,55,0,False
987,defense,55,0,False
987,special-attack,135,1,False
987,special-defense,135,1,False
987,speed,135,1,False
988,hp,85,0,False
988,attack,135,3,False
988,defense,79,0,False
988,special-attack,85,0,False
988,special-defense,105,0,False
988,speed,81,0,False
989,hp,85,0,False
989,attack,81,0,False
989,defense,97,0,False
989,special-attack,121,3,False
989,special-defense,85,0,False
989,speed,101,0,False
990,hp,90,0,False
990,attack,112,0,False
990,defense,120,3,False
990,special-attack,72,0,False
990,special-defense,70,0,False
990,speed,106,0,False
991,hp,56,0,False
991,attack,80,0,False
991,defense,114,0,False
991,special-attack,124,0,False
991,special-defense,60,0,False
991,speed,136,3,False
992,hp,154,0,False
992,attack,140,3,False
992,defense,108,0,False
992,special-attack,50,0,False
992,special-defense,68,0,False
992,speed,50,0,False
993,hp,94,0,False
993,attack,80,0,False
993,defense,86,0,False
993,special-attack,122,3,False
993,special-defense,80,0,False
993,speed,108,0,False
994,hp,80,0,False
994,attack,70,0,False
994,defense,60,0,False
994,special-attack,140,3,False
994,special-defense,110,0,False
994,speed,110,0,False
995,hp,100,0,False
995,attack,134,3,False
995,defense,110,0,False
995,special-attack,70,0,False
995,special-defense,84,0,False
995,speed,72,0,False
996,hp,65,0,False
996,attack,75,1,False
996,defense,45,0,False
996,special-attack,35,0,False
996,special-defense,45,0,False
996,speed,55,0,False
997,hp,90,0,False
997,attack,95,2,False
997,defense,66,0,False
997,special-attack,45,0,False
997,special-defense,65,0,False
997,speed,62,0,False
998,hp,115,0,False
998,attack,145,3,False
998,defense,92,0,False
998,special-attack,75,0,False
998,special-defense,86,0,False
998,speed,87,0,False
999,hp,45,0,False
999,attack,30,0,False
999,defense,70,0,False
999,special-attack,75,1,False
999,special-defense,70,0,False
999,speed,10,0,False
1000,hp,87,0,False
1000,attack,60,0,False
1000,defense,95,0,False
1000,special-attack,133,2,False
1000,special-defense,91,0,False
1000,speed,84,0,False
1001,hp,85,0,False
1001,attack,85,0,False
1001,defense,100,0,False
1001,special-attack,95,0,False
1001,special-defense,135,3,False
1001,speed,70,0,False
1002,hp,80,0,False
1002,attack,120,0,False
1002,defense,80,0,False
1002,special-attack,90,0,False
1002,special-defense,65,0,False
1002,speed,135,3,False
1003,hp,155,0,False
1003,attack,110,0,False
1003,defense,125,3,False
1003,special-attack,55,0,False
1003,special-defense,80,0,False
1003,speed,45,0,False
1004,hp,55,0,False
1004,attack,80,0,False
1004,defense,80,0,False
1004,special-attack,135,3,False
1004,special-defense,120,0,False
1004,speed,100,0,False
1005,hp,105,0,False
1005,attack,139,3,False
1005,defense,71,0,False
1005,special-attack,55,0,False
1005,special-defense,101,0,False
1005,speed,119,0,False
1006,hp,74,0,False
1006,attack,130,3,False
1006,defense,90,0,False
1006,special-attack,120,0,False
1006,special-defense,60,0,False
1006,speed,116,0,False
1007,hp,100,0,False
1007,attack,135,3,False
1007,defense,115,0,False
1007,special-attack,85,0,False
1007,special-defense,100,0,False
1007,speed,135,0,False
1008,hp,100,0,False
1008,attack,85,0,False
1008,defense,100,0,False
1008,special-attack,135,3,False
1008,special-defense,115,0,False
1008,speed,135,0,False
1009,hp,99,0,False
1009,attack,83,0,False
1009,defense,91,0,False
1009,special-attack,125,3,False
1009,special-defense,83,0,False
1009,speed,109,0,False
1010,hp,90,0,False
1010,attack,130,3,False
1010,defense,88,0,False
1010,special-attack,70,0,False
1010,special-defense,108,0,False
1010,speed,104,0,False
1011,hp,80,0,False
1011,attack,80,0,False
1011,defense,110,2,False
1011,special-attack,95,0,False
1011,special-defense,80,0,False
1011,speed,40,0,False
1012,hp,40,0,False
1012,attack,45,0,False
1012,defense,45,0,False
1012,special-attack,74,1,False
1012,special-defense,54,0,False
1012,speed,50,0,False
1013,hp,71,0,False
1013,attack,60,0,False
1013,defense,106,0,False
1013,special-attack,121,2,False
1013,special-defense,80,0,False
1013,speed,70,0,False
1014,hp,88,0,False
1014,attack,128,3,False
1014,defense,115,0,False
1014,special-attack,58,0,False
1014,special-defense,86,0,False
1014,speed,80,0,False
1015,hp,88,0,False
1015,attack,75,0,False
1015,defense,66,0,False
1015,special-attack,130,3,False
1015,special-defense,90,0,False
1015,speed,106,0,False
1016,hp,88,0,False
1016,attack,91,0,False
1016,defense,82,0,False
1016,special-attack,70,0,False
1016,special-defense,125,3,False
1016,speed,99,0,False
1017,hp,80,0,False
1017,attack,120,3,False
1017,defense,84,0,False
1017,special-attack,60,0,False
1017,special-defense,96,0,False
1017,speed,110,0,False
1018,hp,90,0,False
1018,attack,105,0,False
1018,defense,130,3,False
1018,special-attack,125,0,False
1018,special-defense,65,0,False
1018,speed,85,0,False
1019,hp,106,0,False
1019,attack,80,0,False
1019,defense,110,0,False
1019,special-attack,120,3,False
1019,special-defense,80,0,False
1019,speed,44,0,False
1020,hp,105,0,False
1020,attack,115,0,False
1020,defense,121,3,False
1020,special-attack,65,0,False
1020,special-defense,93,0,False
1020,speed,91,0,False
1021,hp,125,0,False
1021,attack,73,0,False
1021,defense,91,0,False
1021,special-attack,137,3,False
1021,special-defense,89,0,False
1021,speed,75,0,False
1022,hp,90,0,False
1022,attack,120,0,False
1022,defense,80,0,False
1022,special-attack,68,0,False
1022,special-defense,108,0,False
1022,speed,124,3,False
1023,hp,90,0,False
1023,attack,72,0,False
1023,defense,100,0,False
1023,special-attack,122,3,False
1023,special-defense,108,0,False
1023,speed,98,0,False
1024,hp,90,0,False
1024,attack,65,0,False
1024,defense,85,1,False
1024,special-attack,65,0,False
1024,special-defense,85,0,False
1024,speed,60,0,False
1025,hp,88,0,False
1025,attack,88,0,False
1025,defense,160,3,False
1025,special-attack,88,0,False
1025,special-defense,88,0,False
1025,speed,88,0,False
10001,hp,50,0,False
10001,attack,180,2,False
10001,defense,20,0,False
10001,special-attack,180,1,False
10001,special-defense,20,0,False
10001,speed,150,0,False
10002,hp,50,0,False
10002,attack,70,0,False
10002,defense,160,2,False
10002,special-attack,70,0,False
10002,special-defense,160,1,False
10002,speed,90,0,False
10003,hp,50,0,False
10003,attack,95,0,False
10003,defense,90,0,False
10003,special-attack,95,0,False
10003,special-defense,90,0,False
10003,speed,180,3,False
10004,hp,60,0,False
10004,attack,79,0,False
10004,defense,105,2,False
10004,special-attack,59,0,False
10004,special-defense,85,0,False
10004,speed,36,0,False
10005,hp,60,0,False
10005,attack,69,0,False
10005,defense,95,1,False
10005,special-attack,69,0,False
10005,special-defense,95,1,False
10005,speed,36,0,False
10006,hp,100,0,False
10006,attack,103,0,False
10006,defense,75,0,False
10006,special-attack,120,0,False
10006,special-defense,75,0,False
10006,speed,127,3,False
10007,hp,150,3,False
10007,attack,120,0,False
10007,defense,100,0,False
10007,special-attack,120,0,False
10007,special-defense,100,0,False
10007,speed,90,0,False
10008,hp,50,0,False
10008,attack,65,0,False
10008,defense,107,0,False
10008,special-attack,105,1,False
10008,special-defense,107,0,False
10008,speed,86,1,False
10009,hp,50,0,False
10009,attack,65,0,False
10009,defense,107,0,False
10009,special-attack,105,1,False
10009,special-defense,107,0,False
10009,speed,86,1,False
10010,hp,50,0,False
10010,attack,65,0,False
10010,defense,107,0,False
10010,special-attack,105,1,False
10010,special-defense,107,0,False
10010,speed,86,1,False
10011,hp,50,0,False
10011,attack,65,0,False
10011,defense,107,0,False
10011,special-attack,105,1,False
10011,special-defense,107,0,False
10011,speed,86,1,False
10012,hp,50,0,False
10012,attack,65,0,False
10012,defense,107,0,False
10012,special-attack,105,1,False
10012,special-defense,107,0,False
10012,speed,86,1,False
10013,hp,70,1,False
10013,attack,70,0,False
10013,defense,70,0,False
10013,special-attack,70,0,False
10013,special-defense,70,0,False
10013,speed,70,0,False
10014,hp,70,1,False
10014,attack,70,0,False
10014,defense,70,0,False
10014,special-attack,70,0,False
10014,special-defense,70,0,False
10014,speed,70,0,False
10015,hp,70,1,False
10015,attack,70,0,False
10015,defense,70,0,False
10015,special-attack,70,0,False
10015,special-defense,70,0,False
10015,speed,70,0,False
10016,hp,70,0,False
10016,attack,92,0,False
10016,defense,65,0,False
10016,special-attack,80,0,False
10016,special-defense,55,0,False
10016,speed,98,2,False
10017,hp,105,0,False
10017,attack,30,0,False
10017,defense,105,0,False
10017,special-attack,140,2,False
10017,special-defense,105,0,False
10017,speed,55,0,False
10018,hp,100,0,False
10018,attack,128,1,False
10018,defense,90,1,False
10018,special-attack,77,0,False
10018,special-defense,77,0,False
10018,speed,128,1,False
10019,hp,79,0,False
10019,attack,100,0,False
10019,defense,80,0,False
10019,special-attack,110,0,False
10019,special-defense,90,0,False
10019,speed,121,3,False
10020,hp,79,0,False
10020,attack,105,0,False
10020,defense,70,0,False
10020,special-attack,145,3,False
10020,special-defense,80,0,False
10020,speed,101,0,False
10021,hp,89,0,False
10021,attack,145,3,False
10021,defense,90,0,False
10021,special-attack,105,0,False
10021,special-defense,80,0,False
10021,speed,91,0,False
10022,hp,125,0,False
10022,attack,170,3,False
10022,defense,100,0,False
10022,special-attack,120,0,False
10022,special-defense,90,0,False
10022,speed,95,0,False
10023,hp,125,0,False
10023,attack,120,0,False
10023,defense,90,0,False
10023,special-attack,170,3,False
10023,special-defense,100,0,False
10023,speed,95,0,False
10024,hp,91,0,False
10024,attack,72,0,False
10024,defense,90,0,False
10024,special-attack,129,3,False
10024,special-defense,90,0,False
10024,speed,108,0,False
10025,hp,74,0,False
10025,attack,48,0,False
10025,defense,76,0,False
10025,special-attack,83,0,False
10025,special-defense,81,0,False
10025,speed,104,2,False
10026,hp,60,0,False
10026,attack,140,2,False
10026,defense,50,0,False
10026,special-attack,140,1,False
10026,special-defense,50,0,False
10026,speed,60,0,False
10027,hp,44,0,False
10027,attack,66,0,False
10027,defense,70,1,False
10027,special-attack,44,0,False
10027,special-defense,55,0,False
10027,speed,56,0,False
10028,hp,54,0,False
10028,attack,66,0,False
10028,defense,70,1,False
10028,special-attack,44,0,False
10028,special-defense,55,0,False
10028,speed,46,0,False
10029,hp,59,0,False
10029,attack,66,0,False
10029,defense,70,1,False
10029,special-attack,44,0,False
10029,special-defense,55,0,False
10029,speed,41,0,False
10030,hp,55,0,False
10030,attack,85,0,False
10030,defense,122,2,False
10030,special-attack,58,0,False
10030,special-defense,75,0,False
10030,speed,99,0,False
10031,hp,75,0,False
10031,attack,95,0,False
10031,defense,122,2,False
10031,special-attack,58,0,False
10031,special-defense,75,0,False
10031,speed,69,0,False
10032,hp,85,0,False
10032,attack,100,0,False
10032,defense,122,2,False
10032,special-attack,58,0,False
10032,special-defense,75,0,False
10032,speed,54,0,False
10033,hp,80,0,False
10033,attack,100,0,False
10033,defense,123,0,False
10033,special-attack,122,2,False
10033,special-defense,120,1,False
10033,speed,80,0,False
10034,hp,78,0,False
10034,attack,130,0,False
10034,defense,111,0,False
10034,special-attack,130,3,False
10034,special-defense,85,0,False
10034,speed,100,0,False
10035,hp,78,0,False
10035,attack,104,0,False
10035,defense,78,0,False
10035,special-attack,159,3,False
10035,special-defense,115,0,False
10035,speed,100,0,False
10036,hp,79,0,False
10036,attack,103,0,False
10036,defense,120,0,False
10036,special-attack,135,0,False
10036,special-defense,115,3,False
10036,speed,78,0,False
10037,hp,55,0,False
10037,attack,50,0,False
10037,defense,65,0,False
10037,special-attack,175,3,False
10037,special-defense,105,0,False
10037,speed,150,0,False
10038,hp,60,0,False
10038,attack,65,0,False
10038,defense,80,0,False
10038,special-attack,170,3,False
10038,special-defense,95,0,False
10038,speed,130,0,False
10039,hp,105,2,False
10039,attack,125,0,False
10039,defense,100,0,False
10039,special-attack,60,0,False
10039,special-defense,100,0,False
10039,speed,100,0,False
10040,hp,65,0,False
10040,attack,155,2,False
10040,defense,120,0,False
10040,special-attack,65,0,False
10040,special-defense,90,0,False
10040,speed,105,0,False
10041,hp,95,0,False
10041,attack,155,2,False
10041,defense,109,0,False
10041,special-attack,70,0,False
10041,special-defense,130,0,False
10041,speed,81,0,False
10042,hp,80,0,False
10042,attack,135,0,False
10042,defense,85,0,False
10042,special-attack,70,0,False
10042,special-defense,95,0,False
10042,speed,150,2,False
10043,hp,106,0,False
10043,attack,190,0,False
10043,defense,100,0,False
10043,special-attack,154,3,False
10043,special-defense,100,0,False
10043,speed,130,0,False
10044,hp,106,0,False
10044,attack,150,0,False
10044,defense,70,0,False
10044,special-attack,194,3,False
10044,special-defense,120,0,False
10044,speed,140,0,False
10045,hp,90,0,False
10045,attack,95,0,False
10045,defense,105,0,False
10045,special-attack,165,3,False
10045,special-defense,110,0,False
10045,speed,45,0,False
10046,hp,70,0,False
10046,attack,150,2,False
10046,defense,140,0,False
10046,special-attack,65,0,False
10046,special-defense,100,0,False
10046,speed,75,0,False
10047,hp,80,0,False
10047,attack,185,2,False
10047,defense,115,0,False
10047,special-attack,40,0,False
10047,special-defense,105,0,False
10047,speed,75,0,False
10048,hp,75,0,False
10048,attack,90,0,False
10048,defense,90,0,False
10048,special-attack,140,2,False
10048,special-defense,90,0,False
10048,speed,115,0,False
10049,hp,100,0,False
10049,attack,164,3,False
10049,defense,150,0,False
10049,special-attack,95,0,False
10049,special-defense,120,0,False
10049,speed,71,0,False
10050,hp,80,0,False
10050,attack,160,3,False
10050,defense,80,0,False
10050,special-attack,130,0,False
10050,special-defense,80,0,False
10050,speed,100,0,False
10051,hp,68,0,False
10051,attack,85,0,False
10051,defense,65,0,False
10051,special-attack,165,3,False
10051,special-defense,135,0,False
10051,speed,100,0,False
10052,hp,50,0,False
10052,attack,105,1,False
10052,defense,125,1,False
10052,special-attack,55,0,False
10052,special-defense,95,0,False
10052,speed,50,0,False
10053,hp,70,0,False
10053,attack,140,0,False
10053,defense,230,3,False
10053,special-attack,60,0,False
10053,special-defense,80,0,False
10053,speed,50,0,False
10054,hp,60,0,False
10054,attack,100,0,False
10054,defense,85,0,False
10054,special-attack,80,0,False
10054,special-defense,85,0,False
10054,speed,100,2,False
10055,hp,70,0,False
10055,attack,75,0,False
10055,defense,80,0,False
10055,special-attack,135,0,False
10055,special-defense,80,0,False
10055,speed,135,2,False
10056,hp,64,0,False
10056,attack,165,2,False
10056,defense,75,0,False
10056,special-attack,93,0,False
10056,special-defense,83,0,False
10056,speed,75,0,False
10057,hp,65,0,False
10057,attack,150,2,False
10057,defense,60,0,False
10057,special-attack,115,0,False
10057,special-defense,60,0,False
10057,speed,115,0,False
10058,hp,108,0,False
10058,attack,170,3,False
10058,defense,115,0,False
10058,special-attack,120,0,False
10058,special-defense,95,0,False
10058,speed,92,0,False
10059,hp,70,0,False
10059,attack,145,1,False
10059,defense,88,0,False
10059,special-attack,140,1,False
10059,special-defense,70,0,False
10059,speed,112,0,False
10060,hp,90,0,False
10060,attack,132,1,False
10060,defense,105,0,False
10060,special-attack,132,1,False
10060,special-defense,105,0,False
10060,speed,30,0,False
10061,hp,74,0,False
10061,attack,65,0,False
10061,defense,67,0,False
10061,special-attack,125,0,False
10061,special-defense,128,2,False
10061,speed,92,0,False
10062,hp,80,0,False
10062,attack,100,0,False
10062,defense,120,0,False
10062,special-attack,140,0,False
10062,special-defense,150,3,False
10062,speed,110,0,False
10063,hp,80,0,False
10063,attack,130,0,False
10063,defense,100,0,False
10063,special-attack,160,3,False
10063,special-defense,120,0,False
10063,speed,110,0,False
10064,hp,100,0,False
10064,attack,150,3,False
10064,defense,110,0,False
10064,special-attack,95,0,False
10064,special-defense,110,0,False
10064,speed,70,0,False
10065,hp,70,0,False
10065,attack,110,0,False
10065,defense,75,0,False
10065,special-attack,145,0,False
10065,special-defense,85,0,False
10065,speed,145,3,False
10066,hp,50,0,False
10066,attack,85,1,False
10066,defense,125,1,False
10066,special-attack,85,0,False
10066,special-defense,115,0,False
10066,speed,20,0,False
10067,hp,75,0,False
10067,attack,110,0,False
10067,defense,110,0,False
10067,special-attack,110,0,False
10067,special-defense,105,2,False
10067,speed,80,0,False
10068,hp,68,0,False
10068,attack,165,3,False
10068,defense,95,0,False
10068,special-attack,65,0,False
10068,special-defense,115,0,False
10068,speed,110,0,False
10069,hp,103,2,False
10069,attack,60,0,False
10069,defense,126,0,False
10069,special-attack,80,0,False
10069,special-defense,126,0,False
10069,speed,50,0,False
10070,hp,70,0,False
10070,attack,140,2,False
10070,defense,70,0,False
10070,special-attack,110,0,False
10070,special-defense,65,0,False
10070,speed,105,0,False
10071,hp,95,0,False
10071,attack,75,0,False
10071,defense,180,2,False
10071,special-attack,130,0,False
10071,special-defense,80,0,False
10071,speed,30,0,False
10072,hp,75,0,False
10072,attack,125,0,False
10072,defense,230,2,False
10072,special-attack,55,0,False
10072,special-defense,95,0,False
10072,speed,30,0,False
10073,hp,83,0,False
10073,attack,80,0,False
10073,defense,80,0,False
10073,special-attack,135,0,False
10073,special-defense,80,0,False
10073,speed,121,3,False
10074,hp,80,2,False
10074,attack,120,0,False
10074,defense,80,0,False
10074,special-attack,120,0,False
10074,special-defense,80,0,False
10074,speed,100,0,False
10075,hp,50,0,False
10075,attack,160,0,False
10075,defense,110,1,False
10075,special-attack,160,0,False
10075,special-defense,110,2,False
10075,speed,110,0,False
10076,hp,80,0,False
10076,attack,145,0,False
10076,defense,150,3,False
10076,special-attack,105,0,False
10076,special-defense,110,0,False
10076,speed,110,0,False
10077,hp,100,0,False
10077,attack,150,0,False
10077,defense,90,0,False
10077,special-attack,180,3,False
10077,special-defense,160,0,False
10077,speed,90,0,False
10078,hp,100,0,False
10078,attack,180,3,False
10078,defense,160,0,False
10078,special-attack,150,0,False
10078,special-defense,90,0,False
10078,speed,90,0,False
10079,hp,105,0,False
10079,attack,180,2,False
10079,defense,100,0,False
10079,special-attack,180,1,False
10079,special-defense,100,0,False
10079,speed,115,0,False
10080,hp,35,0,False
10080,attack,55,0,False
10080,defense,40,0,False
10080,special-attack,50,0,False
10080,special-defense,50,0,False
10080,speed,90,2,False
10081,hp,35,0,False
10081,attack,55,0,False
10081,defense,40,0,False
10081,special-attack,50,0,False
10081,special-defense,50,0,False
10081,speed,90,2,False
10082,hp,35,0,False
10082,attack,55,0,False
10082,defense,40,0,False
10082,special-attack,50,0,False
10082,special-defense,50,0,False
10082,speed,90,2,False
10083,hp,35,0,False
10083,attack,55,0,False
10083,defense,40,0,False
10083,special-attack,50,0,False
10083,special-defense,50,0,False
10083,speed,90,2,False
10084,hp,35,0,False
10084,attack,55,0,False
10084,defense,40,0,False
10084,special-attack,50,0,False
10084,special-defense,50,0,False
10084,speed,90,2,False
10085,hp,35,0,False
10085,attack,55,0,False
10085,defense,40,0,False
10085,special-attack,50,0,False
10085,special-defense,50,0,False
10085,speed,90,2,False
10086,hp,80,0,False
10086,attack,160,0,False
10086,defense,60,0,False
10086,special-attack,170,3,False
10086,special-defense,130,0,False
10086,speed,80,0,False
10087,hp,70,0,False
10087,attack,120,1,False
10087,defense,100,0,False
10087,special-attack,145,1,False
10087,special-defense,105,0,False
10087,speed,20,0,False
10088,hp,65,0,False
10088,attack,136,0,False
10088,defense,94,0,False
10088,special-attack,54,0,False
10088,special-defense,96,0,False
10088,speed,135,2,False
10089,hp,95,0,False
10089,attack,145,3,False
10089,defense,130,0,False
10089,special-attack,120,0,False
10089,special-defense,90,0,False
10089,speed,120,0,False
10090,hp,65,0,False
10090,attack,150,2,False
10090,defense,40,0,False
10090,special-attack,15,0,False
10090,special-defense,80,1,False
10090,speed,145,0,False
10091,hp,30,0,False
10091,attack,56,0,False
10091,defense,35,0,False
10091,special-attack,25,0,False
10091,special-defense,35,0,False
10091,speed,72,1,False
10092,hp,75,0,False
10092,attack,71,0,False
10092,defense,70,0,False
10092,special-attack,40,0,False
10092,special-defense,80,0,False
10092,speed,77,2,False
10093,hp,75,0,False
10093,attack,71,0,False
10093,defense,70,0,False
10093,special-attack,40,0,False
10093,special-defense,80,0,False
10093,speed,77,2,False
10094,hp,35,0,False
10094,attack,55,0,False
10094,defense,40,0,False
10094,special-attack,50,0,False
10094,special-defense,50,0,False
10094,speed,90,2,False
10095,hp,35,0,False
10095,attack,55,0,False
10095,defense,40,0,False
10095,special-attack,50,0,False
10095,special-defense,50,0,False
10095,speed,90,2,False
10096,hp,35,0,False
10096,attack,55,0,False
10096,defense,40,0,False
10096,special-attack,50,0,False
10096,special-defense,50,0,False
10096,speed,90,2,False
10097,hp,35,0,False
10097,attack,55,0,False
10097,defense,40,0,False
10097,special-attack,50,0,False
10097,special-defense,50,0,False
10097,speed,90,2,False
10098,hp,35,0,False
10098,attack,55,0,False
10098,defense,40,0,False
10098,special-attack,50,0,False
10098,special-defense,50,0,False
10098,speed,90,2,False
10099,hp,35,0,False
10099,attack,55,0,False
10099,defense,40,0,False
10099,special-attack,50,0,False
10099,special-defense,50,0,False
10099,speed,90,2,False
10100,hp,60,0,False
10100,attack,85,0,False
10100,defense,50,0,False
10100,special-attack,95,0,False
10100,special-defense,85,0,False
10100,speed,110,3,False
10101,hp,50,0,False
10101,attack,75,0,False
10101,defense,90,1,False
10101,special-attack,10,0,False
10101,special-defense,35,0,False
10101,speed,40,0,False
10102,hp,75,0,False
10102,attack,100,0,False
10102,defense,120,2,False
10102,special-attack,25,0,False
10102,special-defense,65,0,False
10102,speed,65,0,False
10103,hp,38,0,False
10103,attack,41,0,False
10103,defense,40,0,False
10103,special-attack,50,0,False
10103,special-defense,65,0,False
10103,speed,65,1,False
10104,hp,73,0,False
10104,attack,67,0,False
10104,defense,75,0,False
10104,special-attack,81,0,False
10104,special-defense,100,0,False
10104,speed,109,2,False
10105,hp,10,0,False
10105,attack,55,0,False
10105,defense,30,0,False
10105,special-attack,35,0,False
10105,special-defense,45,0,False
10105,speed,90,1,False
10106,hp,35,0,False
10106,attack,100,2,False
10106,defense,60,0,False
10106,special-attack,50,0,False
10106,special-defense,70,0,False
10106,speed,110,0,False
10107,hp,40,0,False
10107,attack,35,0,False
10107,defense,35,0,False
10107,special-attack,50,0,False
10107,special-defense,40,0,False
10107,speed,90,1,False
10108,hp,65,0,False
10108,attack,60,0,False
10108,defense,60,0,False
10108,special-attack,75,0,False
10108,special-defense,65,0,False
10108,speed,115,2,False
10109,hp,40,0,False
10109,attack,80,0,False
10109,defense,100,1,False
10109,special-attack,30,0,False
10109,special-defense,30,0,False
10109,speed,20,0,False
10110,hp,55,0,False
10110,attack,95,0,False
10110,defense,115,2,False
10110,special-attack,45,0,False
10110,special-defense,45,0,False
10110,speed,35,0,False
10111,hp,80,0,False
10111,attack,120,0,False
10111,defense,130,3,False
10111,special-attack,55,0,False
10111,special-defense,65,0,False
10111,speed,45,0,False
10112,hp,80,1,False
10112,attack,80,0,False
10112,defense,50,0,False
10112,special-attack,40,0,False
10112,special-defense,50,0,False
10112,speed,25,0,False
10113,hp,105,1,False
10113,attack,105,1,False
10113,defense,75,0,False
10113,special-attack,65,0,False
10113,special-defense,100,0,False
10113,speed,50,0,False
10114,hp,95,0,False
10114,attack,105,0,False
10114,defense,85,0,False
10114,special-attack,125,2,False
10114,special-defense,75,0,False
10114,speed,45,0,False
10115,hp,60,0,False
10115,attack,80,0,False
10115,defense,110,2,False
10115,special-attack,50,0,False
10115,special-defense,80,0,False
10115,speed,45,0,False
10116,hp,72,0,False
10116,attack,95,0,False
10116,defense,67,0,False
10116,special-attack,103,0,False
10116,special-defense,71,0,False
10116,speed,122,3,False
10117,hp,72,0,False
10117,attack,145,0,False
10117,defense,67,0,False
10117,special-attack,153,0,False
10117,special-defense,71,0,False
10117,speed,132,3,False
10118,hp,54,3,False
10118,attack,100,0,False
10118,defense,71,0,False
10118,special-attack,61,0,False
10118,special-defense,85,0,False
10118,speed,115,0,False
10119,hp,108,3,False
10119,attack,100,0,False
10119,defense,121,0,False
10119,special-attack,81,0,False
10119,special-defense,95,0,False
10119,speed,95,0,False
10120,hp,216,3,False
10120,attack,100,0,False
10120,defense,121,0,False
10120,special-attack,91,0,False
10120,special-defense,95,0,False
10120,speed,85,0,False
10121,hp,88,0,False
10121,attack,110,2,False
10121,defense,60,0,False
10121,special-attack,55,0,False
10121,special-defense,60,0,False
10121,speed,45,0,False
10122,hp,77,0,False
10122,attack,70,0,False
10122,defense,90,0,False
10122,special-attack,145,3,False
10122,special-defense,75,0,False
10122,speed,43,0,False
10123,hp,75,0,False
10123,attack,70,0,False
10123,defense,70,0,False
10123,special-attack,98,2,False
10123,special-defense,70,0,False
10123,speed,93,0,False
10124,hp,75,0,False
10124,attack,70,0,False
10124,defense,70,0,False
10124,special-attack,98,2,False
10124,special-defense,70,0,False
10124,speed,93,0,False
10125,hp,75,0,False
10125,attack,70,0,False
10125,defense,70,0,False
10125,special-attack,98,2,False
10125,special-defense,70,0,False
10125,speed,93,0,False
10126,hp,85,0,False
10126,attack,115,2,False
10126,defense,75,0,False
10126,special-attack,55,0,False
10126,special-defense,75,0,False
10126,speed,82,0,False
10127,hp,45,1,False
10127,attack,140,0,False
10127,defense,130,0,False
10127,special-attack,140,0,False
10127,special-defense,135,0,False
10127,speed,30,0,False
10128,hp,70,0,False
10128,attack,105,2,False
10128,defense,90,0,False
10128,special-attack,80,0,False
10128,special-defense,90,0,False
10128,speed,45,0,False
10129,hp,68,0,False
10129,attack,64,0,False
10129,defense,60,0,False
10129,special-attack,111,0,False
10129,special-defense,60,0,False
10129,speed,117,2,False
10130,hp,60,0,False
10130,attack,60,0,False
10130,defense,100,1,False
10130,special-attack,60,0,False
10130,special-defense,100,1,False
10130,speed,60,0,False
10131,hp,60,0,False
10131,attack,60,0,False
10131,defense,100,1,False
10131,special-attack,60,0,False
10131,special-defense,100,1,False
10131,speed,60,0,False
10132,hp,60,0,False
10132,attack,60,0,False
10132,defense,100,1,False
10132,special-attack,60,0,False
10132,special-defense,100,1,False
10132,speed,60,0,False
10133,hp,60,0,False
10133,attack,60,0,False
10133,defense,100,1,False
10133,special-attack,60,0,False
10133,special-defense,100,1,False
10133,speed,60,0,False
10134,hp,60,0,False
10134,attack,60,0,False
10134,defense,100,1,False
10134,special-attack,60,0,False
10134,special-defense,100,1,False
10134,speed,60,0,False
10135,hp,60,0,False
10135,attack,60,0,False
10135,defense,100,1,False
10135,special-attack,60,0,False
10135,special-defense,100,1,False
10135,speed,60,0,False
10136,hp,60,0,False
10136,attack,100,1,False
10136,defense,60,0,False
10136,special-attack,100,1,False
10136,special-defense,60,0,False
10136,speed,120,0,False
10137,hp,60,0,False
10137,attack,100,1,False
10137,defense,60,0,False
10137,special-attack,100,1,False
10137,special-defense,60,0,False
10137,speed,120,0,False
10138,hp,60,0,False
10138,attack,100,1,False
10138,defense,60,0,False
10138,special-attack,100,1,False
10138,special-defense,60,0,False
10138,speed,120,0,False
10139,hp,60,0,False
10139,attack,100,1,False
10139,defense,60,0,False
10139,special-attack,100,1,False
10139,special-defense,60,0,False
10139,speed,120,0,False
10140,hp,60,0,False
10140,attack,100,1,False
10140,defense,60,0,False
10140,special-attack,100,1,False
10140,special-defense,60,0,False
10140,speed,120,0,False
10141,hp,60,0,False
10141,attack,100,1,False
10141,defense,60,0,False
10141,special-attack,100,1,False
10141,special-defense,60,0,False
10141,speed,120,0,False
10142,hp,60,0,False
10142,attack,100,1,False
10142,defense,60,0,False
10142,special-attack,100,1,False
10142,special-defense,60,0,False
10142,speed,120,0,False
10143,hp,55,0,False
10143,attack,90,0,False
10143,defense,80,0,False
10143,special-attack,50,0,False
10143,special-defense,105,2,False
10143,speed,96,0,False
10144,hp,55,0,False
10144,attack,90,0,False
10144,defense,80,0,False
10144,special-attack,50,0,False
10144,special-defense,105,2,False
10144,speed,96,0,False
10145,hp,55,0,False
10145,attack,90,0,False
10145,defense,80,0,False
10145,special-attack,50,0,False
10145,special-defense,105,2,False
10145,speed,96,0,False
10146,hp,75,0,False
10146,attack,110,0,False
10146,defense,125,3,False
10146,special-attack,100,0,False
10146,special-defense,105,0,False
10146,speed,85,0,False
10147,hp,80,0,False
10147,attack,95,0,False
10147,defense,115,0,False
10147,special-attack,130,3,False
10147,special-defense,115,0,False
10147,speed,65,0,False
10148,hp,35,0,False
10148,attack,55,0,False
10148,defense,40,0,False
10148,special-attack,50,0,False
10148,special-defense,50,0,False
10148,speed,90,2,False
10149,hp,60,0,False
10149,attack,80,0,False
10149,defense,110,2,False
10149,special-attack,50,0,False
10149,special-defense,80,0,False
10149,speed,45,0,False
10150,hp,60,0,False
10150,attack,55,0,False
10150,defense,60,0,False
10150,special-attack,95,0,False
10150,special-defense,70,0,False
10150,speed,124,2,False
10151,hp,45,0,False
10151,attack,65,1,False
10151,defense,40,0,False
10151,special-attack,30,0,False
10151,special-defense,40,0,False
10151,speed,60,0,False
10152,hp,75,0,False
10152,attack,117,2,False
10152,defense,65,0,False
10152,special-attack,55,0,False
10152,special-defense,65,0,False
10152,speed,110,0,False
10153,hp,68,0,False
10153,attack,70,0,False
10153,defense,92,0,False
10153,special-attack,50,0,False
10153,special-defense,132,2,False
10153,speed,42,0,False
10154,hp,65,0,False
10154,attack,98,2,False
10154,defense,63,0,False
10154,special-attack,40,0,False
10154,special-defense,73,0,False
10154,speed,96,0,False
10155,hp,97,0,False
10155,attack,157,3,False
10155,defense,127,0,False
10155,special-attack,113,0,False
10155,special-defense,109,0,False
10155,speed,77,0,False
10156,hp,97,0,False
10156,attack,113,0,False
10156,defense,109,0,False
10156,special-attack,157,3,False
10156,special-defense,127,0,False
10156,speed,77,0,False
10157,hp,97,0,False
10157,attack,167,1,False
10157,defense,97,0,False
10157,special-attack,167,1,False
10157,special-defense,97,0,False
10157,speed,129,1,False
10158,hp,45,0,False
10158,attack,80,0,False
10158,defense,50,0,False
10158,special-attack,75,0,False
10158,special-defense,60,0,False
10158,speed,120,2,False
10159,hp,65,0,False
10159,attack,75,0,False
10159,defense,70,0,False
10159,special-attack,65,0,False
10159,special-defense,85,1,False
10159,speed,75,0,False
10160,hp,35,0,False
10160,attack,55,0,False
10160,defense,40,0,False
10160,special-attack,50,0,False
10160,special-defense,50,0,False
10160,speed,90,2,False
10161,hp,50,0,False
10161,attack,65,1,False
10161,defense,55,0,False
10161,special-attack,40,0,False
10161,special-defense,40,0,False
10161,speed,40,0,False
10162,hp,50,0,False
10162,attack,85,0,False
10162,defense,55,0,False
10162,special-attack,65,0,False
10162,special-defense,65,0,False
10162,speed,90,1,False
10163,hp,65,0,False
10163,attack,100,0,False
10163,defense,70,0,False
10163,special-attack,80,0,False
10163,special-defense,80,0,False
10163,speed,105,2,False
10164,hp,90,1,False
10164,attack,65,0,False
10164,defense,65,0,False
10164,special-attack,40,0,False
10164,special-defense,40,0,False
10164,speed,15,0,False
10165,hp,95,0,False
10165,attack,100,2,False
10165,defense,95,0,False
10165,special-attack,100,0,False
10165,special-defense,70,0,False
10165,speed,30,0,False
10166,hp,52,0,False
10166,attack,95,1,False
10166,defense,55,0,False
10166,special-attack,58,0,False
10166,special-defense,62,0,False
10166,speed,55,0,False
10167,hp,65,0,False
10167,attack,90,0,False
10167,defense,120,2,False
10167,special-attack,85,0,False
10167,special-defense,70,0,False
10167,speed,60,0,False
10168,hp,50,0,False
10168,attack,65,0,False
10168,defense,65,0,False
10168,special-attack,90,0,False
10168,special-defense,90,0,False
10168,speed,100,2,False
10169,hp,90,0,False
10169,attack,85,0,False
10169,defense,85,0,False
10169,special-attack,125,3,False
10169,special-defense,100,0,False
10169,speed,95,0,False
10170,hp,90,0,False
10170,attack,125,3,False
10170,defense,90,0,False
10170,special-attack,85,0,False
10170,special-defense,90,0,False
10170,speed,100,0,False
10171,hp,90,0,False
10171,attack,85,0,False
10171,defense,90,0,False
10171,special-attack,100,0,False
10171,special-defense,125,3,False
10171,speed,90,0,False
10172,hp,95,0,False
10172,attack,65,0,False
10172,defense,80,0,False
10172,special-attack,110,0,False
10172,special-defense,110,2,False
10172,speed,30,0,False
10173,hp,60,0,False
10173,attack,55,0,False
10173,defense,100,0,False
10173,special-attack,65,0,False
10173,special-defense,100,1,False
10173,speed,30,0,False
10174,hp,38,0,False
10174,attack,30,0,False
10174,defense,41,0,False
10174,special-attack,30,0,False
10174,special-defense,41,0,False
10174,speed,60,1,False
10175,hp,78,0,False
10175,attack,70,0,False
10175,defense,61,0,False
10175,special-attack,50,0,False
10175,special-defense,61,0,False
10175,speed,100,2,False
10176,hp,70,0,False
10176,attack,90,1,False
10176,defense,45,0,False
10176,special-attack,15,0,False
10176,special-defense,45,0,False
10176,speed,50,0,False
10177,hp,105,0,False
10177,attack,140,2,False
10177,defense,55,0,False
10177,special-attack,30,0,False
10177,special-defense,55,0,False
10177,speed,95,0,False
10178,hp,105,0,False
10178,attack,160,0,False
10178,defense,55,0,False
10178,special-attack,30,2,False
10178,special-defense,55,0,False
10178,speed,135,0,False
10179,hp,38,0,False
10179,attack,55,0,False
10179,defense,85,1,False
10179,special-attack,30,0,False
10179,special-defense,65,0,False
10179,speed,30,0,False
10180,hp,109,2,False
10180,attack,81,0,False
10180,defense,99,0,False
10180,special-attack,66,0,False
10180,special-defense,84,0,False
10180,speed,32,0,False
10181,hp,54,3,False
10181,attack,100,0,False
10181,defense,71,0,False
10181,special-attack,61,0,False
10181,special-defense,85,0,False
10181,speed,115,0,False
10182,hp,70,0,False
10182,attack,85,0,False
10182,defense,55,0,False
10182,special-attack,85,0,False
10182,special-defense,95,2,False
10182,speed,85,0,False
10183,hp,70,0,False
10183,attack,85,0,False
10183,defense,55,0,False
10183,special-attack,85,0,False
10183,special-defense,95,2,False
10183,speed,85,0,False
10184,hp,75,0,False
10184,attack,98,0,False
10184,defense,70,0,False
10184,special-attack,114,2,False
10184,special-defense,70,0,False
10184,speed,75,0,False
10185,hp,75,0,False
10185,attack,80,0,False
10185,defense,70,2,False
10185,special-attack,65,0,False
10185,special-defense,50,0,False
10185,speed,130,0,False
10186,hp,70,0,False
10186,attack,55,0,False
10186,defense,65,0,False
10186,special-attack,95,0,False
10186,special-defense,105,2,False
10186,speed,85,0,False
10187,hp,58,0,False
10187,attack,95,0,False
10187,defense,58,0,False
10187,special-attack,70,0,False
10187,special-defense,58,0,False
10187,speed,97,2,False
10188,hp,92,0,False
10188,attack,150,0,False
10188,defense,115,0,False
10188,special-attack,80,0,False
10188,special-defense,115,0,False
10188,speed,148,3,False
10189,hp,92,0,False
10189,attack,120,0,False
10189,defense,140,0,False
10189,special-attack,80,0,False
10189,special-defense,140,0,False
10189,speed,128,3,False
10190,hp,255,3,False
10190,attack,115,0,False
10190,defense,250,0,False
10190,special-attack,125,0,False
10190,special-defense,250,0,False
10190,speed,130,0,False
10191,hp,100,0,False
10191,attack,130,3,False
10191,defense,100,0,False
10191,special-attack,63,0,False
10191,special-defense,60,0,False
10191,speed,97,0,False
10192,hp,105,0,False
10192,attack,120,3,False
10192,defense,105,0,False
10192,special-attack,70,0,False
10192,special-defense,95,0,False
10192,speed,105,0,False
10193,hp,100,0,False
10193,attack,165,3,False
10193,defense,150,0,False
10193,special-attack,85,0,False
10193,special-defense,130,0,False
10193,speed,50,0,False
10194,hp,100,0,False
10194,attack,85,0,False
10194,defense,80,0,False
10194,special-attack,165,3,False
10194,special-defense,100,0,False
10194,speed,150,0,False
10195,hp,80,0,False
10195,attack,82,0,False
10195,defense,83,0,False
10195,special-attack,100,2,False
10195,special-defense,100,1,False
10195,speed,80,0,False
10196,hp,78,0,False
10196,attack,84,0,False
10196,defense,78,0,False
10196,special-attack,109,3,False
10196,special-defense,85,0,False
10196,speed,100,0,False
10197,hp,79,0,False
10197,attack,83,0,False
10197,defense,100,0,False
10197,special-attack,85,0,False
10197,special-defense,105,3,False
10197,speed,78,0,False
10198,hp,60,0,False
10198,attack,45,0,False
10198,defense,50,0,False
10198,special-attack,90,2,False
10198,special-defense,80,1,False
10198,speed,70,0,False
10199,hp,35,0,False
10199,attack,55,0,False
10199,defense,40,0,False
10199,special-attack,50,0,False
10199,special-defense,50,0,False
10199,speed,90,2,False
10200,hp,40,0,False
10200,attack,45,0,False
10200,defense,35,0,False
10200,special-attack,40,0,False
10200,special-defense,40,0,False
10200,speed,90,1,False
10201,hp,90,0,False
10201,attack,130,3,False
10201,defense,80,0,False
10201,special-attack,65,0,False
10201,special-defense,85,0,False
10201,speed,55,0,False
10202,hp,60,0,False
10202,attack,65,0,False
10202,defense,60,0,False
10202,special-attack,130,3,False
10202,special-defense,75,0,False
10202,speed,110,0,False
10203,hp,55,0,False
10203,attack,130,2,False
10203,defense,115,0,False
10203,special-attack,50,0,False
10203,special-defense,50,0,False
10203,speed,75,0,False
10204,hp,130,2,False
10204,attack,85,0,False
10204,defense,80,0,False
10204,special-attack,85,0,False
10204,special-defense,95,0,False
10204,speed,60,0,False
10205,hp,55,0,False
10205,attack,55,0,False
10205,defense,50,0,False
10205,special-attack,45,0,False
10205,special-defense,65,1,False
10205,speed,55,0,False
10206,hp,160,2,False
10206,attack,110,0,False
10206,defense,65,0,False
10206,special-attack,65,0,False
10206,special-defense,110,0,False
10206,speed,30,0,False
10207,hp,80,0,False
10207,attack,95,2,False
10207,defense,82,0,False
10207,special-attack,60,0,False
10207,special-defense,82,0,False
10207,speed,75,0,False
10208,hp,135,0,False
10208,attack,143,3,False
10208,defense,143,0,False
10208,special-attack,80,0,False
10208,special-defense,65,0,False
10208,speed,34,0,False
10209,hp,100,0,False
10209,attack,125,3,False
10209,defense,90,0,False
10209,special-attack,60,0,False
10209,special-defense,70,0,False
10209,speed,85,0,False
10210,hp,80,0,False
10210,attack,116,0,False
10210,defense,75,0,False
10210,special-attack,65,0,False
10210,special-defense,75,0,False
10210,speed,119,3,False
10211,hp,70,0,False
10211,attack,85,0,False
10211,defense,65,0,False
10211,special-attack,125,0,False
10211,special-defense,65,0,False
10211,speed,120,3,False
10212,hp,98,0,False
10212,attack,87,0,False
10212,defense,105,3,False
10212,special-attack,53,0,False
10212,special-defense,85,0,False
10212,speed,67,0,False
10213,hp,60,0,False
10213,attack,45,0,False
10213,defense,110,0,False
10213,special-attack,80,0,False
10213,special-defense,120,3,False
10213,speed,90,0,False
10214,hp,90,0,False
10214,attack,115,2,False
10214,defense,90,0,False
10214,special-attack,48,0,False
10214,special-defense,68,0,False
10214,speed,74,0,False
10215,hp,110,0,False
10215,attack,80,0,False
10215,defense,120,3,False
10215,special-attack,80,0,False
10215,special-defense,90,0,False
10215,speed,30,0,False
10216,hp,70,0,False
10216,attack,110,2,False
10216,defense,80,0,False
10216,special-attack,95,0,False
10216,special-defense,60,0,False
10216,speed,70,0,False
10217,hp,110,2,False
10217,attack,85,0,False
10217,defense,80,0,False
10217,special-attack,100,0,False
10217,special-defense,80,0,False
10217,speed,30,0,False
10218,hp,72,0,False
10218,attack,107,0,False
10218,defense,125,2,False
10218,special-attack,65,0,False
10218,special-defense,70,0,False
10218,speed,71,0,False
10219,hp,75,0,False
10219,attack,98,0,False
10219,defense,70,0,False
10219,special-attack,114,2,False
10219,special-defense,70,0,False
10219,speed,75,0,False
10220,hp,100,0,False
10220,attack,115,2,False
10220,defense,65,0,False
10220,special-attack,90,0,False
10220,special-defense,90,0,False
10220,speed,65,0,False
10221,hp,57,0,False
10221,attack,90,0,False
10221,defense,95,0,False
10221,special-attack,136,3,False
10221,special-defense,103,0,False
10221,speed,29,0,False
10222,hp,95,0,False
10222,attack,120,3,False
10222,defense,65,0,False
10222,special-attack,95,0,False
10222,special-defense,75,0,False
10222,speed,60,0,False
10223,hp,65,0,False
10223,attack,60,0,False
10223,defense,75,0,False
10223,special-attack,110,0,False
10223,special-defense,121,2,False
10223,speed,64,0,False
10224,hp,122,0,False
10224,attack,130,2,False
10224,defense,69,0,False
10224,special-attack,80,0,False
10224,special-defense,69,0,False
10224,speed,30,0,False
10225,hp,70,0,False
10225,attack,95,0,False
10225,defense,115,0,False
10225,special-attack,120,2,False
10225,special-defense,50,0,False
10225,speed,85,0,False
10226,hp,100,0,False
10226,attack,130,3,False
10226,defense,100,0,False
10226,special-attack,63,0,False
10226,special-defense,60,0,False
10226,speed,97,0,False
10227,hp,100,0,False
10227,attack,130,3,False
10227,defense,100,0,False
10227,special-attack,63,0,False
10227,special-defense,60,0,False
10227,speed,97,0,False
10228,hp,75,0,False
10228,attack,98,0,False
10228,defense,70,0,False
10228,special-attack,114,2,False
10228,special-defense,70,0,False
10228,speed,75,0,False
10229,hp,60,0,False
10229,attack,75,1,False
10229,defense,45,0,False
10229,special-attack,65,0,False
10229,special-defense,50,0,False
10229,speed,55,0,False
10230,hp,95,0,False
10230,attack,115,2,False
10230,defense,80,0,False
10230,special-attack,95,0,False
10230,special-defense,80,0,False
10230,speed,90,0,False
10231,hp,40,0,False
10231,attack,30,0,False
10231,defense,50,0,False
10231,special-attack,55,0,False
10231,special-defense,55,0,False
10231,speed,100,1,False
10232,hp,60,0,False
10232,attack,50,0,False
10232,defense,70,0,False
10232,special-attack,80,0,False
10232,special-defense,80,0,False
10232,speed,150,2,False
10233,hp,73,0,False
10233,attack,84,0,False
10233,defense,78,0,False
10233,special-attack,119,3,False
10233,special-defense,85,0,False
10233,speed,95,0,False
10234,hp,65,0,False
10234,attack,95,1,False
10234,defense,85,0,False
10234,special-attack,55,0,False
10234,special-defense,55,0,False
10234,speed,85,0,False
10235,hp,55,0,False
10235,attack,95,0,False
10235,defense,55,0,False
10235,special-attack,35,0,False
10235,special-defense,75,0,False
10235,speed,115,1,False
10236,hp,90,0,False
10236,attack,108,0,False
10236,defense,80,0,False
10236,special-attack,100,3,False
10236,special-defense,65,0,False
10236,speed,85,0,False
10237,hp,70,0,False
10237,attack,105,0,False
10237,defense,75,0,False
10237,special-attack,50,2,False
10237,special-defense,75,0,False
10237,speed,105,0,False
10238,hp,35,0,False
10238,attack,60,0,False
10238,defense,40,0,False
10238,special-attack,85,1,False
10238,special-defense,40,0,False
10238,speed,70,0,False
10239,hp,55,0,False
10239,attack,100,0,False
10239,defense,60,0,False
10239,special-attack,125,2,False
10239,special-defense,60,0,False
10239,speed,110,0,False
10240,hp,110,0,False
10240,attack,83,2,False
10240,defense,70,0,False
10240,special-attack,112,0,False
10240,special-defense,70,0,False
10240,speed,65,0,False
10241,hp,58,0,False
10241,attack,75,0,False
10241,defense,83,0,False
10241,special-attack,83,0,False
10241,special-defense,113,2,False
10241,speed,40,0,False
10242,hp,80,0,False
10242,attack,100,0,False
10242,defense,100,0,False
10242,special-attack,110,0,False
10242,special-defense,150,3,False
10242,speed,60,0,False
10243,hp,95,0,False
10243,attack,127,0,False
10243,defense,184,2,False
10243,special-attack,34,0,False
10243,special-defense,36,0,False
10243,speed,38,0,False
10244,hp,88,0,False
10244,attack,112,3,False
10244,defense,80,0,False
10244,special-attack,95,0,False
10244,special-defense,95,0,False
10244,speed,60,0,False
10245,hp,100,0,False
10245,attack,100,0,False
10245,defense,120,0,False
10245,special-attack,150,3,False
10245,special-defense,120,0,False
10245,speed,90,0,False
10246,hp,90,0,False
10246,attack,100,0,False
10246,defense,100,0,False
10246,special-attack,150,3,False
10246,special-defense,120,0,False
10246,speed,120,0,False
10247,hp,70,0,False
10247,attack,92,0,False
10247,defense,65,0,False
10247,special-attack,80,0,False
10247,special-defense,55,0,False
10247,speed,98,2,False
10248,hp,120,2,False
10248,attack,92,0,False
10248,defense,65,0,False
10248,special-attack,100,0,False
10248,special-defense,75,0,False
10248,speed,78,0,False
10249,hp,74,0,False
10249,attack,115,3,False
10249,defense,110,0,False
10249,special-attack,135,0,False
10249,special-defense,100,0,False
10249,speed,46,0,False
10250,hp,75,0,False
10250,attack,110,2,False
10250,defense,105,0,False
10250,special-attack,30,0,False
10250,special-defense,70,0,False
10250,speed,100,0,False
10251,hp,75,0,False
10251,attack,110,2,False
10251,defense,105,0,False
10251,special-attack,30,0,False
10251,special-defense,70,0,False
10251,speed,100,0,False
10252,hp,75,0,False
10252,attack,110,2,False
10252,defense,105,0,False
10252,special-attack,30,0,False
10252,special-defense,70,0,False
10252,speed,100,0,False
10253,hp,55,1,False
10253,attack,45,0,False
10253,defense,45,0,False
10253,special-attack,25,0,False
10253,special-defense,25,0,False
10253,speed,15,0,False
10254,hp,115,2,False
10254,attack,90,0,False
10254,defense,70,0,False
10254,special-attack,59,0,False
10254,special-defense,90,0,False
10254,speed,65,0,False
10255,hp,125,2,False
10255,attack,100,0,False
10255,defense,80,0,False
10255,special-attack,85,0,False
10255,special-defense,75,0,False
10255,speed,55,0,False
10256,hp,100,2,False
10256,attack,160,0,False
10256,defense,97,0,False
10256,special-attack,106,0,False
10256,special-defense,87,0,False
10256,speed,100,0,False
10257,hp,74,0,False
10257,attack,75,0,False
10257,defense,70,0,False
10257,special-attack,65,0,False
10257,special-defense,75,0,False
10257,speed,111,2,False
10258,hp,68,0,False
10258,attack,50,0,False
10258,defense,60,0,False
10258,special-attack,120,2,False
10258,special-defense,95,0,False
10258,speed,82,0,False
10259,hp,68,0,False
10259,attack,50,0,False
10259,defense,60,0,False
10259,special-attack,120,2,False
10259,special-defense,95,0,False
10259,speed,82,0,False
10260,hp,82,0,False
10260,attack,96,1,False
10260,defense,51,0,False
10260,special-attack,45,0,False
10260,special-defense,51,0,False
10260,speed,92,0,False
10261,hp,82,0,False
10261,attack,96,1,False
10261,defense,51,0,False
10261,special-attack,45,0,False
10261,special-defense,51,0,False
10261,speed,92,0,False
10262,hp,82,0,False
10262,attack,96,1,False
10262,defense,51,0,False
10262,special-attack,45,0,False
10262,special-defense,51,0,False
10262,speed,92,0,False
10263,hp,45,0,False
10263,attack,30,0,False
10263,defense,25,0,False
10263,special-attack,75,1,False
10263,special-defense,45,0,False
10263,speed,80,0,False
10264,hp,100,0,False
10264,attack,135,3,False
10264,defense,115,0,False
10264,special-attack,85,0,False
10264,special-defense,100,0,False
10264,speed,135,0,False
10265,hp,100,0,False
10265,attack,135,3,False
10265,defense,115,0,False
10265,special-attack,85,0,False
10265,special-defense,100,0,False
10265,speed,135,0,False
10266,hp,100,0,False
10266,attack,135,3,False
10266,defense,115,0,False
10266,special-attack,85,0,False
10266,special-defense,100,0,False
10266,speed,135,0,False
10267,hp,100,0,False
10267,attack,135,3,False
10267,defense,115,0,False
10267,special-attack,85,0,False
10267,special-defense,100,0,False
10267,speed,135,0,False
10268,hp,100,0,False
10268,attack,85,0,False
10268,defense,100,0,False
10268,special-attack,135,3,False
10268,special-defense,115,0,False
10268,speed,135,0,False
10269,hp,100,0,False
10269,attack,85,0,False
10269,defense,100,0,False
10269,special-attack,135,3,False
10269,special-defense,115,0,False
10269,speed,135,0,False
10270,hp,100,0,False
10270,attack,85,0,False
10270,defense,100,0,False
10270,special-attack,135,3,False
10270,special-defense,115,0,False
10270,speed,135,0,False
10271,hp,100,0,False
10271,attack,85,0,False
10271,defense,100,0,False
10271,special-attack,135,3,False
10271,special-defense,115,0,False
10271,speed,135,0,False
10272,hp,113,0,False
10272,attack,70,3,False
10272,defense,120,0,False
10272,special-attack,135,0,False
10272,special-defense,65,0,False
10272,speed,52,0,False
10273,hp,80,0,False
10273,attack,120,3,False
10273,defense,84,0,False
10273,special-attack,60,0,False
10273,special-defense,96,0,False
10273,speed,110,0,False
10274,hp,80,0,False
10274,attack,120,3,False
10274,defense,84,0,False
10274,special-attack,60,0,False
10274,special-defense,96,0,False
10274,speed,110,0,False
10275,hp,80,0,False
10275,attack,120,3,False
10275,defense,84,0,False
10275,special-attack,60,0,False
10275,special-defense,96,0,False
10275,speed,110,0,False
10276,hp,95,0,False
10276,attack,95,0,False
10276,defense,110,2,False
10276,special-attack,105,0,False
10276,special-defense,110,2,False
10276,speed,85,0,False
10277,hp,160,3,False
10277,attack,105,0,False
10277,defense,110,0,False
10277,special-attack,130,0,False
10277,special-defense,110,0,False
10277,speed,85,0,False